gait,standing,sitting
-0.000800,-0.000800,0.004500
-0.000800,0.000700,0.002200
-0.003000,0.000000,0.000000
-0.002300,-0.001500,0.001500
-0.001500,0.001500,0.000000
-0.001500,0.004500,-0.001500
-0.001500,0.004500,-0.001500
-0.003000,0.004500,0.001500
-0.000800,0.002200,0.002200
-0.001500,0.003000,0.001500
-0.003800,0.005200,0.000700
-0.004600,0.003700,-0.001500
-0.005300,0.003000,0.000700
-0.003000,0.002200,0.001500
-0.002300,0.003000,0.003700
-0.001500,-0.000800,0.006000
-0.000800,0.000000,0.007500
0.000000,0.000700,0.006000
0.000700,0.001500,0.003000
0.002200,0.000700,0.003000
0.001500,-0.002300,0.003700
-0.001500,-0.003800,0.004500
-0.003000,-0.003800,0.003000
-0.004600,-0.002300,0.003700
-0.004600,-0.001500,0.003000
-0.005300,-0.001500,0.003000
-0.005300,-0.002300,0.004500
-0.005300,-0.003800,0.004500
-0.003800,-0.002300,0.004500
-0.001500,-0.000800,0.003700
-0.001500,-0.000800,0.000700
-0.001500,-0.000800,-0.000800
-0.001500,-0.000800,-0.000800
0.000700,-0.002300,-0.000800
0.002200,-0.003000,-0.000800
0.002200,-0.000800,-0.001500
0.001500,-0.000800,-0.001500
0.001500,-0.000800,-0.002300
0.000000,0.000700,-0.001500
-0.000800,0.001500,-0.003000
0.000700,0.003700,-0.003000
0.003000,0.001500,-0.003000
0.000700,0.000700,-0.003000
0.000700,0.003000,-0.000800
-0.000800,0.006700,-0.001500
-0.000800,0.005200,-0.003800
0.003000,0.002200,-0.003800
0.006000,0.000700,-0.002300
0.005200,0.001500,-0.001500
0.002200,0.004500,-0.000800
0.002200,0.003000,0.000700
0.001500,0.003700,0.001500
0.003000,0.005200,0.001500
0.006000,0.006700,0.001500
0.004500,0.005200,-0.000800
0.003000,0.004500,0.000700
0.004500,0.003700,0.002200
0.005200,0.001500,0.001500
0.003700,0.001500,0.003000
0.003000,0.001500,0.003000
0.003000,-0.000800,0.003000
0.000700,-0.001500,0.000700
0.000700,-0.002300,-0.001500
0.000000,-0.003000,-0.002300
0.000000,-0.002300,-0.003800
-0.000800,-0.000800,-0.001500
-0.000800,-0.001500,-0.000800
0.000700,-0.003000,-0.000800
0.001500,-0.005300,-0.003000
0.002200,-0.006000,-0.001500
0.001500,-0.005300,-0.000800
0.001500,-0.005300,-0.002300
0.003000,-0.006800,-0.000800
0.001500,-0.005300,-0.000800
0.000000,-0.003000,-0.001500
0.001500,-0.001500,-0.000800
0.001500,0.000700,-0.001500
0.000700,0.002200,-0.004600
0.000700,0.002200,-0.005300
0.001500,0.002200,-0.003000
0.000700,0.002200,-0.002300
-0.003000,0.000700,0.000700
-0.006000,-0.000800,0.001500
-0.006800,0.000700,0.000700
-0.006800,0.000700,0.001500
-0.005300,0.000700,0.002200
-0.002300,0.000700,0.002200
0.000700,-0.000800,0.002200
0.000700,-0.000800,0.002200
-0.000800,0.001500,0.001500
-0.001500,0.000700,0.002200
-0.000800,0.003000,0.004500
0.000000,0.004500,0.005200
-0.001500,0.002200,0.005200
-0.000800,0.001500,0.003700
0.000700,0.001500,0.000700
-0.001500,0.001500,0.000000
-0.001500,0.003000,-0.000800
-0.000800,0.003000,-0.000800
0.000700,0.001500,0.001500
-0.002300,-0.000800,0.000700
-0.003000,-0.001500,0.003000
-0.000800,-0.001500,0.001500
0.000000,-0.002300,0.001500
0.000700,-0.003000,0.000700
0.001500,-0.002300,0.000700
0.000700,-0.000800,0.000000
0.000700,-0.001500,0.000000
0.001500,-0.003000,0.000000
0.002200,-0.002300,-0.001500
0.003000,-0.003000,-0.000800
-0.000800,-0.001500,0.000700
-0.000800,-0.003000,-0.000800
-0.001500,-0.004600,-0.001500
-0.003000,-0.003800,-0.003000
-0.003000,-0.003800,-0.000800
-0.003800,-0.003000,-0.001500
-0.004600,-0.001500,-0.000800
-0.001500,-0.000800,0.000000
-0.000800,-0.001500,0.000700
-0.000800,-0.003000,0.001500
-0.000800,-0.001500,0.000700
-0.001500,0.000700,0.001500
-0.001500,0.001500,0.000700
-0.000800,0.000700,0.001500
-0.001500,0.000700,0.000700
-0.001500,0.000700,-0.003000
0.000000,0.000700,-0.004600
0.000700,-0.000800,-0.006800
0.001500,-0.001500,-0.006800
0.001500,0.001500,-0.006000
-0.000800,0.003000,-0.005300
0.000000,0.003000,-0.005300
0.002200,0.002200,-0.005300
0.002200,0.001500,-0.006000
0.003000,0.001500,-0.006000
0.003700,0.003000,-0.005300
0.005200,0.002200,-0.003000
0.003700,0.000700,-0.002300
0.001500,0.003700,-0.000800
-0.002300,0.003700,0.000000
-0.003000,0.001500,-0.001500
-0.001500,0.002200,-0.002300
-0.000800,0.000700,-0.001500
-0.000800,0.000700,0.000700
-0.001500,0.001500,0.000700
-0.000800,0.002200,0.003000
0.000700,0.002200,0.001500
0.001500,0.003700,0.000700
0.001500,0.004500,0.000000
0.003000,0.001500,0.000000
0.001500,-0.001500,0.000700
0.003700,-0.000800,-0.000800
0.005200,-0.000800,0.000000
0.003000,-0.001500,0.000700
0.003000,0.000700,0.003700
0.002200,0.000000,0.004500
0.003000,-0.000800,0.003000
0.006700,-0.002300,0.004500
0.005200,-0.002300,0.003000
0.003700,-0.001500,0.003000
0.001500,-0.003000,0.004500
-0.000800,-0.001500,0.003700
-0.000800,-0.002300,0.003000
-0.000800,-0.002300,0.000700
-0.001500,-0.002300,-0.000800
-0.003800,-0.003000,0.001500
-0.001500,-0.003000,0.003000
-0.003000,-0.001500,0.004500
-0.003000,0.000700,0.003700
-0.001500,-0.001500,0.003000
-0.001500,-0.001500,0.003700
-0.003000,-0.003000,0.000700
-0.001500,-0.001500,-0.001500
-0.002300,-0.001500,-0.001500
-0.003000,-0.004600,-0.000800
-0.001500,-0.003000,-0.000800
-0.001500,-0.001500,-0.000800
-0.000800,-0.000800,-0.001500
-0.000800,-0.000800,-0.002300
-0.000800,-0.000800,-0.001500
-0.000800,0.000700,-0.001500
-0.000800,0.000700,0.000000
-0.001500,0.000700,0.001500
-0.000800,0.000000,0.002200
-0.001500,-0.001500,0.003000
0.000700,0.000700,0.000000
0.004500,0.001500,-0.002300
0.006000,0.001500,-0.001500
0.004500,0.001500,0.000000
0.001500,0.000000,0.002200
0.000000,-0.000800,0.004500
0.000700,0.003000,0.004500
-0.000800,0.003700,0.004500
-0.000800,0.001500,0.001500
-0.001500,-0.001500,-0.003000
-0.002300,-0.003000,-0.004600
-0.002300,-0.003000,-0.004600
-0.004600,-0.000800,-0.003000
-0.004600,0.002200,-0.003000
-0.001500,0.003000,-0.001500
-0.002300,0.005200,-0.000800
-0.004600,0.006000,-0.001500
-0.003800,0.006700,-0.001500
-0.003000,0.006700,-0.001500
-0.003800,0.003000,-0.003800
-0.003800,0.001500,-0.004600
-0.001500,-0.000800,-0.006800
-0.003000,-0.000800,-0.005300
-0.001500,-0.000800,-0.004600
0.003000,-0.005300,-0.005300
0.004500,-0.005300,-0.002300
0.005200,-0.004600,-0.001500
0.004500,-0.002300,0.003000
0.003700,-0.003000,0.006700
0.000700,-0.003000,0.004500
0.000000,-0.000800,0.006700
0.000700,-0.002300,0.006000
0.000700,0.000700,0.004500
0.000700,0.001500,0.004500
0.000700,0.001500,0.003000
0.000000,0.000700,0.003000
-0.001500,0.000700,0.004500
-0.001500,0.003000,0.008200
0.000000,0.000700,0.009000
0.002200,0.000000,0.010500
0.003000,0.000000,0.007500
0.002200,-0.000800,0.003000
0.001500,0.000000,0.000700
0.001500,0.000000,-0.000800
0.000700,0.000700,-0.000800
0.001500,0.000700,-0.001500
0.000700,0.000700,-0.003000
0.001500,0.000700,-0.005300
0.004500,0.000700,-0.005300
0.003000,-0.000800,-0.001500
0.002200,0.000700,-0.000800
0.003000,0.001500,0.000700
0.000700,0.001500,0.003700
-0.000800,0.003700,0.007500
0.000000,0.001500,0.005200
0.000700,0.002200,0.000700
-0.000800,0.001500,-0.001500
-0.002300,0.000700,-0.006800
-0.001500,0.002200,-0.009100
0.000000,0.003000,-0.009800
0.001500,0.001500,-0.009100
0.003000,0.000700,-0.009800
0.003000,0.000000,-0.008300
0.003000,-0.000800,-0.004600
0.001500,-0.001500,-0.000800
0.001500,-0.002300,0.000700
0.000700,-0.003000,-0.004600
0.000000,-0.003000,-0.007500
-0.000800,0.000000,-0.008300
-0.000800,-0.000800,-0.006800
0.000000,-0.000800,-0.004600
-0.000800,-0.000800,-0.003000
0.000700,-0.000800,-0.001500
0.001500,0.000700,0.000700
0.003000,0.000700,0.003700
0.001500,0.003000,0.005200
-0.001500,0.000700,0.003000
-0.001500,-0.000800,0.001500
-0.000800,-0.002300,0.003000
0.001500,-0.003000,0.003000
0.000000,-0.001500,0.002200
-0.000800,0.000000,-0.000800
-0.003000,-0.000800,0.001500
-0.005300,-0.002300,0.005200
-0.003800,-0.000800,0.006000
-0.001500,-0.002300,0.006700
-0.000800,-0.000800,0.004500
0.000700,0.000000,-0.000800
0.000700,-0.000800,0.000000
-0.000800,0.000000,-0.000800
0.000700,0.000700,-0.003000
-0.000800,0.000700,-0.003000
-0.000800,-0.001500,-0.003000
0.000700,-0.001500,-0.003000
-0.000800,0.000700,-0.002300
-0.000800,-0.001500,-0.000800
0.000700,-0.005300,0.002200
-0.000800,-0.003000,0.004500
0.000000,-0.000800,0.005200
-0.000800,0.000700,0.006700
-0.000800,0.003000,0.006700
-0.001500,0.003000,0.004500
0.000700,0.001500,0.005200
0.001500,0.001500,0.006000
-0.000800,0.001500,0.007500
-0.003000,0.002200,0.009000
-0.003800,0.000700,0.012700
-0.003000,-0.001500,0.018000
-0.003000,-0.001500,0.014200
-0.002300,-0.000800,0.003000
-0.002300,-0.001500,-0.005300
-0.001500,0.000700,-0.012000
-0.001500,0.003000,-0.018100
-0.003000,0.003000,-0.019500
-0.002300,0.002200,-0.016500
-0.000800,0.000700,-0.014300
-0.000800,0.001500,-0.016500
-0.000800,0.003000,-0.017300
0.000000,0.002200,-0.008300
-0.001500,0.001500,0.005200
-0.003800,0.001500,0.008200
-0.001500,0.000000,0.001500
-0.001500,-0.003000,0.000700
-0.003000,-0.004600,-0.000800
-0.001500,-0.003000,-0.005300
0.001500,-0.003000,-0.006800
0.000700,-0.002300,-0.001500
0.000700,-0.000800,0.007500
0.000700,0.000000,0.012700
0.000700,0.000000,0.015700
0.002200,0.001500,0.012700
0.000700,-0.000800,0.005200
0.001500,0.000700,0.001500
0.003700,-0.000800,0.001500
0.001500,-0.003000,0.003000
0.001500,0.000000,0.002200
0.000700,0.002200,0.000700
0.003000,0.000000,0.000700
0.006700,-0.001500,0.000700
0.005200,0.000000,-0.000800
0.004500,-0.000800,0.001500
0.003000,-0.002300,0.001500
0.000700,-0.000800,0.000700
0.001500,-0.001500,0.005200
0.000700,-0.002300,-0.001500
-0.001500,-0.000800,-0.010500
-0.000800,0.000700,-0.015000
0.001500,0.001500,-0.009800
0.003000,0.001500,-0.000800
0.001500,0.003000,0.005200
0.000700,0.006700,0.018000
-0.001500,0.005200,0.016500
-0.001500,0.004500,0.009000
-0.003000,0.003000,0.006700
-0.004600,0.002200,-0.001500
-0.002300,0.001500,-0.005300
-0.003000,0.001500,-0.012000
-0.002300,0.000000,-0.015800
-0.000800,0.000000,-0.018100
-0.000800,-0.000800,-0.018800
-0.000800,-0.000800,-0.018100
0.000000,0.000700,-0.018800
-0.000800,-0.000800,-0.019500
0.000000,-0.000800,-0.029300
0.000700,0.000700,-0.030000
-0.000800,0.000700,-0.018800
-0.001500,-0.000800,-0.003000
-0.003800,-0.001500,0.009000
-0.003000,-0.001500,0.011200
-0.000800,-0.004600,0.012000
0.001500,-0.004600,0.007500
0.002200,-0.003000,0.020200
0.000700,-0.001500,0.027000
0.000000,-0.001500,0.021000
-0.000800,0.000000,0.019500
-0.000800,0.001500,0.006700
-0.001500,0.001500,0.004500
-0.001500,0.002200,0.001500
0.000700,0.003000,-0.010500
0.002200,0.002200,-0.020300
0.000700,0.003000,-0.018100
0.001500,0.003000,-0.002300
-0.001500,0.000700,0.012000
-0.004600,-0.000800,0.020200
-0.001500,-0.000800,0.013500
-0.002300,0.000000,0.000000
-0.000800,-0.001500,0.002200
-0.000800,-0.000800,0.008200
-0.000800,-0.001500,-0.005300
-0.001500,-0.003000,-0.013500
-0.003000,-0.003000,-0.006800
-0.001500,-0.005300,0.000700
0.000700,-0.005300,0.003000
0.002200,-0.002300,0.000700
0.001500,-0.001500,0.005200
0.003000,-0.002300,0.008200
0.001500,-0.001500,0.018000
0.001500,-0.000800,0.014200
0.002200,-0.001500,0.000700
0.001500,-0.000800,0.009000
0.000700,-0.000800,0.008200
-0.000800,-0.000800,-0.003800
-0.002300,0.000000,-0.004600
-0.003000,0.000700,-0.001500
-0.003000,0.003000,-0.003000
-0.002300,0.004500,0.001500
-0.002300,0.003000,0.011200
-0.000800,0.002200,0.016500
-0.003000,-0.000800,0.026200
-0.000800,-0.001500,0.048000
0.000000,-0.003000,0.045700
-0.000800,-0.001500,0.012700
-0.000800,0.001500,-0.008300
-0.001500,0.005200,-0.027000
0.000000,0.005200,-0.043600
0.000700,0.003000,-0.043600
-0.001500,0.005200,-0.030800
-0.001500,0.004500,-0.012800
-0.002300,0.003000,-0.015800
-0.002300,0.002200,-0.032300
-0.002300,0.001500,-0.038300
-0.000800,0.001500,-0.023300
0.000700,0.001500,-0.002300
0.001500,0.003000,0.019500
0.003700,0.000700,0.042000
0.003000,0.003000,0.047200
0.001500,0.003000,0.045000
0.000700,0.000700,0.029200
-0.000800,-0.001500,0.012000
-0.003000,-0.003800,0.010500
-0.003000,-0.004600,0.024000
-0.003800,-0.005300,0.031500
-0.001500,-0.005300,0.024000
0.000700,-0.004600,0.025500
0.001500,-0.003000,0.022500
0.001500,-0.005300,0.001500
0.001500,-0.005300,-0.008300
0.000700,-0.002300,-0.012800
0.003000,-0.000800,-0.008300
0.003000,-0.001500,-0.003000
0.000700,0.000000,-0.005300
-0.001500,0.003000,0.016500
-0.001500,0.003700,0.028500
-0.000800,0.003700,0.012700
-0.003000,0.003000,0.006700
-0.003000,0.004500,0.010500
-0.000800,0.004500,0.008200
0.000000,0.003700,0.010500
0.001500,0.005200,-0.001500
0.002200,0.003700,-0.008300
0.001500,0.002200,0.016500
0.004500,0.001500,0.027000
0.001500,0.001500,0.012000
0.000000,0.000000,-0.016500
0.000000,0.000700,-0.039000
-0.001500,0.001500,-0.027000
-0.003800,0.000700,-0.021800
-0.004600,0.000000,-0.024000
-0.004600,0.000700,-0.019500
-0.005300,0.000700,-0.013500
-0.003000,-0.001500,-0.006800
-0.001500,-0.000800,-0.012000
-0.001500,0.000000,-0.010500
0.000700,0.000000,-0.010500
0.000700,0.001500,-0.018800
0.000700,0.001500,-0.025600
0.002200,-0.000800,-0.031500
0.000700,-0.001500,-0.023300
-0.001500,-0.000800,-0.015800
0.000700,-0.000800,-0.006000
0.003000,-0.000800,0.003000
0.001500,-0.000800,0.000700
0.004500,-0.003000,-0.009800
0.003700,-0.003800,-0.020300
0.001500,-0.002300,-0.013500
-0.000800,-0.001500,-0.009100
-0.003000,-0.003000,-0.005300
-0.001500,-0.003000,-0.005300
-0.001500,-0.003000,-0.012800
-0.001500,-0.001500,-0.015000
-0.001500,-0.001500,-0.018100
-0.001500,-0.001500,-0.014300
-0.000800,0.000700,-0.005300
-0.000800,0.001500,0.004500
-0.000800,0.001500,0.001500
-0.002300,0.000700,-0.004600
-0.000800,0.002200,-0.008300
0.003000,0.004500,-0.014300
0.003000,0.004500,-0.021800
0.002200,0.001500,-0.027800
0.002200,0.000700,-0.028500
0.001500,0.001500,-0.023300
0.001500,0.000700,-0.008300
0.001500,-0.000800,0.003700
0.001500,0.002200,-0.000800
0.002200,0.003000,-0.013500
0.005200,0.000700,-0.024800
0.006000,0.001500,-0.023300
0.005200,0.002200,-0.012800
0.003700,0.003000,-0.013500
0.003000,0.003000,-0.020300
0.002200,0.002200,-0.024000
0.001500,0.000700,-0.023300
0.003700,-0.000800,-0.012800
0.003000,0.000000,0.002200
0.000700,-0.000800,0.021000
0.000700,-0.003000,0.036700
0.001500,-0.001500,0.036000
-0.001500,0.000000,0.045000
-0.003000,0.001500,0.046500
-0.003000,0.000700,0.026200
-0.005300,-0.000800,0.005200
-0.003000,0.001500,0.002200
-0.005300,0.001500,0.031500
-0.006800,-0.000800,0.047200
-0.004600,-0.000800,0.042700
-0.006000,0.003000,0.025500
-0.004600,0.005200,-0.003000
-0.000800,0.001500,-0.010500
-0.001500,-0.000800,-0.003000
-0.000800,0.000700,0.008200
0.001500,-0.000800,0.011200
0.004500,-0.002300,0.001500
0.003000,-0.004600,-0.004600
-0.000800,-0.004600,-0.015800
-0.001500,-0.001500,-0.024000
-0.003000,-0.002300,-0.014300
-0.004600,-0.000800,0.001500
-0.005300,0.000700,0.009000
-0.006000,0.000700,0.008200
-0.004600,0.001500,0.010500
-0.003000,-0.000800,0.012700
-0.000800,-0.000800,0.010500
-0.000800,0.001500,0.005200
0.000000,0.001500,0.005200
-0.000800,0.001500,0.006700
-0.000800,0.000700,0.009000
0.001500,0.001500,0.010500
0.001500,0.001500,0.006700
0.002200,-0.000800,0.008200
0.003700,-0.001500,0.008200
0.004500,-0.000800,0.006000
0.004500,-0.000800,0.005200
0.003000,-0.000800,0.005200
0.000700,-0.001500,0.006700
0.003000,-0.002300,0.008200
0.006000,-0.003000,0.006000
0.006700,-0.003000,0.004500
0.005200,-0.003000,0.003700
0.003000,-0.003800,0.003700
0.003000,-0.003800,0.001500
0.004500,-0.003000,0.003000
0.003000,-0.001500,0.003000
0.001500,-0.000800,-0.000800
0.000700,-0.000800,-0.004600
-0.000800,-0.000800,-0.010500
-0.003800,-0.000800,-0.009800
-0.005300,0.000700,0.004500
-0.005300,-0.000800,0.010500
-0.003800,0.001500,0.006700
-0.002300,0.003000,-0.001500
-0.000800,0.003000,-0.006800
0.000700,0.006000,-0.006800
0.001500,0.005200,-0.007500
0.001500,0.004500,-0.003800
0.002200,0.004500,-0.001500
0.003700,0.004500,-0.004600
0.000700,0.004500,-0.005300
0.000700,0.001500,-0.003800
0.000700,-0.000800,0.000700
0.000000,-0.000800,0.000700
-0.000800,-0.000800,-0.002300
-0.000800,-0.000800,-0.003000
-0.000800,-0.002300,-0.004600
0.000700,-0.001500,-0.009100
0.002200,-0.003000,-0.012800
0.000700,-0.003000,-0.013500
0.001500,-0.001500,-0.012000
0.004500,-0.001500,-0.009100
0.005200,-0.000800,-0.010500
0.005200,0.000000,-0.009800
0.004500,0.000700,-0.011300
0.004500,0.000700,-0.012800
0.003000,-0.000800,-0.010500
0.000700,-0.001500,-0.004600
0.000700,0.000700,-0.003000
-0.000800,0.000000,0.000700
-0.003000,-0.000800,0.005200
-0.003000,0.000700,0.006000
-0.002300,0.000700,0.008200
-0.001500,0.000700,0.008200
-0.001500,0.001500,0.006700
-0.002300,0.001500,0.006700
-0.003000,0.000000,0.004500
-0.003000,-0.001500,0.004500
-0.002300,-0.003800,0.003000
-0.000800,-0.002300,-0.003000
0.000700,-0.001500,-0.003800
-0.000800,0.000700,-0.001500
0.000700,0.002200,-0.000800
0.001500,0.000700,-0.000800
0.000000,0.000000,0.001500
-0.000800,0.001500,0.001500
0.000700,0.001500,0.002200
0.002200,-0.000800,0.003000
0.003000,-0.000800,0.000000
0.004500,-0.003000,-0.002300
0.003000,-0.003000,-0.001500
0.001500,-0.001500,0.001500
0.004500,-0.002300,0.003700
0.004500,-0.000800,0.008200
0.005200,-0.000800,0.012700
0.004500,0.000000,0.010500
0.002200,0.001500,0.005200
0.000700,0.001500,0.002200
-0.002300,-0.000800,0.004500
-0.000800,-0.000800,0.003700
-0.002300,0.000000,0.001500
-0.003000,0.001500,-0.003000
-0.004600,-0.000800,-0.003800
-0.003000,-0.000800,-0.001500
-0.001500,0.000000,0.000000
-0.001500,-0.002300,0.004500
-0.000800,-0.002300,0.005200
0.000000,-0.000800,0.005200
-0.000800,0.000000,0.004500
0.000700,0.000000,0.006000
0.002200,-0.001500,0.009000
0.002200,0.000000,0.011200
0.003000,0.000700,0.006000
0.003000,-0.000800,0.000000
0.003000,-0.000800,-0.001500
0.003000,-0.000800,-0.004600
0.000000,-0.003800,-0.001500
-0.000800,-0.003000,0.002200
-0.002300,-0.002300,0.002200
-0.003000,-0.005300,0.008200
-0.002300,-0.004600,0.016500
-0.003800,-0.001500,0.014200
-0.003800,-0.000800,0.008200
-0.003000,0.000700,0.009000
-0.003000,0.000700,0.005200
-0.003000,0.001500,-0.001500
-0.001500,0.002200,-0.008300
-0.003000,0.000700,-0.012800
-0.000800,-0.001500,-0.015000
0.001500,-0.001500,-0.010500
0.000000,0.000000,-0.003000
0.000700,0.000000,-0.006800
-0.000800,0.000000,-0.010500
-0.001500,0.000700,-0.009100
-0.003000,0.003000,-0.003000
-0.004600,0.003700,-0.000800
-0.002300,0.003000,0.000000
-0.001500,0.003700,0.000700
0.000700,0.000700,-0.001500
-0.000800,0.001500,-0.001500
-0.001500,0.000700,-0.003000
-0.002300,-0.000800,-0.003800
-0.004600,-0.001500,-0.000800
-0.004600,-0.003800,-0.002300
-0.002300,-0.002300,-0.002300
-0.001500,-0.001500,-0.001500
0.000000,-0.000800,-0.001500
0.001500,0.000700,0.000700
0.001500,0.002200,-0.000800
0.002200,0.000700,-0.002300
0.000700,-0.000800,-0.003800
-0.000800,-0.000800,-0.004600
-0.000800,-0.000800,-0.003000
-0.000800,0.000000,-0.000800
0.000000,-0.000800,0.000700
-0.001500,0.000700,-0.002300
-0.002300,0.000700,-0.003800
-0.000800,0.000000,-0.003800
0.000700,0.000700,-0.002300
0.003000,0.000000,0.000700
0.005200,0.001500,0.004500
0.005200,0.003700,0.006000
0.004500,0.004500,0.006000
0.006000,0.004500,0.004500
0.005200,0.003000,0.003000
0.002200,0.003000,0.002200
0.001500,0.003000,0.000700
-0.000800,0.001500,0.002200
0.001500,0.003000,0.001500
0.001500,0.002200,0.003000
-0.000800,-0.000800,0.002200
0.000000,-0.000800,-0.000800
0.000700,-0.002300,-0.000800
0.000700,-0.001500,-0.002300
0.000700,-0.000800,-0.001500
0.000700,-0.000800,-0.003000
0.000700,-0.001500,-0.002300
0.000700,-0.003000,-0.001500
0.003000,-0.003800,-0.001500
0.001500,-0.005300,0.000000
-0.001500,-0.004600,-0.002300
-0.002300,-0.003800,-0.001500
-0.001500,-0.001500,-0.000800
0.000700,-0.000800,-0.004600
0.002200,-0.000800,-0.005300
0.004500,0.000700,-0.003800
0.004500,0.000000,-0.004600
0.004500,-0.000800,-0.005300
0.003000,0.000000,-0.005300
0.003000,0.001500,-0.005300
0.000700,-0.000800,-0.001500
-0.001500,-0.001500,0.000000
-0.001500,-0.002300,0.000700
0.001500,0.000000,0.002200
0.003000,0.000700,0.003700
0.001500,0.000700,0.003000
0.001500,0.003700,0.001500
0.001500,0.004500,0.003000
0.000700,0.004500,0.003000
0.000000,0.004500,0.001500
0.000000,0.003700,-0.000800
0.000700,0.003000,-0.000800
-0.001500,0.001500,-0.000800
-0.002300,0.001500,-0.000800
-0.003000,0.000700,-0.003000
-0.004600,0.000000,-0.002300
-0.001500,0.000700,0.000700
-0.002300,0.002200,0.000700
-0.003000,0.003000,-0.001500
-0.004600,0.000700,-0.000800
-0.001500,0.001500,0.001500
0.000700,0.001500,0.002200
0.000700,0.000000,0.002200
0.000700,0.000000,0.002200
-0.001500,0.000700,0.001500
-0.002300,0.000700,0.000700
-0.003800,0.000700,0.004500
-0.004600,0.000700,0.006700
-0.000800,0.000000,0.006700
-0.001500,0.000000,0.008200
-0.000800,-0.000800,0.006700
0.000700,-0.001500,0.003700
0.001500,0.000700,0.001500
0.001500,0.000700,0.000700
0.000700,0.001500,0.000700
0.003000,0.003000,-0.000800
0.003000,0.000000,-0.000800
0.000700,-0.001500,0.000700
-0.000800,-0.003000,0.000700
-0.000800,-0.003800,0.000700
-0.000800,-0.003000,0.003000
-0.002300,-0.001500,0.002200
-0.001500,-0.001500,0.002200
-0.000800,-0.001500,0.003000
0.000000,0.001500,0.003000
0.001500,0.000700,0.001500
0.002200,0.000000,-0.001500
0.000700,0.000700,0.000700
0.000000,0.000700,0.003000
0.000700,0.002200,0.000700
0.000000,0.000700,0.000700
0.000700,0.000700,-0.001500
0.000700,-0.003000,-0.003800
0.000000,-0.003800,-0.003000
-0.000800,-0.003000,-0.005300
-0.003000,-0.002300,-0.006800
-0.004600,0.000700,-0.005300
-0.006800,0.003000,-0.004600
-0.006800,0.003700,-0.004600
-0.006800,0.001500,-0.005300
-0.006800,0.001500,-0.004600
-0.003800,0.001500,-0.003800
-0.001500,0.000700,-0.003000
-0.001500,0.000700,-0.001500
0.000700,-0.000800,0.000700
0.002200,-0.000800,-0.001500
0.002200,-0.001500,-0.002300
0.002200,0.000700,-0.001500
0.004500,0.003000,-0.000800
0.004500,0.005200,0.001500
0.004500,0.006700,0.001500
0.003000,0.004500,0.001500
0.001500,0.002200,0.002200
0.004500,0.000700,0.003000
0.004500,0.001500,0.002200
0.002200,-0.000800,0.001500
-0.001500,-0.000800,0.001500
-0.004600,-0.003000,0.002200
-0.004600,-0.001500,0.003000
-0.004600,0.000000,0.003000
-0.001500,0.000700,0.003700
0.000000,0.002200,0.001500
-0.001500,-0.000800,0.003700
-0.000800,-0.002300,0.005200
-0.000800,0.000700,0.004500
0.000000,0.001500,0.003000
-0.000800,0.003000,-0.000800
0.000000,0.003000,-0.002300
0.000000,0.002200,-0.004600
0.000700,0.000700,-0.004600
0.002200,-0.000800,-0.002300
0.001500,-0.000800,-0.000800
0.001500,-0.001500,-0.001500
0.003000,-0.000800,-0.000800
0.003700,-0.000800,0.000700
0.001500,-0.001500,-0.000800
0.000700,-0.000800,-0.003000
0.001500,0.000700,-0.004600
0.001500,0.001500,-0.004600
0.002200,0.001500,-0.004600
0.000700,0.001500,-0.005300
0.000700,0.001500,-0.004600
0.000000,0.003000,-0.004600
-0.000800,0.003000,-0.004600
0.000700,0.002200,-0.001500
0.000000,0.003000,-0.000800
0.000700,0.000700,-0.002300
0.001500,-0.001500,-0.004600
0.000700,-0.000800,-0.002300
0.000700,-0.000800,-0.001500
0.000000,-0.001500,0.001500
-0.000800,-0.001500,0.004500
0.000000,-0.001500,0.003000
0.000700,-0.000800,0.002200
0.001500,-0.002300,0.001500
0.000700,-0.002300,0.000700
0.000700,-0.000800,0.001500
0.002200,-0.001500,0.003000
0.000700,-0.000800,0.004500
-0.000800,0.000700,0.005200
0.000700,0.001500,0.005200
0.000000,0.003700,0.006700
-0.001500,0.003000,0.006700
-0.000800,0.003000,0.007500
-0.003800,0.003700,0.006000
-0.000800,0.002200,0.002200
0.001500,0.001500,0.001500
-0.000800,0.001500,-0.000800
0.000000,0.000700,-0.003000
-0.001500,0.000000,-0.004600
-0.001500,0.000000,-0.005300
-0.001500,0.000000,-0.003800
-0.004600,0.000000,-0.004600
-0.003000,-0.002300,-0.003800
-0.003000,-0.003000,-0.004600
-0.005300,-0.004600,-0.003000
-0.003800,-0.003800,0.000000
-0.003000,-0.003800,0.000000
-0.003800,-0.005300,0.000000
-0.001500,-0.006000,-0.000800
-0.000800,-0.006000,-0.001500
0.000700,-0.005300,-0.001500
0.003700,-0.004600,-0.003800
0.008200,-0.003000,-0.002300
0.004500,-0.003000,-0.001500
0.004500,-0.003000,-0.000800
0.001500,-0.000800,0.000700
-0.003000,0.000700,0.000000
-0.001500,-0.000800,0.003000
-0.000800,-0.000800,0.004500
-0.001500,0.000700,0.004500
-0.001500,-0.001500,0.005200
0.003000,0.000700,0.003700
0.003000,0.000700,0.001500
-0.001500,0.000000,0.001500
-0.001500,0.001500,0.002200
0.000000,0.004500,0.002200
0.001500,0.004500,0.002200
-0.000800,0.003000,0.002200
-0.001500,0.000700,0.004500
-0.000800,0.001500,0.006700
-0.000800,0.003000,0.005200
0.000700,0.001500,0.003000
0.006000,0.003000,0.001500
0.008200,0.001500,0.003700
0.004500,0.000700,0.002200
0.003000,0.000700,0.000700
0.000700,0.001500,-0.000800
-0.000800,0.001500,-0.001500
-0.000800,-0.000800,-0.002300
-0.001500,-0.001500,-0.003000
0.000700,-0.003000,-0.004600
0.002200,-0.002300,-0.005300
0.003000,-0.001500,-0.003800
0.003000,-0.000800,-0.003000
0.000000,-0.000800,-0.002300
-0.001500,-0.000800,-0.002300
-0.001500,-0.000800,-0.003000
-0.002300,-0.003000,-0.003800
-0.003800,-0.003000,-0.001500
-0.006000,-0.004600,-0.002300
-0.005300,-0.001500,-0.004600
-0.006000,-0.003000,-0.001500
-0.006000,-0.005300,-0.000800
-0.004600,-0.001500,-0.000800
-0.003000,-0.002300,-0.001500
0.000000,-0.001500,-0.002300
0.000700,0.000700,-0.002300
-0.000800,-0.000800,-0.001500
-0.000800,-0.001500,-0.000800
-0.000800,0.000700,0.000700
0.000700,0.003000,0.003000
0.002200,0.003700,0.004500
0.003000,0.001500,0.003000
0.003700,0.003000,0.001500
0.005200,0.003700,0.000000
0.004500,0.001500,0.000700
0.004500,-0.000800,-0.001500
0.005200,-0.000800,-0.000800
0.001500,0.000700,-0.000800
0.000700,-0.001500,-0.000800
-0.001500,-0.002300,0.000000
-0.003000,-0.001500,0.000700
-0.000800,-0.000800,0.001500
0.003000,-0.000800,0.000000
0.002200,-0.001500,0.000000
0.001500,-0.002300,0.000700
-0.001500,-0.003800,-0.000800
-0.003000,-0.003800,-0.000800
-0.002300,-0.003000,-0.000800
-0.000800,-0.001500,0.000000
0.000700,0.000000,0.001500
0.000000,0.000000,0.001500
-0.000800,-0.000800,0.003000
-0.000800,-0.001500,0.003000
-0.001500,-0.000800,0.003000
-0.000800,-0.001500,0.000700
0.000000,-0.000800,0.000000
-0.000800,0.002200,0.003700
-0.003000,0.000700,0.003700
-0.006000,0.000000,0.004500
-0.003000,0.000000,0.004500
-0.000800,0.000700,0.000700
-0.003800,-0.001500,0.002200
-0.004600,-0.003000,0.001500
-0.000800,-0.000800,0.001500
0.001500,-0.000800,0.000700
0.001500,0.000000,-0.000800
0.000700,-0.000800,-0.000800
0.004500,0.000000,-0.001500
0.003000,0.000700,-0.003000
0.002200,0.003000,-0.006000
0.001500,0.001500,-0.004600
0.000700,-0.000800,-0.003000
0.001500,-0.000800,-0.004600
0.003700,-0.000800,-0.003000
0.004500,0.000700,-0.002300
0.003000,0.001500,-0.003000
0.001500,0.001500,-0.001500
0.000700,-0.000800,0.001500
0.003000,-0.001500,0.000700
0.001500,0.001500,-0.003000
0.000000,0.001500,-0.001500
0.000700,0.001500,-0.001500
0.000700,0.001500,-0.001500
0.000700,0.001500,-0.002300
-0.000800,0.002200,-0.000800
-0.003000,0.003000,-0.000800
-0.004600,0.000700,0.002200
-0.003800,0.000700,0.003700
-0.002300,0.001500,0.003000
0.000000,0.000700,0.003000
0.000000,-0.001500,0.002200
-0.003000,-0.001500,0.002200
-0.004600,-0.001500,0.001500
-0.000800,-0.001500,0.001500
0.003000,-0.000800,0.003000
0.003000,0.000700,0.003000
0.000000,0.002200,0.001500
0.000000,0.000000,0.000700
0.000700,0.001500,0.002200
0.000700,0.001500,0.001500
0.002200,-0.000800,-0.000800
0.001500,-0.001500,-0.002300
0.000700,-0.003000,-0.003000
-0.000800,-0.000800,-0.001500
-0.003000,-0.000800,-0.001500
-0.000800,0.000000,-0.001500
0.001500,0.000700,-0.000800
0.003000,-0.001500,-0.002300
0.005200,-0.003000,-0.006800
0.005200,-0.000800,-0.008300
0.004500,-0.000800,-0.004600
0.002200,0.000000,-0.001500
0.000000,0.000700,0.003000
-0.001500,-0.001500,0.004500
-0.002300,-0.002300,0.003000
-0.003800,-0.000800,0.003000
-0.004600,-0.000800,-0.000800
-0.003800,-0.000800,-0.002300
-0.004600,-0.002300,0.001500
-0.004600,-0.003800,0.001500
-0.001500,-0.001500,0.001500
0.000700,0.000700,0.003000
0.003700,0.001500,0.001500
0.004500,0.001500,0.003000
0.000700,0.001500,0.003000
0.001500,0.000700,0.000700
0.000000,0.000700,-0.001500
-0.000800,0.000000,-0.001500
0.000000,-0.002300,-0.000800
0.001500,-0.002300,-0.000800
0.000700,-0.000800,0.000000
-0.003800,-0.003000,-0.000800
-0.003000,-0.003800,-0.001500
-0.003000,-0.003800,-0.002300
-0.000800,-0.003800,-0.003800
-0.003000,-0.003000,-0.003000
-0.003000,-0.001500,-0.002300
-0.003000,0.000000,-0.002300
-0.001500,0.001500,-0.001500
0.000700,0.003000,-0.000800
-0.000800,0.000700,-0.001500
0.000000,0.000000,-0.003000
0.000700,0.001500,-0.002300
-0.000800,0.000700,-0.003000
-0.000800,0.000700,-0.004600
-0.003000,0.001500,-0.003000
-0.001500,0.003700,-0.001500
-0.000800,0.001500,-0.002300
0.000000,-0.000800,0.000000
0.000700,0.000700,-0.000800
0.001500,0.000000,-0.003000
0.000700,0.000700,-0.002300
-0.001500,0.002200,-0.000800
0.000700,0.001500,0.000000
0.001500,0.000000,-0.000800
0.003000,-0.000800,-0.000800
0.002200,0.000000,0.001500
0.002200,0.000700,0.001500
0.002200,0.001500,0.000700
0.003000,0.000700,0.003000
0.002200,0.001500,0.005200
0.000700,-0.000800,0.008200
0.002200,-0.001500,0.009000
0.000000,-0.000800,0.007500
0.000700,0.000000,0.005200
-0.000800,0.000700,0.003000
0.000700,0.000700,0.001500
0.004500,-0.001500,0.003000
0.000700,-0.002300,0.003000
-0.001500,0.001500,0.003700
-0.001500,0.002200,0.003700
-0.000800,0.001500,0.001500
-0.004600,0.002200,0.000700
-0.002300,0.002200,-0.001500
0.000000,0.001500,-0.003000
-0.000800,0.001500,-0.001500
-0.001500,0.001500,-0.000800
-0.003000,0.001500,-0.001500
-0.001500,0.002200,-0.000800
-0.001500,0.003000,-0.003000
-0.000800,0.002200,-0.003800
0.000700,0.002200,-0.003000
-0.000800,0.000700,-0.003000
-0.001500,0.000000,-0.003000
-0.003000,-0.000800,-0.003800
-0.002300,-0.000800,-0.003800
0.000000,0.000700,-0.004600
0.000000,0.000700,-0.002300
-0.000800,0.000700,-0.000800
0.000700,0.001500,0.001500
0.004500,0.000000,0.002200
0.006700,-0.001500,0.000700
0.004500,0.000000,0.003000
-0.001500,0.003000,0.000700
-0.003000,0.001500,0.000000
-0.001500,-0.000800,-0.000800
-0.000800,-0.003000,-0.000800
-0.000800,-0.003800,0.001500
0.000700,-0.003000,0.000700
0.000000,-0.004600,0.000700
-0.001500,-0.004600,-0.000800
-0.003000,-0.001500,-0.001500
-0.000800,-0.000800,0.003000
-0.000800,0.000000,0.005200
0.001500,0.000700,0.003700
0.006000,0.000700,0.000700
0.006700,0.001500,-0.003000
0.006700,0.002200,-0.003800
0.003000,0.001500,-0.005300
0.000700,0.001500,-0.006800
-0.000800,0.002200,-0.005300
-0.001500,0.000000,-0.004600
0.000000,-0.000800,-0.003800
0.001500,-0.000800,-0.005300
0.000700,-0.001500,-0.001500
0.000700,-0.001500,0.000700
-0.001500,-0.003000,0.001500
-0.000800,-0.004600,0.005200
0.001500,-0.003000,0.007500
0.000700,-0.002300,0.009700
-0.000800,-0.000800,0.011200
-0.002300,0.000000,0.010500
-0.003000,0.001500,0.008200
-0.004600,0.003000,0.006700
-0.004600,0.003000,0.001500
-0.002300,0.003000,-0.003800
0.000700,0.001500,-0.003000
0.003700,0.003000,0.003700
0.003700,0.003700,0.003000
0.005200,0.003000,0.000000
0.006700,0.000700,-0.001500
0.006000,-0.002300,-0.003800
0.001500,-0.000800,-0.003800
-0.000800,-0.000800,-0.004600
0.000000,0.001500,-0.001500
0.000700,0.003000,-0.001500
0.000000,0.000000,-0.006000
-0.004600,-0.000800,-0.007500
-0.003000,-0.001500,-0.007500
-0.005300,-0.000800,-0.006800
-0.005300,-0.000800,-0.006800
-0.005300,-0.000800,-0.006800
-0.007500,-0.000800,-0.006800
-0.004600,0.000000,-0.005300
-0.000800,0.000700,-0.005300
0.001500,-0.000800,-0.004600
0.000700,-0.001500,-0.003000
0.005200,-0.000800,-0.003000
0.004500,-0.003800,-0.003000
0.001500,-0.002300,-0.001500
0.001500,-0.000800,0.000700
0.001500,-0.001500,0.000700
0.000700,-0.003000,0.003000
-0.003800,-0.003800,0.004500
-0.009800,-0.003000,0.004500
-0.009100,-0.002300,0.006000
-0.008300,-0.000800,0.006700
-0.003800,-0.000800,0.004500
-0.001500,0.001500,0.003000
0.000000,0.000000,0.003000
0.007500,-0.000800,0.003000
0.016500,0.002200,0.001500
0.021000,0.002200,0.000700
0.011200,0.003000,0.003000
0.004500,0.001500,0.004500
-0.003000,0.001500,0.004500
-0.006800,0.002200,0.003000
-0.003000,0.002200,0.000700
-0.005300,0.003700,0.000700
-0.004600,0.003000,-0.000800
-0.002300,0.002200,0.000700
0.000700,0.003000,0.000000
0.006000,0.001500,0.001500
0.009000,-0.000800,0.004500
0.006700,-0.003000,0.003000
-0.000800,-0.003800,0.003000
-0.009100,-0.001500,0.003000
-0.009100,-0.001500,0.000700
-0.007500,-0.000800,-0.000800
-0.004600,-0.001500,-0.000800
0.000700,-0.003800,-0.001500
-0.003800,-0.000800,-0.004600
-0.008300,-0.000800,-0.006800
-0.003000,-0.000800,-0.006000
0.006700,-0.001500,-0.003800
0.006000,-0.003000,-0.000800
0.007500,0.000000,0.003000
0.008200,0.000700,0.004500
0.006700,0.001500,0.003700
0.012000,0.001500,0.003000
0.012700,-0.000800,0.006700
0.009000,-0.001500,0.009000
0.003000,-0.003000,0.006000
0.000000,-0.002300,0.003000
-0.003800,-0.002300,0.002200
-0.006000,0.000700,0.006000
-0.009100,0.001500,0.004500
-0.010500,0.000700,0.001500
-0.009100,0.001500,0.002200
-0.012000,0.003000,0.002200
-0.008300,0.003000,0.001500
-0.003800,0.000700,0.000000
0.001500,0.000700,-0.000800
0.007500,0.001500,-0.000800
0.008200,0.000000,-0.003000
0.008200,-0.001500,-0.006800
0.010500,-0.001500,-0.007500
0.008200,-0.000800,-0.008300
0.004500,0.000000,-0.003800
0.000700,0.000700,-0.003000
-0.000800,0.001500,-0.003000
0.000000,0.001500,0.000000
0.000000,-0.000800,-0.001500
-0.004600,-0.000800,-0.000800
-0.006000,-0.000800,0.001500
-0.006800,-0.003000,0.001500
-0.010500,-0.001500,0.001500
-0.009800,0.000700,0.000700
-0.009100,0.000700,-0.003000
-0.008300,-0.000800,-0.006000
-0.004600,-0.003000,-0.006800
-0.004600,-0.000800,-0.005300
0.002200,0.001500,-0.003000
0.013500,0.001500,-0.003000
0.016500,0.001500,0.000000
0.015000,0.001500,-0.000800
0.009000,-0.000800,-0.000800
0.000700,-0.001500,-0.001500
-0.004600,-0.002300,-0.005300
-0.004600,-0.003000,-0.004600
-0.009100,-0.002300,-0.006000
-0.012000,-0.000800,-0.005300
-0.012000,-0.000800,-0.006800
-0.012800,0.000000,-0.013500
-0.009100,0.001500,-0.012800
-0.005300,0.000700,-0.006800
-0.002300,0.002200,-0.004600
0.003000,0.003000,-0.001500
0.011200,0.003000,0.001500
0.015000,0.003700,0.003000
0.009000,0.003000,0.004500
0.005200,0.001500,0.003000
0.002200,0.000700,0.003000
0.001500,0.000700,-0.000800
0.001500,0.001500,-0.005300
0.000700,0.001500,-0.003800
0.000700,0.001500,-0.001500
0.000700,0.000700,-0.000800
0.009000,-0.000800,0.000000
0.015000,-0.001500,0.000700
0.016500,0.000000,0.000700
0.012000,0.001500,0.000000
-0.000800,0.003000,0.000700
-0.009800,0.003000,0.000700
-0.012000,0.001500,0.002200
-0.014300,0.001500,0.003000
-0.014300,0.001500,0.003000
-0.016500,0.002200,0.003700
-0.020300,0.003700,0.002200
-0.018800,0.000700,0.001500
-0.016500,-0.001500,0.001500
-0.012800,-0.000800,-0.000800
-0.004600,0.000700,-0.001500
0.006700,0.000700,0.000000
0.008200,0.000000,-0.000800
0.008200,0.000700,0.000700
0.007500,-0.000800,0.000700
0.006000,-0.000800,0.002200
0.010500,-0.003000,0.003700
0.014200,-0.002300,0.004500
0.015700,0.000000,0.005200
0.006700,-0.001500,0.004500
0.003700,-0.000800,0.003000
0.006000,-0.000800,-0.000800
0.004500,0.001500,-0.000800
0.002200,0.002200,0.000700
-0.003800,0.003000,0.002200
-0.008300,0.003000,0.005200
-0.008300,0.000700,0.006700
-0.006000,0.000700,0.008200
-0.005300,0.001500,0.009000
-0.005300,0.000700,0.008200
0.000700,0.000700,0.007500
0.006000,0.000700,0.003700
0.012000,0.000700,0.003700
0.018000,0.000000,0.004500
0.015700,0.000700,0.002200
0.006000,0.000700,0.003700
-0.000800,0.001500,0.001500
-0.009100,0.000000,0.001500
-0.015000,-0.000800,0.002200
-0.014300,-0.000800,0.001500
-0.011300,-0.000800,0.002200
-0.003800,-0.000800,0.002200
0.003000,-0.003000,0.003700
0.003000,-0.001500,0.002200
0.000000,-0.000800,0.000700
0.000000,-0.001500,-0.001500
-0.003000,-0.002300,-0.000800
-0.003000,-0.001500,-0.000800
0.000700,-0.003000,0.000000
0.001500,-0.003000,-0.003000
-0.000800,-0.000800,-0.004600
-0.000800,-0.002300,-0.000800
0.006000,-0.001500,-0.000800
0.004500,-0.000800,-0.000800
0.000700,-0.000800,0.000700
0.003000,-0.002300,0.000700
0.007500,-0.002300,0.000000
0.006700,0.001500,0.000000
0.004500,0.003700,0.000700
0.003700,-0.000800,-0.001500
-0.000800,-0.001500,-0.000800
-0.005300,-0.000800,-0.001500
-0.006800,-0.000800,0.000700
-0.004600,-0.000800,0.002200
-0.004600,0.000000,0.001500
-0.006800,0.000700,0.003000
-0.010500,-0.000800,0.002200
-0.012800,0.001500,0.001500
-0.009100,0.001500,0.001500
-0.008300,0.002200,0.000700
-0.005300,0.001500,0.000000
-0.000800,-0.000800,0.000000
-0.000800,-0.000800,-0.001500
-0.001500,-0.000800,-0.003800
0.000000,0.000000,-0.004600
0.005200,0.000000,-0.005300
0.002200,0.000000,-0.006800
-0.002300,0.000700,-0.004600
-0.000800,-0.000800,-0.003000
0.009000,-0.001500,-0.004600
0.019500,-0.003000,-0.003800
0.023200,-0.003000,-0.003800
0.014200,-0.000800,-0.003000
0.003000,-0.001500,-0.001500
-0.003000,-0.002300,-0.001500
-0.012000,-0.000800,-0.002300
-0.020300,-0.000800,-0.003000
-0.015800,0.000700,-0.003800
-0.009100,-0.000800,-0.003000
-0.003000,-0.002300,-0.001500
0.001500,0.000700,-0.001500
0.006700,0.003700,-0.000800
0.024000,0.004500,-0.001500
0.030700,0.001500,0.000000
0.012700,0.003000,-0.001500
-0.005300,0.002200,-0.005300
-0.009800,0.000000,-0.005300
-0.012000,0.000700,-0.004600
-0.010500,0.001500,-0.003000
-0.009100,0.000700,-0.003800
-0.004600,0.001500,-0.003000
0.004500,0.001500,-0.000800
0.012700,0.003700,-0.001500
0.015700,0.003000,-0.003800
0.010500,0.001500,-0.001500
0.004500,0.000700,-0.000800
-0.004600,0.000700,-0.002300
-0.005300,0.001500,-0.001500
-0.005300,0.000700,-0.000800
-0.004600,-0.000800,-0.001500
-0.000800,0.000000,-0.000800
-0.000800,-0.000800,0.000000
0.001500,-0.000800,0.000000
0.003700,-0.001500,0.000000
0.003700,-0.003000,-0.000800
0.000700,-0.003000,0.000000
-0.005300,-0.001500,-0.002300
-0.009100,-0.000800,-0.001500
-0.009800,-0.000800,-0.001500
-0.012000,-0.000800,-0.000800
-0.010500,-0.000800,0.000700
-0.008300,0.003000,-0.000800
-0.005300,0.003700,-0.000800
0.003700,0.003000,0.002200
0.010500,0.003700,0.004500
0.012700,0.003000,0.004500
0.012700,-0.000800,0.005200
0.010500,-0.001500,0.006700
0.008200,-0.001500,0.006700
0.009000,-0.003000,0.006700
0.006700,-0.001500,0.006700
0.000000,0.000000,0.004500
-0.003000,-0.001500,0.005200
-0.001500,-0.000800,0.005200
-0.001500,-0.001500,0.005200
-0.003800,-0.003000,0.005200
-0.005300,-0.001500,0.003700
-0.003000,-0.000800,0.002200
-0.000800,-0.003000,0.003000
0.000000,-0.003000,0.006700
0.001500,-0.001500,0.006000
0.001500,-0.003800,0.006000
-0.003000,-0.002300,0.003000
-0.008300,-0.000800,0.000700
-0.009100,0.000000,0.001500
-0.006800,0.001500,0.002200
-0.006800,-0.000800,0.003000
-0.005300,-0.003000,0.002200
-0.003800,-0.001500,0.003000
-0.001500,-0.000800,0.003000
-0.004600,-0.000800,0.005200
-0.008300,0.000700,0.005200
-0.009100,-0.001500,0.004500
-0.006800,-0.001500,0.001500
-0.003000,0.001500,-0.000800
0.001500,0.000700,0.000700
0.002200,-0.000800,-0.000800
0.005200,-0.001500,-0.000800
0.011200,0.002200,0.000000
0.012000,0.005200,0.001500
0.012000,0.004500,-0.000800
0.012700,0.003700,-0.001500
0.007500,0.001500,-0.001500
0.004500,0.001500,-0.003000
0.008200,0.002200,-0.001500
0.009700,0.000000,-0.003000
0.003000,0.000000,-0.003000
-0.000800,0.001500,-0.004600
0.000700,0.000700,-0.005300
-0.001500,0.003000,-0.003800
-0.003000,0.001500,-0.003000
-0.003000,0.000700,-0.003000
-0.004600,0.001500,-0.004600
-0.006800,0.001500,-0.003000
-0.012800,0.001500,-0.001500
-0.009100,0.001500,-0.002300
-0.005300,0.003000,-0.004600
-0.002300,0.002200,-0.004600
0.000000,0.000700,-0.003000
0.004500,0.000700,-0.001500
0.012700,0.000000,-0.000800
0.012000,0.000000,-0.001500
0.009000,0.000700,-0.001500
0.010500,0.000000,-0.000800
0.008200,0.000000,-0.001500
0.009000,0.000000,-0.001500
0.009700,-0.000800,0.000700
0.012700,-0.000800,0.000700
0.012700,-0.001500,-0.000800
0.001500,-0.003000,0.000700
-0.004600,-0.004600,0.003000
-0.005300,-0.007500,0.002200
-0.008300,-0.008300,0.003000
-0.009100,-0.005300,0.003700
-0.010500,-0.003000,0.003000
-0.009800,-0.001500,0.001500
-0.007500,0.000700,0.000700
-0.004600,0.001500,0.000700
-0.003000,0.002200,0.000700
-0.004600,0.004500,0.003000
-0.005300,0.004500,0.001500
-0.006800,0.001500,0.001500
-0.008300,0.000700,0.000000
-0.003000,0.003700,0.000000
0.003000,0.003000,0.000700
0.004500,0.003000,0.000000
0.002200,0.004500,0.000700
-0.001500,0.004500,0.001500
-0.010500,0.001500,0.003000
-0.020300,0.000700,0.003000
-0.016500,0.000700,0.001500
-0.009100,0.001500,0.000000
-0.005300,0.002200,-0.000800
0.002200,0.001500,0.000700
0.017200,0.001500,0.000700
0.034500,-0.001500,0.001500
0.042000,-0.000800,0.000000
0.027700,-0.000800,-0.000800
0.006700,-0.001500,-0.000800
0.000000,-0.003000,-0.001500
-0.008300,-0.004600,-0.001500
-0.009800,-0.003000,-0.001500
-0.010500,-0.005300,-0.000800
-0.014300,-0.003800,-0.002300
-0.012000,0.000000,-0.004600
-0.012000,-0.003000,-0.003800
-0.009100,-0.005300,-0.005300
-0.006000,-0.005300,-0.006800
-0.003000,-0.004600,-0.005300
-0.002300,-0.001500,-0.003000
-0.001500,0.000700,0.001500
0.000000,0.003700,0.002200
0.003000,0.004500,0.004500
0.006700,0.005200,0.004500
-0.001500,0.004500,0.004500
-0.009100,0.005200,0.003000
-0.012800,0.006700,0.000700
-0.017300,0.005200,0.000000
-0.012800,0.006000,0.000000
-0.004600,0.005200,0.000000
0.005200,0.003000,-0.001500
0.018000,0.001500,-0.002300
0.030700,-0.001500,-0.002300
0.030700,-0.002300,-0.002300
0.016500,-0.000800,-0.000800
0.000700,-0.002300,0.000700
-0.003000,-0.003000,0.000000
-0.003000,-0.004600,-0.000800
-0.006800,-0.005300,-0.000800
-0.004600,-0.003800,-0.000800
-0.006800,-0.001500,-0.001500
-0.006000,-0.002300,-0.000800
-0.008300,-0.001500,0.000700
-0.018800,-0.001500,0.000700
-0.016500,-0.005300,-0.001500
-0.012000,-0.006800,-0.001500
-0.004600,-0.005300,0.000000
0.009000,-0.004600,-0.000800
0.015700,-0.001500,-0.000800
0.015700,0.000000,-0.002300
0.007500,0.000700,-0.001500
-0.000800,0.001500,0.000700
0.000700,0.000000,0.000700
0.003700,-0.000800,0.001500
0.009000,-0.001500,0.000700
0.016500,-0.000800,0.000700
0.016500,-0.000800,-0.001500
0.012000,0.000000,-0.000800
0.009000,0.001500,-0.000800
0.005200,0.001500,-0.000800
-0.002300,0.000000,-0.002300
-0.007500,-0.005300,0.000000
-0.008300,-0.005300,0.000700
-0.001500,-0.001500,0.000700
0.008200,0.000700,-0.000800
0.006000,-0.001500,-0.000800
-0.003000,-0.001500,0.001500
-0.006000,-0.002300,0.003000
0.000700,-0.003000,0.003700
0.007500,0.001500,0.001500
0.004500,0.002200,0.001500
-0.000800,0.000700,0.001500
0.001500,0.000700,0.001500
-0.000800,0.000700,0.000000
-0.005300,0.000000,-0.003800
-0.005300,0.003000,-0.003000
-0.010500,0.003000,-0.002300
-0.016500,0.000700,-0.000800
-0.021800,0.001500,0.000700
-0.018800,0.003000,-0.000800
-0.011300,0.004500,-0.001500
-0.004600,0.004500,-0.000800
0.006700,0.003700,-0.001500
0.013500,0.001500,-0.002300
0.009000,-0.001500,-0.001500
-0.000800,-0.003800,-0.002300
-0.012800,-0.003800,-0.003000
-0.017300,0.000000,-0.001500
-0.012800,0.001500,0.000000
-0.004600,0.003000,0.001500
0.001500,0.004500,0.000700
0.001500,0.004500,-0.000800
0.008200,0.001500,-0.000800
0.012000,0.001500,-0.004600
0.012000,0.000700,-0.004600
0.007500,-0.003800,-0.003000
-0.002300,-0.004600,-0.000800
-0.004600,-0.005300,0.000700
-0.003800,-0.003000,-0.004600
-0.001500,-0.003000,-0.005300
-0.005300,0.000700,-0.003000
-0.004600,0.003000,0.000000
0.003000,0.000700,0.003700
0.009000,0.002200,0.003700
0.008200,0.001500,0.000700
-0.001500,0.003000,0.000000
-0.004600,0.000000,-0.001500
-0.006800,0.000700,-0.003000
-0.006800,0.001500,0.000700
-0.011300,-0.000800,0.000700
-0.021800,0.001500,0.001500
-0.024000,0.002200,0.003700
-0.016500,0.000700,0.003700
-0.003800,-0.000800,0.002200
0.003700,0.000000,-0.000800
0.012700,-0.003000,-0.001500
0.033000,-0.003000,-0.000800
0.054700,-0.004600,0.004500
0.051000,-0.003000,0.006700
0.016500,-0.005300,0.004500
-0.003800,-0.008300,0.003700
-0.005300,-0.004600,0.003700
-0.005300,-0.005300,0.006000
-0.000800,-0.003800,0.006700
0.003700,-0.001500,0.006700
0.004500,0.000000,0.008200
0.003700,0.002200,0.006000
0.003700,0.000700,0.003000
0.003000,0.000700,-0.000800
0.000000,0.001500,-0.002300
-0.001500,0.005200,-0.003000
-0.004600,0.008200,-0.000800
-0.009800,0.009000,0.003000
-0.009800,0.008200,0.003700
-0.008300,0.009000,0.003000
-0.008300,0.010500,-0.000800
-0.009100,0.009000,-0.000800
-0.006800,0.008200,0.001500
-0.006000,0.006700,-0.000800
-0.005300,0.001500,-0.003000
-0.002300,-0.001500,-0.001500
-0.000800,-0.004600,0.001500
0.000000,-0.006000,0.001500
-0.001500,-0.003800,-0.000800
0.001500,-0.005300,-0.000800
0.000700,-0.009100,-0.000800
-0.003000,-0.010500,0.001500
-0.006800,-0.011300,0.000700
-0.018100,-0.008300,0.000000
-0.018100,-0.006000,0.001500
-0.017300,-0.003000,0.001500
-0.021800,-0.001500,0.000700
-0.015000,-0.003000,-0.003800
-0.000800,-0.003000,-0.004600
0.022500,0.000700,-0.004600
0.031500,0.005200,0.003000
0.020200,0.006700,0.006700
0.027000,0.008200,-0.000800
0.028500,0.009700,-0.004600
0.014200,0.006000,-0.009100
0.003000,0.006700,-0.006800
-0.011300,0.006700,-0.006000
-0.015800,0.006700,-0.006800
-0.015800,0.004500,-0.006800
-0.015000,0.000000,-0.006800
-0.009100,-0.000800,-0.004600
0.004500,0.000000,-0.006000
0.020200,-0.001500,-0.004600
0.016500,-0.003000,-0.003000
0.008200,-0.003000,-0.003000
0.003700,-0.003000,-0.002300
0.003000,-0.003800,-0.000800
0.005200,-0.003000,0.001500
0.001500,-0.003000,0.001500
-0.004600,-0.002300,0.004500
-0.014300,-0.002300,0.008200
-0.022500,-0.000800,0.011200
-0.023300,-0.001500,0.012700
-0.018800,-0.001500,0.010500
-0.011300,0.000000,0.007500
0.004500,0.001500,0.004500
0.026200,0.005200,0.003000
0.035200,0.006000,-0.001500
0.025500,0.007500,-0.002300
0.008200,0.003000,-0.003000
-0.006800,-0.000800,-0.003800
-0.009800,-0.001500,-0.000800
-0.006800,-0.003000,0.005200
0.000700,-0.002300,0.006700
0.009000,-0.001500,0.003700
0.003000,0.000000,0.002200
-0.005300,0.003000,0.000000
-0.006800,0.001500,0.004500
-0.014300,0.000700,0.006000
-0.015800,0.000000,0.000700
-0.012800,-0.001500,-0.002300
-0.015000,-0.004600,-0.003000
-0.018100,-0.005300,-0.001500
-0.018800,-0.002300,-0.004600
-0.015000,-0.000800,-0.006800
-0.006000,0.001500,-0.005300
0.002200,0.003000,-0.006800
0.006700,0.005200,-0.006800
0.015700,0.006700,-0.006800
0.024700,0.004500,-0.002300
0.025500,0.004500,-0.003000
0.021700,0.003700,-0.003800
0.014200,-0.000800,-0.001500
0.002200,-0.001500,0.000700
-0.006800,-0.001500,-0.001500
-0.009100,-0.003000,-0.003000
-0.010500,-0.003000,0.000700
-0.010500,-0.003000,0.006000
-0.005300,-0.000800,0.006700
-0.003800,0.001500,0.004500
-0.000800,0.001500,0.005200
0.003000,0.001500,0.016500
0.012700,0.000700,0.024000
0.020200,0.000700,0.014200
0.021000,0.000000,0.003000
0.024700,-0.002300,-0.005300
0.021700,0.000000,-0.010500
0.000700,0.003000,-0.012000
-0.013500,0.003000,-0.008300
-0.010500,0.001500,-0.000800
-0.012000,0.003700,-0.006800
-0.012800,0.004500,-0.012000
-0.009800,0.006700,-0.009100
-0.004600,0.010500,-0.003800
0.003000,0.010500,-0.000800
0.001500,0.009000,-0.000800
-0.002300,0.005200,-0.002300
0.000000,0.003000,-0.008300
0.000700,0.000700,-0.009100
-0.003000,-0.001500,-0.009100
0.003000,-0.005300,-0.006800
0.015000,-0.005300,-0.000800
0.013500,-0.006800,-0.000800
0.005200,-0.006800,0.002200
-0.003000,-0.006800,0.001500
-0.012800,-0.008300,-0.003000
-0.015000,-0.007500,-0.004600
-0.014300,-0.004600,-0.001500
-0.013500,-0.002300,0.006000
-0.012800,-0.004600,0.010500
-0.010500,-0.003000,0.012000
-0.003000,-0.001500,0.009000
0.004500,-0.000800,0.008200
0.011200,0.001500,0.004500
0.009700,-0.001500,-0.002300
0.007500,-0.003000,-0.007500
0.024700,-0.000800,-0.005300
0.034500,0.003000,0.004500
0.012000,0.005200,0.012700
-0.003000,0.003000,0.010500
0.001500,0.002200,0.003700
-0.000800,0.006000,-0.003000
0.003000,0.005200,-0.004600
0.007500,0.004500,0.005200
0.010500,0.000700,0.008200
0.006700,-0.001500,0.006000
-0.005300,-0.004600,0.001500
-0.008300,-0.005300,-0.004600
-0.010500,-0.006800,-0.005300
-0.012800,-0.006800,-0.006800
-0.015000,-0.004600,-0.008300
-0.009100,-0.004600,-0.012000
0.001500,0.001500,-0.010500
0.004500,0.004500,-0.008300
0.000000,0.005200,-0.000800
-0.005300,0.007500,0.002200
-0.005300,0.008200,-0.005300
-0.009100,0.005200,-0.012000
-0.010500,0.003700,-0.019500
-0.014300,0.001500,-0.016500
-0.020300,0.000700,-0.012800
-0.020300,0.000000,-0.011300
-0.014300,-0.002300,0.005200
-0.008300,-0.002300,0.027000
-0.005300,-0.001500,0.027000
0.003000,0.000700,0.012000
0.012000,0.000000,-0.009800
0.012700,-0.003000,-0.025600
-0.002300,-0.006000,-0.030000
-0.014300,-0.007500,-0.025600
-0.003000,-0.006800,-0.014300
0.009000,-0.006800,-0.008300
0.015000,-0.003000,0.001500
0.015000,-0.000800,0.009000
0.012000,0.000700,0.030000
0.009000,0.000000,0.036700
0.010500,-0.001500,0.016500
0.015700,-0.000800,0.021700
0.018000,-0.000800,0.037500
0.012000,-0.000800,0.033700
0.006700,0.001500,0.019500
0.009000,0.003000,0.021700
0.000700,0.003700,0.044200
-0.008300,0.004500,0.046500
-0.003800,0.003700,0.016500
-0.001500,0.004500,-0.014300
-0.000800,0.003000,-0.027800
-0.004600,0.000000,-0.035300
-0.006800,-0.001500,-0.048800
-0.006800,-0.001500,-0.053300
-0.010500,-0.002300,-0.053300
-0.015800,-0.005300,-0.043600
-0.012000,-0.006800,-0.027000
-0.011300,-0.007500,-0.032300
-0.012000,-0.004600,-0.030800
-0.004600,-0.000800,-0.009100
-0.001500,-0.004600,0.007500
0.007500,-0.005300,0.011200
0.021700,-0.003000,0.012000
0.019500,-0.003000,0.015700
0.003000,-0.000800,0.025500
-0.004600,0.000000,0.033700
0.008200,0.004500,0.031500
0.022500,0.005200,0.026200
0.025500,0.006000,0.029200
0.026200,0.005200,0.030700
0.024000,0.006000,0.039000
0.011200,0.003000,0.047200
-0.006800,-0.001500,0.044200
-0.017300,0.000700,0.038200
-0.015800,0.002200,0.032200
-0.012800,0.003000,0.029200
-0.012000,0.003000,0.030000
-0.009800,0.004500,0.027700
-0.010500,0.003000,0.013500
-0.010500,0.001500,-0.004600
-0.014300,0.003700,-0.006000
-0.016500,0.001500,0.003700
-0.014300,-0.000800,0.003000
-0.005300,-0.003000,0.005200
-0.005300,-0.000800,0.012700
-0.015800,-0.000800,0.012700
-0.024000,-0.003000,-0.000800
-0.024000,-0.003800,-0.008300
-0.012000,-0.004600,-0.009100
0.011200,-0.004600,-0.020300
0.035200,-0.005300,-0.011300
0.049500,-0.004600,0.015000
0.045700,-0.003000,0.021700
0.010500,-0.001500,0.009000
-0.016500,0.001500,-0.001500
-0.015000,0.007500,-0.009100
-0.004600,0.009700,-0.004600
0.014200,0.010500,0.012000
0.016500,0.006000,0.013500
0.003000,0.004500,0.006700
0.005200,0.005200,-0.003000
0.003000,0.005200,-0.028500
-0.010500,0.004500,-0.049500
-0.015800,0.001500,-0.054800
-0.015000,-0.003000,-0.048800
-0.015000,-0.005300,-0.033800
-0.013500,-0.006800,-0.029300
-0.000800,-0.007500,-0.025600
0.014200,-0.007500,-0.016500
0.021700,-0.006000,-0.012000
0.015700,-0.003800,-0.003800
0.003700,-0.000800,-0.006800
-0.003800,-0.000800,-0.005300
-0.009800,-0.005300,-0.000800
-0.008300,-0.006800,-0.009100
-0.016500,-0.005300,-0.015800
-0.018800,-0.005300,-0.021800
-0.006800,-0.005300,-0.027800
0.008200,-0.004600,-0.027000
0.003000,-0.001500,-0.018800
-0.006800,0.005200,-0.020300
0.003000,0.012700,-0.024000
0.005200,0.012000,-0.015000
0.005200,0.012000,0.000700
0.002200,0.015700,0.011200
0.000000,0.012000,-0.000800
-0.000800,0.003000,-0.009100
0.000700,-0.001500,-0.011300
-0.006000,-0.002300,-0.018100
-0.014300,-0.005300,-0.018800
-0.012800,-0.006800,-0.018100
-0.006000,-0.008300,-0.024000
0.014200,-0.008300,-0.024000
0.024700,-0.010500,-0.009800
0.021700,-0.008300,0.003000
0.020200,-0.006800,-0.000800
0.014200,-0.003000,-0.015800
-0.001500,0.003000,-0.025600
-0.008300,0.003000,-0.024000
-0.009100,0.003700,-0.018800
-0.014300,0.005200,-0.024000
-0.009800,0.014200,-0.030000
-0.005300,0.016500,-0.036800
0.000000,0.012700,-0.039000
0.000700,0.009000,-0.034600
0.000000,0.006700,-0.018800
0.000700,0.006700,0.019500
-0.006800,0.003700,0.048700
-0.008300,-0.000800,0.053200
0.000700,-0.003000,0.037500
0.009700,-0.006800,0.019500
0.023200,-0.015000,0.018000
0.017200,-0.015000,0.020200
0.004500,-0.008300,0.012000
0.006000,-0.006800,-0.000800
0.002200,-0.005300,0.003000
-0.004600,-0.000800,0.006000
-0.005300,0.000700,0.006000
-0.000800,-0.001500,0.003700
0.003000,-0.003000,0.008200
0.003000,-0.001500,0.014200
0.001500,0.001500,0.017200
0.000700,0.004500,0.020200
0.000000,0.007500,0.017200
0.009700,0.007500,0.023200
0.027000,0.006700,0.027000
0.019500,0.005200,0.021000
-0.000800,0.003000,0.014200
-0.015800,-0.001500,0.012700
-0.033000,-0.001500,0.009000
-0.033800,-0.003000,0.006000
-0.028500,-0.001500,0.008200
-0.021800,-0.001500,0.006700
-0.006800,-0.001500,0.007500
0.008200,-0.002300,0.000700
0.024700,-0.003000,0.000000
0.024700,0.000700,0.009000
0.006700,0.003700,0.011200
-0.011300,0.006700,0.008200
-0.016500,0.006700,0.010500
-0.010500,0.007500,0.015000
-0.003000,0.006700,0.015000
-0.003000,0.003000,0.016500
-0.005300,-0.003000,0.013500
0.001500,-0.005300,0.012000
0.012000,-0.005300,0.012000
0.014200,-0.009100,0.009000
0.010500,-0.009100,0.009700
-0.001500,-0.006800,0.009000
-0.009800,-0.005300,0.010500
-0.016500,-0.005300,0.013500
-0.018100,-0.003000,0.012000
-0.016500,-0.001500,0.006000
-0.013500,0.000700,0.005200
-0.004600,0.001500,0.006000
0.003700,0.000700,0.002200
0.009700,0.000000,-0.001500
0.008200,-0.001500,-0.003800
0.005200,0.002200,-0.006800
0.020200,0.003000,-0.008300
0.046500,0.001500,-0.008300
0.051000,0.003000,-0.006800
0.021000,0.002200,-0.005300
-0.012800,-0.002300,-0.003800
-0.030000,-0.002300,-0.001500
-0.033800,0.003000,0.000000
-0.040500,0.003000,0.000000
-0.046500,0.003000,0.001500
-0.039800,0.001500,-0.001500
-0.030000,-0.000800,-0.007500
-0.020300,-0.003000,-0.013500
-0.024000,-0.003000,-0.014300
-0.031500,-0.003000,-0.012000
-0.020300,-0.006000,-0.012000
0.001500,-0.008300,-0.009800
0.019500,-0.008300,-0.006800
0.041200,-0.003800,-0.004600
0.054000,0.001500,-0.004600
0.034500,0.001500,-0.008300
0.019500,0.001500,-0.010500
0.018700,0.000700,-0.006800
0.013500,-0.004600,-0.004600
0.007500,-0.008300,0.000000
0.004500,-0.002300,0.000000
0.002200,0.004500,-0.001500
0.010500,0.003000,-0.001500
0.024000,0.004500,-0.004600
0.024700,0.007500,-0.006000
0.024000,0.003000,-0.005300
0.021000,0.001500,-0.006800
0.018000,0.003700,-0.004600
-0.000800,0.001500,-0.001500
-0.018100,0.004500,-0.001500
-0.020300,0.004500,-0.003000
-0.029300,-0.003000,-0.000800
-0.022500,-0.004600,0.004500
-0.007500,-0.001500,0.006700
0.001500,-0.005300,0.018000
0.010500,-0.006800,0.022500
0.020200,-0.006800,0.014200
0.015700,-0.006800,0.004500
0.009000,-0.008300,-0.006000
0.004500,-0.009800,-0.004600
-0.012000,-0.004600,-0.001500
-0.011300,0.001500,-0.004600
0.000700,0.007500,-0.009100
-0.004600,0.006700,-0.012800
-0.015800,0.001500,-0.012800
0.001500,0.001500,-0.020300
0.017200,0.004500,-0.019500
0.005200,0.007500,-0.006800
-0.010500,0.008200,-0.004600
-0.006000,0.006700,-0.009800
0.012700,0.006700,-0.016500
0.010500,0.007500,-0.020300
0.003000,0.004500,-0.017300
0.000000,0.005200,-0.006800
0.004500,0.003700,0.000000
0.003000,0.000000,-0.003000
-0.003000,0.001500,-0.001500
-0.009100,0.000700,-0.000800
-0.014300,-0.000800,-0.000800
-0.009800,-0.001500,0.003000
-0.015000,-0.003000,0.017200
-0.021800,-0.004600,0.023200
-0.016500,-0.005300,0.019500
-0.005300,-0.005300,0.016500
0.000700,-0.002300,0.009000
0.003700,0.000700,0.008200
0.012000,0.005200,0.006700
0.008200,0.008200,0.006000
0.000700,0.002200,0.008200
0.000700,0.000000,0.012700
0.003700,-0.000800,0.010500
0.004500,0.000700,0.008200
0.000700,0.000700,0.012700
-0.000800,-0.004600,0.009000
-0.009100,-0.003800,0.009000
-0.012000,-0.001500,0.008200
-0.009100,-0.007500,0.000700
-0.000800,-0.009800,0.002200
0.016500,-0.008300,0.005200
0.021000,-0.006800,0.000000
0.006700,0.000000,-0.010500
-0.010500,0.005200,-0.014300
-0.016500,0.005200,-0.008300
-0.013500,-0.001500,-0.007500
-0.015000,-0.003000,-0.006000
-0.013500,0.003700,0.000700
-0.001500,0.006000,0.000000
0.009700,0.005200,-0.001500
0.010500,0.003000,0.005200
0.000700,0.000000,0.009000
-0.003000,-0.001500,0.014200
-0.007500,-0.000800,0.010500
-0.008300,0.001500,0.003000
0.003700,0.004500,0.003000
0.009000,0.006700,0.000700
0.010500,0.009000,0.002200
0.015700,0.005200,0.000700
0.018000,0.001500,-0.001500
0.011200,-0.000800,-0.000800
0.008200,0.000700,-0.003800
0.005200,0.006700,-0.004600
0.002200,0.006000,-0.004600
-0.003000,0.003000,-0.003800
-0.006800,0.001500,-0.005300
-0.005300,-0.004600,-0.008300
-0.008300,-0.006000,-0.006800
-0.010500,-0.006000,-0.003800
-0.006800,-0.000800,-0.002300
0.003700,0.001500,-0.003000
0.008200,-0.001500,-0.003800
0.012700,-0.003000,-0.001500
0.015000,-0.001500,-0.000800
-0.003800,0.002200,-0.001500
-0.017300,0.001500,0.000000
-0.016500,0.000700,-0.002300
-0.012800,-0.000800,-0.000800
-0.010500,-0.002300,0.000700
-0.012000,-0.002300,0.000700
-0.012000,-0.001500,0.001500
-0.001500,-0.003800,-0.000800
0.002200,-0.007500,0.000700
0.003700,-0.008300,0.001500
0.023200,-0.006800,0.000000
0.036700,-0.004600,-0.002300
0.021700,-0.004600,-0.004600
0.005200,-0.002300,-0.003000
-0.005300,0.006700,-0.002300
-0.025600,0.009000,-0.003000
-0.021800,0.008200,-0.001500
0.001500,0.005200,-0.003000
0.016500,0.001500,-0.004600
0.020200,-0.002300,-0.007500
0.012000,-0.003000,-0.006000
0.006700,-0.003000,-0.001500
0.006700,-0.005300,-0.004600
0.007500,-0.005300,-0.003800
0.010500,-0.003800,-0.000800
0.021700,-0.001500,0.001500
0.018700,-0.001500,0.003700
-0.012800,0.003000,0.005200
-0.030000,0.004500,0.005200
-0.029300,0.004500,0.004500
-0.024000,0.005200,0.006000
-0.018100,0.004500,0.006000
-0.015800,0.004500,0.005200
-0.009100,-0.000800,0.004500
-0.006800,0.003000,0.001500
-0.012000,0.004500,0.002200
-0.000800,0.002200,0.002200
0.006000,0.000700,0.003000
-0.002300,0.000000,0.001500
-0.003000,0.003000,0.000700
-0.003800,0.003000,0.000700
-0.006800,0.005200,-0.000800
0.002200,0.003700,-0.000800
0.014200,0.003700,-0.001500
0.018700,0.008200,-0.002300
0.020200,0.010500,-0.000800
0.017200,0.006700,-0.003000
-0.001500,0.003000,-0.000800
-0.010500,0.004500,-0.000800
-0.009100,0.004500,-0.000800
-0.006000,-0.004600,0.000700
0.001500,-0.007500,0.000700
-0.005300,-0.003000,0.001500
-0.011300,-0.003000,0.000700
-0.009100,-0.001500,0.001500
-0.004600,-0.003000,0.005200
-0.006000,-0.009100,0.005200
-0.005300,-0.010500,0.002200
0.003000,-0.007500,0.001500
0.001500,-0.003000,0.000000
0.001500,-0.003800,0.000000
0.000700,-0.006800,0.001500
0.009700,-0.006800,0.000700
0.019500,-0.004600,-0.003000
0.014200,-0.001500,-0.003000
0.013500,-0.001500,-0.003000
0.021700,-0.002300,-0.003800
0.033700,-0.000800,-0.000800
0.020200,-0.003800,0.000700
0.003000,-0.006000,0.000700
-0.002300,-0.006000,0.000700
-0.009100,-0.008300,0.000700
-0.015800,-0.004600,-0.001500
-0.020300,-0.003000,-0.000800
-0.006000,-0.001500,0.000700
0.002200,0.000700,0.000700
-0.004600,-0.003000,-0.000800
-0.009100,-0.005300,-0.002300
-0.004600,-0.003800,-0.000800
0.003000,0.001500,0.001500
-0.000800,0.008200,0.000700
-0.006800,0.006700,0.003000
-0.005300,0.006700,0.002200
-0.001500,0.008200,0.001500
-0.001500,0.006700,0.003700
-0.000800,0.004500,0.001500
-0.006800,0.004500,0.002200
-0.009800,0.003700,0.002200
-0.003000,0.002200,0.002200
-0.000800,-0.000800,0.003000
-0.000800,-0.001500,0.002200
0.005200,-0.001500,0.000700
0.008200,-0.003000,-0.000800
0.009000,-0.003800,-0.003000
0.028500,-0.000800,-0.002300
0.042700,0.000700,-0.000800
0.019500,0.001500,-0.002300
-0.006800,0.003000,-0.000800
-0.024000,0.003700,-0.000800
-0.033000,0.000000,-0.003000
-0.020300,-0.004600,-0.005300
0.000700,-0.004600,-0.004600
0.015700,-0.004600,-0.004600
0.009000,-0.002300,-0.005300
-0.006000,-0.006800,-0.005300
-0.017300,-0.006000,-0.005300
-0.014300,-0.001500,-0.001500
-0.018100,0.001500,-0.000800
-0.020300,0.009000,-0.000800
-0.000800,0.009000,-0.000800
0.005200,0.008200,0.001500
0.001500,0.001500,0.004500
-0.005300,-0.007500,-0.000800
-0.012000,-0.013500,-0.005300
-0.013500,-0.015800,-0.006800
-0.014300,-0.006800,-0.005300
-0.009100,-0.002300,-0.003000
-0.003000,0.003000,-0.003000
0.017200,0.011200,-0.004600
0.023200,0.012700,-0.002300
0.010500,0.012700,0.000700
0.001500,0.010500,-0.000800
0.008200,0.007500,-0.003000
0.032200,0.004500,-0.001500
0.031500,0.003000,0.000700
0.014200,0.001500,0.007500
0.006700,0.001500,0.008200
-0.006000,0.002200,0.007500
-0.004600,0.001500,0.005200
0.006700,0.000000,0.003700
0.007500,-0.000800,0.006700
-0.006800,0.001500,0.008200
-0.024000,0.003000,0.006700
-0.021800,0.001500,0.004500
-0.012000,-0.001500,0.001500
0.001500,-0.006000,0.000000
0.014200,-0.009100,0.001500
0.014200,-0.010500,0.001500
-0.003000,-0.006800,0.000700
-0.003000,-0.006000,-0.000800
0.021700,-0.006000,-0.003000
0.029200,-0.006800,-0.004600
0.008200,-0.004600,-0.005300
-0.015000,0.003700,-0.004600
-0.020300,0.005200,-0.003000
-0.015800,0.006000,-0.004600
-0.012800,0.007500,-0.004600
-0.008300,0.003000,-0.005300
-0.008300,-0.001500,-0.003000
-0.014300,-0.001500,0.000700
-0.011300,-0.008300,-0.000800
-0.011300,-0.010500,-0.001500
-0.012000,-0.012000,0.000000
-0.004600,-0.010500,0.003000
0.001500,-0.003000,0.005200
0.013500,0.001500,0.005200
0.031500,0.004500,0.005200
0.025500,0.006000,0.005200
0.012700,0.007500,0.003000
-0.001500,0.008200,0.000700
-0.025600,0.004500,0.000000
-0.029300,0.002200,0.001500
-0.006800,0.000700,0.002200
0.018700,-0.000800,0.001500
0.023200,-0.002300,-0.000800
0.024000,-0.003000,0.001500
0.006700,-0.003000,0.002200
-0.021000,-0.000800,0.001500
-0.021800,0.000000,0.003000
-0.005300,0.000000,0.005200
0.016500,0.003000,0.005200
0.016500,0.006700,0.004500
0.007500,0.005200,0.004500
0.009000,0.004500,0.003700
0.009000,0.005200,0.003000
0.011200,0.008200,0.001500
0.006700,0.008200,0.001500
0.000700,-0.000800,0.000000
0.000000,-0.004600,-0.003000
-0.012000,-0.003000,-0.004600
-0.017300,-0.008300,-0.003000
-0.012800,-0.006000,-0.001500
-0.015800,-0.004600,-0.001500
-0.029300,-0.004600,0.000700
-0.039000,-0.002300,0.002200
-0.035300,0.001500,0.000700
-0.012800,0.003000,0.001500
0.027700,-0.000800,0.000000
0.042000,-0.001500,-0.001500
0.021700,-0.001500,-0.000800
-0.003000,-0.005300,-0.000800
-0.002300,-0.003000,0.000000
0.016500,0.003000,-0.003000
0.010500,0.005200,-0.003800
0.000000,0.005200,-0.001500
0.003000,0.006000,-0.002300
-0.007500,0.005200,-0.001500
-0.012000,0.005200,-0.000800
-0.011300,0.003000,0.000700
-0.017300,-0.001500,-0.003000
-0.000800,-0.003000,-0.003000
0.012700,-0.000800,0.002200
0.002200,0.002200,0.000700
-0.001500,0.001500,0.000000
0.006700,0.000700,0.001500
0.014200,0.003000,0.005200
0.014200,0.000700,0.006700
0.002200,-0.004600,0.002200
-0.014300,-0.005300,0.002200
-0.016500,-0.004600,-0.000800
0.000700,-0.005300,-0.001500
0.027000,-0.000800,-0.003000
0.039700,0.003000,-0.004600
0.039000,0.004500,-0.002300
0.025500,0.002200,-0.001500
0.009700,0.000700,0.000700
0.003700,-0.000800,0.000000
-0.003000,-0.002300,-0.000800
-0.005300,0.000700,-0.001500
-0.013500,-0.001500,-0.002300
-0.014300,-0.001500,0.000700
-0.015000,0.001500,0.000700
-0.013500,0.003000,0.000700
-0.003800,0.001500,0.001500
0.001500,-0.000800,0.000700
0.006700,-0.001500,0.001500
-0.000800,-0.001500,0.004500
-0.016500,-0.001500,0.006700
-0.018800,-0.001500,0.003000
-0.024800,-0.001500,-0.000800
-0.030000,-0.000800,-0.003800
-0.023300,0.000700,-0.003000
-0.014300,0.000700,-0.001500
-0.000800,0.001500,-0.000800
0.012000,0.002200,0.002200
0.012000,-0.000800,0.002200
0.007500,-0.003000,0.001500
0.004500,-0.004600,-0.003000
-0.000800,-0.004600,-0.008300
-0.006000,-0.003000,-0.008300
-0.012800,-0.002300,-0.006800
-0.007500,-0.000800,0.000000
-0.003800,-0.003000,0.001500
0.004500,-0.004600,0.000700
0.021700,0.003000,-0.000800
0.009700,0.006000,-0.001500
-0.014300,0.006700,0.000700
-0.018100,0.007500,0.000700
-0.006800,0.008200,0.003000
0.020200,0.004500,0.005200
0.042700,-0.001500,0.005200
0.057000,-0.001500,0.003000
0.040500,-0.003000,0.000700
0.014200,-0.006800,0.002200
0.004500,-0.003000,0.002200
0.001500,0.000700,0.002200
-0.003000,0.002200,0.000000
-0.009800,0.000700,-0.000800
-0.011300,-0.002300,0.000700
-0.012000,-0.001500,0.003000
-0.017300,-0.001500,0.000700
-0.031500,-0.002300,-0.003000
-0.019500,-0.001500,-0.002300
0.008200,-0.000800,-0.002300
0.001500,-0.000800,-0.003000
-0.008300,-0.000800,-0.003000
0.009700,-0.000800,-0.001500
0.027700,-0.000800,0.000700
0.025500,0.000700,0.000700
0.006700,0.001500,0.000700
-0.009100,0.005200,0.001500
-0.005300,0.004500,0.003000
-0.004600,0.001500,0.001500
-0.006800,0.000700,0.000000
-0.009100,-0.000800,-0.001500
-0.013500,0.001500,-0.002300
-0.012000,0.000700,-0.003800
-0.015800,0.000700,-0.005300
-0.026300,-0.000800,-0.003000
-0.027800,-0.000800,-0.001500
-0.019500,0.000700,-0.001500
-0.010500,0.001500,-0.000800
-0.003800,0.004500,-0.000800
0.003000,0.005200,0.000000
0.003700,0.004500,0.000700
-0.006800,0.002200,0.001500
-0.001500,0.002200,0.001500
0.026200,0.000700,-0.000800
0.031500,0.000700,-0.004600
0.022500,0.001500,-0.004600
0.013500,0.000700,-0.001500
-0.015800,-0.000800,0.000700
-0.024800,-0.001500,0.000700
-0.012800,0.000000,0.000000
0.003000,0.000000,0.000700
0.024000,0.000000,0.002200
0.026200,-0.003000,0.003000
0.010500,-0.002300,0.001500
-0.004600,-0.001500,0.000700
-0.003000,-0.004600,-0.002300
0.000700,-0.006000,-0.002300
0.000700,-0.006000,-0.000800
0.002200,-0.003000,-0.001500
0.003000,0.001500,-0.000800
-0.000800,0.002200,-0.000800
-0.007500,-0.002300,-0.000800
0.000700,0.000700,-0.001500
0.006700,0.008200,-0.000800
-0.001500,0.008200,0.001500
0.002200,0.004500,0.001500
0.009000,0.000700,0.003700
-0.002300,-0.000800,0.005200
-0.027000,-0.003000,0.005200
-0.033000,-0.006000,0.005200
-0.017300,-0.004600,0.003000
-0.001500,-0.005300,0.003700
0.007500,-0.003800,0.003000
0.001500,-0.003000,0.003000
0.008200,-0.003000,0.001500
0.012000,0.000700,-0.000800
0.014200,0.002200,-0.000800
0.023200,0.003000,-0.000800
0.025500,0.001500,-0.000800
0.025500,0.003000,0.000000
0.010500,0.005200,0.001500
-0.000800,0.004500,0.000700
0.006000,0.002200,0.001500
0.018000,-0.000800,0.002200
0.012700,0.000700,0.000700
-0.000800,0.004500,0.000700
-0.003000,0.006700,0.002200
-0.005300,0.002200,0.000700
-0.006000,0.003000,-0.001500
-0.009100,0.006700,-0.003000
-0.015800,0.005200,-0.005300
-0.005300,0.004500,-0.005300
-0.000800,0.004500,-0.004600
0.000000,0.002200,-0.004600
0.003000,0.000700,-0.003800
0.000700,-0.001500,-0.003000
-0.006800,-0.004600,-0.004600
-0.009100,-0.004600,-0.005300
0.000700,-0.005300,-0.006800
-0.000800,-0.008300,-0.003000
-0.003000,-0.005300,0.000700
-0.005300,-0.003000,0.001500
-0.002300,-0.004600,0.002200
-0.005300,-0.002300,0.001500
-0.009800,0.001500,0.001500
-0.006800,0.003000,0.000700
-0.009100,0.003000,0.001500
-0.008300,0.005200,0.003700
-0.012000,0.008200,0.001500
-0.009100,0.008200,0.000000
0.001500,0.005200,-0.000800
0.003700,0.006000,0.000000
-0.001500,0.003000,0.000700
-0.012000,0.000000,0.001500
-0.013500,-0.000800,0.003000
-0.006000,-0.000800,0.002200
-0.003000,0.003000,0.002200
-0.005300,0.000700,0.001500
-0.014300,-0.001500,0.001500
-0.008300,-0.004600,0.000700
0.006000,-0.007500,0.000700
0.014200,-0.007500,-0.001500
0.019500,-0.004600,-0.003000
0.018000,-0.003000,-0.003000
0.030000,-0.006800,-0.003800
0.039000,-0.007500,-0.005300
0.021700,-0.007500,-0.006000
-0.003000,-0.006800,-0.006000
-0.015000,-0.004600,-0.006800
-0.018800,0.000000,-0.008300
-0.024000,0.000000,-0.006000
-0.020300,0.000700,-0.005300
-0.012800,0.000700,-0.003800
-0.007500,0.000000,-0.002300
0.001500,0.000000,-0.000800
0.006000,0.000700,0.003000
-0.001500,0.001500,0.006000
-0.006800,0.000700,0.005200
-0.010500,0.002200,0.004500
-0.001500,0.001500,0.003700
0.012000,0.003000,0.003000
0.020200,0.007500,0.006700
0.018700,0.006000,0.009000
0.006000,0.003000,0.009000
0.000000,0.004500,0.004500
0.000700,0.001500,0.001500
0.002200,0.000000,-0.000800
-0.000800,0.000000,-0.000800
-0.006800,0.000000,0.002200
-0.004600,0.000700,0.003700
0.005200,-0.001500,0.001500
0.006700,0.000000,0.001500
-0.000800,0.003000,0.002200
-0.006800,0.003000,-0.000800
-0.009100,0.000700,-0.001500
-0.006800,0.000700,-0.000800
-0.001500,-0.001500,0.000700
-0.000800,-0.003000,0.004500
0.001500,-0.003000,0.004500
0.006700,-0.004600,0.001500
-0.004600,-0.005300,-0.001500
-0.016500,-0.007500,-0.000800
-0.013500,-0.005300,-0.002300
-0.001500,-0.003000,-0.003000
0.010500,-0.003800,0.000700
0.020200,-0.001500,0.003000
0.026200,-0.000800,0.003700
0.011200,0.000700,0.002200
-0.010500,0.002200,0.001500
-0.001500,0.002200,0.000700
-0.002300,0.002200,-0.002300
-0.002300,0.002200,-0.001500
0.018000,0.003000,-0.003800
0.016500,0.004500,-0.004600
0.010500,0.003000,0.000700
0.006700,0.003700,0.002200
0.012700,0.004500,0.003700
0.019500,0.003000,0.000700
0.009700,0.001500,-0.000800
-0.001500,0.000700,0.000700
-0.006800,0.001500,0.001500
-0.003000,-0.000800,0.002200
0.005200,-0.001500,0.001500
0.004500,-0.003800,0.002200
-0.009100,-0.004600,0.003000
-0.014300,-0.004600,0.003700
-0.012800,-0.001500,0.002200
-0.012000,-0.003000,0.001500
-0.017300,-0.003800,-0.000800
-0.033800,0.000000,0.000000
-0.044300,0.003700,0.000700
-0.027800,0.005200,-0.000800
0.009000,0.003700,0.000700
0.021700,0.003000,0.001500
-0.000800,0.000700,0.001500
-0.020300,0.002200,0.000700
-0.003800,-0.000800,0.000000
0.036000,-0.001500,-0.001500
0.048700,0.000700,-0.002300
0.023200,-0.001500,-0.003800
-0.000800,-0.003000,-0.005300
-0.016500,-0.005300,-0.005300
-0.013500,-0.004600,-0.006000
0.007500,-0.003000,-0.006000
0.030000,-0.003000,-0.004600
0.029200,0.000000,-0.002300
-0.012800,0.004500,-0.002300
-0.036800,0.005200,-0.000800
-0.033000,0.003000,0.000700
-0.031500,0.002200,0.000700
-0.025600,0.001500,0.000700
-0.016500,0.003000,0.001500
-0.008300,0.000700,0.004500
-0.002300,0.000700,0.004500
0.004500,0.002200,0.005200
0.009000,0.000700,0.006700
0.011200,-0.001500,0.006000
0.010500,-0.005300,0.004500
0.014200,-0.006800,0.003000
0.030700,-0.004600,0.001500
0.045700,-0.003000,-0.000800
0.040500,-0.003000,-0.001500
0.024700,-0.002300,-0.003000
0.012700,-0.000800,-0.000800
-0.000800,-0.002300,0.000000
-0.009100,-0.006800,-0.003000
-0.017300,-0.009100,-0.004600
-0.029300,-0.008300,-0.004600
-0.036800,-0.003000,-0.005300
-0.031500,-0.001500,-0.008300
-0.015000,0.000000,-0.009100
-0.000800,0.000700,-0.010500
0.006700,0.000700,-0.008300
0.011200,0.000700,-0.006000
0.009000,-0.000800,-0.006800
-0.006000,-0.001500,-0.004600
-0.005300,0.000000,-0.003000
-0.000800,0.000700,-0.001500
0.004500,0.002200,-0.000800
0.005200,0.001500,-0.000800
-0.000800,0.001500,-0.001500
0.000700,0.003000,-0.000800
0.001500,0.001500,0.000000
0.001500,0.003700,-0.001500
0.004500,0.005200,0.000700
0.006700,0.004500,0.000000
0.005200,0.006000,0.000700
0.005200,0.006000,0.000700
0.010500,0.005200,0.001500
0.018000,0.003000,-0.001500
0.021000,0.004500,-0.002300
0.018700,0.004500,-0.000800
0.012700,0.004500,0.000700
0.004500,0.006700,0.001500
-0.010500,0.006700,-0.000800
-0.019500,0.006700,-0.004600
-0.013500,0.003000,-0.009100
-0.012000,-0.001500,-0.007500
-0.012000,-0.001500,-0.007500
-0.014300,-0.002300,-0.006800
-0.015800,-0.003000,-0.004600
-0.005300,-0.001500,-0.001500
0.009000,-0.003800,0.000700
0.004500,-0.006800,0.002200
0.001500,-0.007500,0.004500
0.012700,-0.008300,0.001500
0.002200,-0.008300,0.004500
-0.009100,-0.006000,0.005200
-0.017300,-0.004600,0.006700
-0.020300,-0.004600,0.003700
-0.008300,-0.004600,0.003000
-0.005300,-0.004600,0.005200
-0.010500,-0.002300,0.002200
-0.009100,0.000700,0.003700
-0.006000,0.003700,0.003000
0.003000,0.005200,0.003700
0.015000,0.006000,0.003000
0.014200,0.007500,0.001500
0.018700,0.006700,0.003700
0.025500,0.003700,0.002200
0.022500,0.001500,0.003000
0.015000,-0.001500,0.001500
0.003000,-0.003000,0.001500
-0.000800,-0.001500,0.004500
-0.004600,0.001500,0.005200
-0.006800,0.000700,0.004500
-0.001500,0.001500,0.003000
0.014200,0.003000,0.000700
0.017200,0.002200,-0.001500
0.001500,0.001500,-0.003000
-0.012800,0.000700,-0.003000
-0.029300,0.000700,-0.003000
-0.029300,0.004500,-0.002300
-0.021000,0.004500,-0.002300
-0.012800,0.003000,0.000000
-0.003000,0.006000,-0.000800
0.000700,0.004500,-0.001500
0.001500,0.003000,-0.001500
-0.003000,0.001500,0.000000
0.000000,-0.001500,0.003000
0.003000,0.000700,0.002200
0.010500,0.003000,0.003000
0.010500,0.000000,0.001500
0.012000,0.003000,0.001500
0.016500,0.003700,0.000700
0.005200,0.003700,0.000700
0.000700,0.003000,0.000700
0.005200,-0.000800,0.001500
0.013500,-0.001500,0.001500
0.009700,-0.000800,0.000000
0.004500,-0.000800,0.001500
0.012700,-0.001500,0.004500
0.030700,-0.002300,0.006700
0.042000,-0.003800,0.008200
0.017200,-0.003800,0.006700
-0.021000,-0.003000,0.007500
-0.034600,-0.003000,0.005200
-0.033000,-0.004600,0.003000
-0.023300,-0.006800,0.000700
-0.010500,-0.005300,-0.001500
-0.008300,0.000000,0.000000
-0.013500,-0.001500,0.000000
-0.013500,-0.004600,0.000000
-0.004600,-0.007500,-0.000800
0.001500,-0.006000,-0.003000
-0.006800,-0.002300,-0.003800
-0.019500,0.000700,-0.003800
-0.014300,0.003000,-0.003800
-0.006800,0.003000,-0.003000
-0.003800,0.004500,-0.005300
0.001500,0.003000,-0.005300
0.008200,0.003000,-0.003000
0.012700,0.001500,-0.004600
0.011200,-0.000800,-0.000800
0.007500,0.002200,-0.000800
-0.003000,0.000700,-0.001500
-0.006800,-0.000800,-0.000800
-0.008300,-0.001500,0.000700
-0.009100,-0.003000,0.003700
-0.000800,-0.004600,0.003000
0.005200,-0.005300,0.001500
0.012000,-0.006800,0.000700
0.021700,-0.006800,0.000000
0.024000,-0.003800,-0.001500
0.012000,-0.002300,-0.003000
0.003700,-0.002300,-0.000800
-0.001500,-0.000800,-0.001500
0.003000,-0.001500,-0.001500
0.012700,-0.002300,-0.000800
-0.000800,0.000700,-0.002300
-0.003800,0.002200,-0.003000
0.010500,0.003700,-0.003000
0.013500,0.005200,-0.002300
0.006700,0.003700,-0.003000
-0.009100,0.008200,-0.003000
-0.018100,0.009000,-0.003000
-0.009100,0.006700,-0.003800
-0.005300,0.001500,-0.003800
-0.004600,-0.000800,-0.004600
-0.004600,-0.000800,-0.004600
-0.003800,-0.000800,-0.006800
0.000000,0.001500,-0.008300
0.000000,-0.004600,-0.006800
-0.006000,-0.008300,-0.006800
-0.016500,-0.006800,-0.003800
-0.015800,0.000700,-0.003000
-0.006800,0.006000,-0.000800
-0.000800,0.008200,0.000000
-0.000800,0.008200,-0.000800
0.000000,0.000000,0.001500
0.004500,-0.005300,0.001500
0.001500,-0.008300,0.003700
-0.000800,-0.003000,0.004500
0.006700,0.000700,0.003700
0.012000,0.000000,0.003000
0.000000,-0.000800,0.003000
-0.015800,0.000700,0.001500
-0.008300,0.000700,0.001500
0.007500,-0.001500,0.004500
0.009000,-0.003000,0.005200
0.000700,-0.001500,0.005200
-0.006800,-0.000800,0.005200
-0.011300,-0.001500,0.004500
-0.010500,-0.000800,0.003700
-0.008300,0.001500,0.004500
-0.001500,0.001500,0.003000
0.004500,0.000700,0.001500
0.000700,0.003000,0.003000
0.001500,0.001500,0.002200
0.008200,0.000700,0.003700
0.009000,0.000700,0.003700
0.003000,0.000700,0.004500
0.003700,0.000700,0.005200
0.004500,-0.000800,0.004500
-0.000800,-0.001500,0.003000
0.000700,-0.001500,0.003000
0.014200,-0.003000,0.004500
0.018000,-0.000800,0.006700
0.018700,0.000000,0.004500
0.017200,0.001500,0.003000
0.003700,0.004500,0.003000
-0.004600,0.004500,0.002200
-0.006000,0.001500,0.003000
-0.001500,0.000000,0.001500
-0.007500,-0.003800,0.000000
-0.015800,-0.000800,0.000000
-0.018800,0.001500,-0.000800
-0.021800,0.001500,-0.001500
-0.018800,0.003000,-0.002300
-0.014300,0.003000,-0.000800
-0.006800,0.003000,0.000000
-0.001500,0.001500,-0.001500
0.000700,0.001500,0.000000
0.005200,0.000000,-0.001500
0.012000,0.000700,-0.003000
0.006700,0.000700,-0.003000
-0.005300,0.000700,-0.003800
-0.012800,0.003000,-0.005300
-0.018100,0.002200,-0.004600
-0.017300,0.001500,-0.003800
-0.014300,-0.001500,-0.005300
-0.001500,-0.001500,-0.005300
0.009000,-0.001500,-0.003800
0.009000,-0.001500,-0.003800
0.027000,-0.001500,-0.003000
0.043500,-0.003000,-0.003800
0.039000,-0.003800,-0.001500
0.040500,-0.003000,0.000700
0.033000,0.001500,0.000700
0.015000,0.004500,-0.000800
0.003000,0.004500,-0.001500
-0.003800,0.003700,-0.003000
-0.000800,0.001500,-0.003800
0.004500,0.000700,-0.003000
0.000700,0.000700,-0.003800
-0.009100,-0.000800,-0.003000
-0.020300,-0.001500,-0.001500
-0.027000,-0.001500,-0.000800
-0.025600,-0.000800,0.000700
-0.028500,-0.001500,0.001500
-0.023300,-0.003000,0.001500
-0.005300,-0.005300,0.002200
0.001500,-0.005300,0.003000
-0.008300,-0.005300,0.003700
-0.006000,-0.005300,0.004500
0.001500,-0.004600,0.005200
-0.004600,-0.003800,0.004500
0.009700,0.000000,0.002200
0.025500,0.001500,0.003000
0.020200,0.003000,0.003000
0.009700,0.005200,0.002200
-0.001500,0.005200,0.001500
-0.006800,0.003000,0.000700
0.003000,0.003000,-0.000800
0.022500,0.001500,-0.001500
0.033000,0.000000,-0.001500
0.025500,0.001500,-0.003000
0.008200,0.003000,-0.003000
-0.005300,-0.000800,-0.003000
-0.009100,-0.001500,-0.001500
-0.004600,0.000700,-0.001500
-0.005300,0.003000,-0.000800
-0.001500,0.000700,-0.000800
-0.003800,-0.001500,-0.000800
-0.012000,-0.002300,-0.001500
-0.015800,-0.005300,-0.000800
-0.022500,-0.006800,-0.000800
-0.030800,-0.006800,0.000000
-0.031500,-0.003000,0.000700
-0.020300,0.000700,0.003000
-0.010500,0.001500,0.003700
-0.008300,0.004500,0.004500
-0.009100,0.004500,0.004500
-0.009800,0.002200,0.004500
-0.006800,0.000700,0.003000
0.006700,0.002200,0.001500
0.019500,0.002200,0.003000
0.020200,-0.000800,0.000000
0.012000,-0.001500,-0.000800
0.007500,-0.000800,-0.001500
0.010500,0.000000,-0.004600
0.018700,-0.000800,-0.003800
0.015700,0.000700,-0.003000
0.000700,0.000700,-0.001500
-0.003000,0.000000,-0.001500
-0.005300,0.001500,-0.000800
-0.007500,0.003000,0.000000
-0.004600,0.004500,0.000700
-0.004600,0.005200,0.001500
-0.001500,0.003000,-0.000800
0.000000,0.001500,-0.000800
-0.000800,0.001500,-0.000800
-0.004600,0.000700,-0.000800
-0.009100,-0.000800,-0.000800
-0.005300,0.000700,0.000700
-0.000800,0.001500,0.000700
0.000700,0.003700,0.002200
0.002200,0.005200,0.001500
0.000000,0.003000,-0.000800
0.001500,0.001500,-0.003000
0.003000,-0.000800,-0.004600
-0.000800,-0.001500,-0.005300
-0.001500,-0.001500,-0.006800
0.001500,-0.003000,-0.005300
0.003000,-0.006000,-0.005300
0.004500,-0.006800,-0.004600
0.005200,-0.004600,-0.003000
0.003000,-0.003000,-0.004600
-0.001500,-0.003000,-0.000800
0.000700,-0.001500,-0.000800
0.019500,0.000700,-0.000800
0.034500,-0.000800,-0.000800
0.015700,-0.000800,-0.000800
-0.003800,-0.000800,-0.000800
0.003000,-0.000800,0.000700
0.005200,-0.000800,0.003000
0.007500,0.000700,0.003700
-0.000800,0.003000,0.003000
-0.005300,0.003000,0.001500
-0.003800,0.003000,0.001500
-0.006000,0.003000,0.000700
-0.005300,0.003700,-0.000800
-0.010500,0.003700,0.000700
-0.012000,0.001500,0.002200
-0.007500,0.002200,0.001500
-0.004600,0.003700,0.000000
-0.003000,0.002200,-0.001500
-0.003800,0.000700,-0.002300
-0.004600,0.001500,-0.000800
-0.003000,0.000700,-0.001500
0.007500,-0.000800,-0.005300
0.008200,0.000700,-0.005300
0.000700,0.000000,-0.006000
0.000000,-0.002300,-0.005300
-0.001500,-0.001500,-0.004600
-0.004600,-0.001500,-0.003000
-0.004600,-0.003000,-0.000800
-0.006800,-0.003000,-0.000800
-0.003800,-0.003800,-0.000800
-0.000800,-0.004600,0.000000
-0.005300,-0.003800,-0.000800
-0.005300,-0.004600,0.000700
-0.005300,-0.003000,0.001500
-0.006800,-0.004600,0.000000
-0.009800,-0.005300,-0.001500
-0.010500,-0.004600,-0.003000
-0.005300,-0.000800,-0.003000
0.000000,0.002200,-0.005300
0.007500,0.006000,-0.003000
0.010500,0.006700,-0.000800
0.006700,0.006000,0.000700
0.005200,0.009000,0.003000
0.012700,0.006700,0.001500
0.025500,0.005200,0.000700
0.027700,0.005200,0.001500
0.019500,0.003000,0.001500
0.007500,0.001500,0.002200
0.000700,-0.000800,0.000700
-0.006000,-0.001500,0.000000
-0.009100,-0.000800,0.004500
-0.004600,-0.002300,0.005200
-0.005300,-0.005300,0.000700
-0.007500,-0.006800,0.000000
-0.006000,-0.005300,-0.001500
-0.008300,-0.003000,-0.000800
-0.010500,-0.001500,0.000000
-0.009800,-0.003000,0.001500
-0.009100,-0.003000,0.001500
-0.005300,-0.001500,0.000700
-0.000800,-0.000800,0.001500
0.004500,0.001500,0.003000
0.009000,0.000700,0.007500
0.016500,0.000700,0.005200
0.024000,0.003000,0.001500
0.022500,0.003700,0.000700
0.018700,0.003000,0.004500
0.006000,0.001500,0.004500
-0.014300,0.000000,0.001500
-0.017300,-0.000800,0.003000
-0.005300,-0.003000,0.002200
0.008200,-0.003800,-0.000800
0.005200,-0.003000,-0.003000
-0.009100,-0.002300,-0.003000
-0.016500,-0.001500,-0.001500
-0.021800,-0.001500,0.000000
-0.024000,-0.000800,0.001500
-0.018100,-0.000800,0.000000
-0.009800,0.001500,-0.001500
-0.007500,0.001500,0.000700
-0.003000,0.000000,0.001500
-0.000800,-0.000800,0.001500
-0.003000,-0.000800,0.003000
-0.002300,-0.001500,0.003000
-0.007500,-0.003000,0.003700
-0.006800,-0.004600,0.003000
0.000000,-0.003800,0.001500
0.004500,-0.001500,0.001500
0.006700,0.000000,0.000000
0.012000,0.001500,0.002200
0.014200,0.002200,0.005200
0.012000,0.003700,0.005200
0.005200,0.003000,0.003000
-0.004600,0.001500,0.000700
-0.006800,-0.000800,-0.001500
0.006000,-0.001500,-0.003000
0.013500,-0.000800,-0.003000
0.001500,0.000700,-0.000800
0.002200,0.003000,0.000700
0.012000,0.003000,0.001500
0.009700,0.004500,0.003000
0.006700,0.004500,0.003000
-0.000800,0.004500,0.002200
-0.002300,0.000700,0.000700
0.004500,0.001500,-0.000800
0.004500,0.003700,-0.001500
0.001500,0.001500,-0.003000
-0.000800,0.002200,-0.002300
-0.002300,0.000700,-0.001500
-0.004600,0.000700,-0.002300
-0.004600,-0.000800,-0.001500
-0.001500,-0.003000,-0.000800
-0.000800,-0.004600,0.000700
0.000700,-0.005300,0.001500
0.001500,-0.004600,0.004500
0.002200,-0.003000,0.004500
0.004500,-0.000800,0.001500
0.008200,-0.000800,0.000700
0.004500,0.000700,0.003000
-0.006800,0.000700,0.001500
-0.012000,0.000700,-0.004600
-0.014300,0.000000,-0.006800
-0.014300,0.000700,-0.006800
-0.014300,0.003700,-0.006800
-0.005300,0.001500,-0.004600
0.006700,0.001500,-0.009100
0.003700,0.001500,-0.011300
-0.006800,0.003000,-0.010500
-0.004600,0.004500,-0.009100
0.008200,0.003000,-0.006000
0.008200,0.000000,-0.004600
0.005200,-0.001500,-0.001500
0.004500,-0.000800,-0.000800
0.005200,-0.000800,0.000700
0.006700,0.000700,-0.003000
0.006700,-0.003000,-0.004600
0.004500,-0.006800,0.002200
0.000700,-0.003800,0.005200
-0.005300,-0.003800,0.007500
-0.011300,-0.001500,0.006700
-0.017300,0.000700,0.001500
-0.018100,0.003700,-0.003000
-0.009800,0.006700,-0.003000
0.004500,0.005200,0.003000
0.018000,0.006000,0.006700
0.016500,0.006700,0.009700
0.017200,0.005200,0.009000
0.021700,0.003000,0.006700
0.014200,0.000700,0.006700
0.008200,0.000000,0.005200
0.002200,-0.001500,0.003000
-0.001500,-0.003000,0.000700
-0.007500,-0.003000,0.000700
-0.018100,-0.003000,0.003700
-0.018800,-0.005300,0.004500
-0.014300,-0.004600,0.004500
-0.018100,-0.005300,0.003700
-0.020300,-0.005300,0.000700
-0.018100,-0.003800,0.003000
-0.014300,-0.004600,0.009700
-0.006000,-0.004600,0.010500
-0.001500,-0.001500,0.003000
0.004500,-0.000800,-0.000800
0.009700,0.000700,-0.003000
0.016500,0.000700,-0.004600
0.019500,-0.000800,-0.003800
0.015700,-0.001500,-0.004600
0.009700,0.001500,-0.006800
0.010500,0.003000,-0.010500
0.012700,0.003000,-0.010500
0.009000,0.005200,-0.006800
0.001500,0.006700,0.003700
-0.006800,0.003700,0.009000
-0.009100,0.000000,0.005200
-0.009800,-0.001500,0.003700
-0.008300,-0.003800,0.002200
0.000700,-0.003000,0.001500
0.012700,-0.002300,-0.003800
0.012700,-0.003000,-0.010500
0.010500,-0.003800,-0.011300
0.003000,-0.005300,0.003700
-0.007500,-0.001500,0.018000
-0.009100,0.000700,0.012000
-0.009800,0.003700,0.000000
-0.004600,0.003000,-0.011300
-0.003800,0.000700,-0.015800
-0.001500,0.001500,-0.009800
0.005200,-0.000800,-0.010500
0.006700,0.000700,-0.013500
0.003000,0.001500,-0.005300
-0.006800,0.001500,-0.000800
-0.006800,0.003000,0.000700
-0.005300,0.003700,-0.003000
-0.003000,0.000700,-0.006000
-0.006800,-0.003000,-0.009100
-0.008300,-0.003000,-0.011300
-0.003800,-0.002300,-0.009100
-0.005300,-0.001500,-0.005300
-0.010500,-0.000800,0.000700
-0.011300,0.001500,0.007500
-0.001500,0.004500,0.015700
0.007500,0.008200,0.018000
0.009700,0.010500,0.012000
0.004500,0.007500,0.008200
0.000700,0.004500,0.005200
0.009700,0.003000,0.009000
0.009000,0.000700,0.020200
0.004500,0.001500,0.020200
0.006000,-0.000800,0.009000
0.005200,-0.003000,-0.000800
0.008200,-0.003800,-0.008300
0.011200,-0.002300,-0.010500
0.009000,-0.004600,-0.012000
0.004500,-0.005300,-0.004600
0.000700,-0.001500,0.000000
0.000700,-0.001500,-0.006800
0.000700,-0.002300,-0.009100
0.000700,-0.000800,-0.009100
-0.001500,-0.001500,-0.005300
-0.003000,-0.002300,-0.003800
0.003000,-0.003000,-0.003800
0.010500,-0.001500,-0.004600
0.004500,-0.000800,-0.006800
-0.009100,-0.000800,-0.005300
-0.014300,-0.001500,-0.005300
-0.011300,-0.002300,-0.006800
-0.006800,-0.002300,-0.006800
-0.003000,-0.001500,-0.004600
0.000000,0.000700,-0.000800
-0.001500,0.003000,0.000000
-0.006800,0.003000,0.001500
-0.012800,0.004500,0.007500
-0.015800,0.000000,0.007500
-0.012800,-0.003000,-0.008300
-0.007500,-0.001500,-0.015800
-0.006800,0.000700,-0.018800
-0.003000,-0.000800,-0.018100
-0.002300,-0.000800,-0.002300
0.000700,-0.001500,0.001500
0.005200,-0.000800,0.010500
0.009000,0.000700,0.018000
0.010500,0.000700,0.025500
0.006700,0.003000,0.027000
0.006000,0.001500,0.020200
0.005200,0.002200,0.020200
0.000700,0.000000,0.018000
-0.000800,-0.001500,0.011200
0.003700,-0.003000,0.004500
0.014200,-0.003000,0.009000
0.014200,-0.003000,0.017200
0.009700,-0.003800,0.019500
0.009000,-0.003000,0.003000
0.000700,-0.003000,-0.009100
-0.014300,-0.000800,-0.005300
-0.017300,0.003700,-0.000800
-0.006000,0.003000,0.003700
0.006000,0.003000,-0.007500
0.013500,0.003700,-0.013500
0.008200,0.005200,-0.008300
0.005200,0.004500,-0.007500
0.003000,0.002200,-0.010500
0.003700,0.003000,-0.005300
0.003000,0.002200,0.012700
-0.000800,0.002200,0.039000
0.000700,0.003000,0.050200
-0.000800,0.000700,0.018000
-0.003000,-0.001500,-0.013500
-0.005300,-0.001500,-0.025600
-0.005300,-0.000800,-0.024000
-0.006800,0.000000,-0.008300
-0.010500,0.001500,0.003000
-0.009800,0.000700,0.015700
-0.003000,0.000700,0.019500
0.004500,-0.000800,0.008200
0.006700,-0.002300,-0.014300
0.008200,-0.000800,-0.027800
0.005200,-0.001500,-0.018800
0.001500,0.000000,-0.008300
0.003000,0.003000,-0.000800
0.007500,0.005200,-0.002300
0.011200,0.003000,-0.000800
0.008200,0.000700,0.004500
-0.003000,0.000000,0.003700
-0.014300,-0.000800,0.006700
-0.015800,-0.000800,0.015700
-0.009800,0.000000,0.017200
-0.003800,-0.002300,0.020200
-0.006800,-0.004600,0.020200
-0.009100,-0.003800,0.014200
-0.009800,-0.004600,0.010500
-0.009100,-0.003800,0.007500
-0.004600,-0.003000,0.003700
0.001500,-0.003000,0.002200
0.003000,0.000000,0.009000
0.006000,0.000000,0.011200
0.007500,0.000000,0.012000
0.008200,0.001500,0.015000
0.009700,0.000700,0.016500
0.008200,0.000700,0.016500
0.006000,0.000700,0.006700
0.004500,-0.000800,-0.004600
0.001500,-0.001500,0.000700
-0.001500,-0.000800,-0.002300
-0.004600,-0.001500,-0.022500
-0.006800,-0.000800,-0.030000
-0.004600,0.001500,-0.031500
-0.004600,0.003000,-0.027000
-0.006000,0.004500,-0.012000
-0.006000,0.004500,-0.006000
-0.005300,0.003000,-0.013500
-0.004600,0.003000,-0.009800
-0.006000,0.003700,0.014200
-0.006800,0.001500,0.030700
-0.005300,-0.002300,0.018000
-0.005300,-0.001500,-0.001500
0.001500,0.000000,-0.018100
0.003700,0.001500,-0.033800
-0.001500,0.000700,-0.037500
-0.005300,-0.000800,-0.035300
-0.005300,0.000700,-0.030800
-0.001500,0.001500,-0.030800
0.000000,0.002200,-0.027800
0.002200,0.003000,-0.022500
0.006700,0.000700,-0.018800
0.009700,0.001500,-0.007500
0.012700,0.000700,0.004500
0.014200,-0.001500,0.008200
0.012000,-0.000800,0.012000
0.009000,-0.004600,0.012000
0.008200,-0.004600,0.006000
0.006700,-0.005300,0.003000
0.006000,-0.003000,0.001500
0.000700,-0.002300,0.003000
-0.006000,-0.000800,0.003000
-0.008300,0.001500,-0.002300
-0.011300,-0.000800,-0.003000
-0.012800,0.000700,-0.005300
-0.014300,0.004500,-0.006800
-0.020300,0.007500,-0.008300
-0.019500,0.008200,-0.015800
-0.009100,0.010500,-0.015800
-0.001500,0.010500,-0.018100
0.004500,0.007500,-0.018100
0.012700,0.005200,-0.018800
0.018000,0.004500,-0.023300
0.012700,0.004500,-0.018100
0.006700,0.004500,-0.017300
0.006700,0.003000,-0.021800
0.005200,0.001500,-0.011300
0.006000,-0.000800,-0.001500
0.009700,-0.000800,0.006700
0.009000,-0.000800,0.006000
0.007500,-0.003000,-0.009100
0.004500,-0.003000,-0.014300
0.008200,-0.004600,-0.018100
0.009000,-0.005300,-0.014300
-0.002300,-0.005300,-0.009100
-0.015000,-0.003800,-0.003800
-0.027000,-0.003000,0.018700
-0.024000,-0.006000,0.047200
-0.021800,-0.006800,0.042700
-0.015000,-0.005300,0.017200
-0.004600,-0.003800,0.015700
-0.005300,-0.003000,0.019500
-0.003000,-0.000800,0.015700
-0.004600,0.000700,0.001500
-0.004600,0.000700,-0.012000
-0.000800,0.000700,-0.016500
0.006700,0.001500,-0.018100
0.015700,0.003000,-0.013500
0.011200,0.000700,-0.015800
0.005200,-0.000800,-0.013500
0.002200,-0.002300,-0.002300
0.004500,-0.006000,0.006700
0.006700,-0.006800,0.016500
0.009000,-0.006800,0.027700
0.009000,-0.003000,0.026200
0.005200,-0.003000,0.020200
0.003000,-0.004600,0.014200
0.002200,-0.003800,0.009000
0.006000,-0.003000,0.014200
0.006700,-0.001500,0.021700
0.001500,-0.001500,0.032200
0.005200,0.000000,0.036700
0.006700,-0.000800,0.028500
0.003000,-0.000800,0.018000
-0.000800,-0.001500,0.015700
-0.003800,-0.001500,0.014200
-0.005300,-0.001500,0.003000
-0.009100,-0.002300,-0.008300
-0.007500,-0.003000,-0.015000
-0.002300,-0.000800,-0.021000
0.003700,0.000000,-0.026300
0.004500,-0.001500,-0.027000
0.001500,0.000000,-0.023300
0.007500,0.000700,-0.015800
0.009700,0.000700,-0.011300
0.009000,0.000000,-0.006800
0.005200,-0.000800,0.006000
-0.001500,-0.003000,0.016500
-0.001500,-0.002300,0.019500
-0.000800,-0.000800,0.013500
-0.000800,-0.000800,0.005200
0.000000,0.000000,0.003000
0.001500,0.001500,-0.000800
0.001500,0.003700,-0.001500
0.003700,0.004500,-0.001500
0.003700,0.004500,0.000000
0.007500,0.003000,0.004500
0.014200,0.002200,0.001500
0.016500,0.002200,0.000700
0.009000,-0.001500,0.005200
0.003000,0.000700,0.005200
0.002200,0.000700,0.005200
-0.006800,-0.000800,0.006700
-0.012000,-0.000800,0.006000
-0.020300,-0.003000,0.009000
-0.030800,-0.001500,0.009000
-0.026300,-0.001500,0.006700
-0.017300,-0.001500,0.004500
-0.010500,-0.000800,0.005200
0.000700,-0.000800,0.004500
0.001500,0.001500,0.003000
-0.001500,0.000700,0.000000
-0.003000,-0.000800,-0.000800
-0.008300,0.000700,-0.001500
-0.008300,0.001500,-0.004600
-0.006800,-0.000800,-0.005300
-0.005300,0.000700,-0.006000
-0.006800,0.003000,-0.006000
-0.011300,0.003000,-0.007500
-0.012800,0.003000,-0.006800
-0.012000,0.005200,-0.005300
-0.010500,0.006700,-0.006800
-0.008300,0.003000,-0.009100
0.001500,0.001500,-0.010500
0.012700,0.001500,-0.009100
0.021000,0.004500,-0.005300
0.023200,0.003700,-0.004600
0.019500,0.003000,-0.006000
0.016500,0.001500,-0.005300
0.014200,-0.000800,-0.005300
0.010500,0.000700,-0.004600
0.006700,-0.000800,-0.006000
0.004500,-0.000800,-0.006000
0.001500,-0.001500,-0.003000
0.000000,-0.001500,-0.001500
-0.003800,-0.001500,-0.000800
-0.007500,-0.001500,-0.004600
-0.008300,-0.000800,-0.003000
-0.008300,-0.000800,0.000700
-0.005300,0.000000,0.002200
-0.003000,-0.000800,0.004500
-0.005300,0.000700,0.003700
-0.006800,0.001500,0.004500
-0.003000,0.002200,0.003700
-0.000800,0.001500,0.003700
-0.001500,0.000000,0.003000
-0.002300,-0.001500,0.003000
-0.005300,-0.003800,0.003700
-0.008300,-0.001500,0.003000
-0.005300,-0.000800,0.003000
0.002200,0.000700,0.003000
0.009000,-0.000800,0.003000
0.011200,-0.003000,0.002200
0.012700,-0.000800,0.003000
0.007500,-0.000800,0.002200
0.003000,0.000700,0.000000
-0.000800,-0.000800,0.000700
0.000700,-0.003000,0.000000
0.004500,-0.004600,-0.001500
0.004500,-0.003000,-0.001500
0.003700,-0.001500,-0.001500
0.002200,0.000700,0.000700
0.001500,0.003000,0.003000
0.000700,0.003700,0.001500
0.003000,0.003700,0.001500
0.008200,0.004500,0.000000
0.006700,0.003700,0.002200
0.002200,0.001500,0.003000
-0.001500,0.002200,0.003000
-0.008300,0.004500,0.001500
-0.012800,0.006700,-0.000800
-0.010500,0.005200,0.002200
-0.005300,0.006000,0.003700
-0.004600,0.006700,0.005200
-0.009100,0.002200,0.003000
-0.013500,0.004500,0.003000
-0.004600,0.005200,0.003000
0.008200,0.005200,-0.001500
0.012700,0.003000,-0.003000
0.012000,0.000700,0.001500
0.015000,-0.000800,0.006700
0.016500,-0.004600,0.002200
0.006700,-0.006000,0.003700
-0.000800,-0.006800,0.008200
-0.004600,-0.005300,0.003700
-0.004600,-0.002300,-0.000800
-0.002300,-0.001500,-0.001500
-0.003800,-0.000800,-0.000800
-0.006000,-0.000800,-0.002300
-0.006800,-0.002300,-0.004600
-0.006000,-0.003000,-0.003800
-0.001500,-0.001500,-0.005300
0.005200,-0.002300,-0.005300
0.005200,-0.001500,-0.000800
0.001500,0.000700,-0.000800
-0.000800,0.000000,-0.000800
-0.003000,0.000000,0.002200
-0.003800,-0.001500,0.001500
-0.001500,-0.003000,0.000700
0.001500,-0.003000,0.001500
0.002200,-0.002300,0.003000
0.001500,-0.001500,0.003700
0.000700,-0.003000,0.001500
-0.000800,-0.003000,0.000700
-0.001500,-0.002300,0.000700
0.003700,-0.002300,0.000700
0.008200,-0.003000,0.004500
0.000700,-0.001500,0.004500
-0.003000,0.000000,0.003000
-0.003000,0.000700,0.003000
-0.001500,0.000700,0.003000
-0.000800,-0.000800,0.000000
-0.000800,0.000000,-0.002300
0.000700,0.000000,-0.001500
-0.000800,0.001500,-0.002300
-0.004600,0.001500,-0.001500
-0.003000,0.001500,-0.001500
-0.000800,-0.000800,-0.002300
0.001500,-0.001500,-0.001500
0.007500,-0.000800,-0.003800
0.009000,-0.000800,-0.004600
0.004500,-0.000800,-0.004600
0.000000,-0.003000,-0.005300
-0.000800,-0.003000,-0.003800
-0.000800,-0.000800,-0.002300
0.001500,-0.001500,-0.003800
0.003000,-0.004600,-0.005300
0.002200,-0.003000,-0.004600
0.000700,0.000700,-0.004600
0.002200,0.001500,-0.001500
0.004500,0.003000,-0.000800
0.003700,0.004500,-0.004600
0.003700,0.004500,-0.005300
0.000000,0.003000,-0.006800
-0.005300,0.001500,-0.005300
-0.012800,0.000700,-0.003000
-0.018100,0.002200,-0.001500
-0.015800,0.002200,0.000000
-0.011300,0.001500,-0.000800
-0.006800,0.000700,0.001500
-0.000800,0.001500,0.002200
0.007500,0.001500,0.003000
0.005200,0.001500,0.000700
0.003000,0.003000,0.000700
-0.000800,0.003000,0.000700
-0.001500,0.001500,-0.000800
0.005200,0.001500,0.000700
0.009000,0.000700,0.000700
0.006700,-0.003000,0.001500
0.005200,-0.003000,0.000700
0.003700,-0.001500,0.000700
-0.000800,-0.000800,0.000700
-0.006000,0.000700,0.001500
-0.009800,0.002200,0.003000
-0.007500,0.002200,0.000700
-0.006000,0.000700,0.000000
-0.003000,0.001500,0.000700
0.000700,0.001500,0.000000
0.004500,0.000700,0.000700
0.009000,0.002200,0.000700
0.009000,0.002200,0.000700
0.014200,0.003000,0.001500
0.013500,0.002200,-0.000800
0.004500,0.003000,-0.000800
0.000700,0.003700,0.000700
-0.000800,0.002200,0.000000
-0.004600,0.003700,0.000700
-0.008300,0.002200,0.000700
-0.008300,-0.001500,0.000700
-0.005300,-0.000800,0.001500
-0.002300,0.000700,-0.000800
0.006700,0.000000,-0.001500
0.012700,-0.000800,-0.001500
0.006700,-0.003000,-0.003000
0.000000,-0.002300,-0.003000
-0.005300,-0.003000,-0.003800
-0.008300,-0.004600,-0.001500
-0.006000,-0.003000,-0.001500
-0.003000,-0.002300,-0.001500
-0.001500,-0.004600,-0.000800
-0.000800,-0.006800,-0.000800
0.001500,-0.006800,0.001500
0.002200,-0.005300,0.001500
-0.001500,-0.001500,0.001500
-0.004600,-0.000800,0.004500
-0.004600,-0.000800,0.003700
-0.004600,0.002200,0.004500
-0.003000,0.003700,0.004500
0.000700,0.002200,0.002200
0.000000,-0.000800,0.002200
-0.000800,0.000700,0.003000
-0.000800,0.000700,0.003700
-0.004600,0.000700,0.005200
-0.007500,-0.000800,0.003000
-0.008300,0.000700,0.003000
-0.008300,0.001500,0.003000
-0.006800,0.000000,0.001500
-0.003800,0.000700,0.001500
-0.002300,0.000700,0.000700
-0.003000,-0.000800,0.000700
-0.000800,-0.000800,0.000000
0.000700,0.001500,-0.000800
-0.000800,0.000700,-0.000800
0.003000,-0.000800,-0.002300
0.008200,-0.000800,0.000000
0.006000,-0.000800,0.000700
0.004500,0.001500,0.001500
0.006000,0.000700,0.001500
0.007500,0.000700,0.000000
0.006700,0.001500,-0.000800
0.000000,0.003700,-0.000800
-0.006000,0.003700,-0.000800
-0.009100,0.003700,0.000700
-0.004600,0.003700,0.000700
0.004500,0.004500,-0.000800
0.015700,0.005200,-0.001500
0.020200,0.004500,-0.003000
0.017200,0.003700,-0.003000
0.012000,0.002200,-0.003000
0.006000,0.001500,-0.003000
0.012000,-0.001500,-0.004600
0.010500,-0.003800,-0.004600
-0.000800,-0.005300,-0.002300
-0.001500,-0.005300,-0.001500
0.001500,-0.003000,-0.001500
0.000700,-0.003000,-0.001500
-0.009100,-0.004600,-0.000800
-0.015000,-0.005300,-0.000800
-0.012800,-0.006800,-0.000800
-0.012000,-0.005300,-0.000800
-0.011300,-0.004600,0.002200
-0.014300,-0.000800,0.003000
-0.012800,-0.001500,0.000700
-0.008300,-0.000800,0.002200
0.000000,0.001500,0.002200
0.004500,0.000700,0.001500
0.005200,0.001500,0.002200
0.006700,0.000000,0.002200
0.003700,-0.002300,0.000000
-0.000800,-0.002300,0.000000
0.001500,-0.000800,-0.000800
0.005200,-0.000800,-0.002300
0.005200,-0.001500,-0.003000
-0.000800,-0.003000,-0.002300
-0.010500,-0.003000,-0.004600
-0.020300,-0.002300,-0.004600
-0.028500,-0.000800,-0.004600
-0.024000,-0.001500,-0.004600
-0.012000,-0.001500,-0.003000
-0.000800,-0.000800,-0.005300
0.015700,-0.000800,-0.002300
0.039700,-0.000800,-0.001500
0.042700,-0.000800,-0.000800
0.023200,0.000000,0.000700
0.004500,0.000700,0.001500
-0.009100,0.003000,0.002200
-0.011300,0.003700,0.002200
-0.010500,0.005200,0.001500
-0.008300,0.005200,0.003000
-0.004600,0.003700,0.003000
-0.004600,0.005200,0.002200
-0.008300,0.006700,0.003000
-0.011300,0.006700,0.000700
-0.006000,0.005200,-0.000800
-0.005300,0.003700,-0.000800
-0.006000,0.001500,-0.001500
0.003000,0.002200,-0.000800
0.020200,0.002200,-0.000800
0.021700,0.000700,0.000700
0.006700,0.000700,0.002200
0.006700,0.000000,0.001500
0.008200,0.000700,-0.001500
0.006700,0.000000,-0.000800
0.005200,0.000700,0.000000
-0.002300,0.000000,0.000700
-0.000800,0.000700,0.001500
0.000700,0.001500,0.002200
0.002200,0.000700,0.003000
0.000700,0.000000,0.001500
-0.001500,-0.002300,0.001500
-0.001500,-0.003000,0.003000
-0.003000,-0.004600,0.000700
-0.003800,-0.003000,0.001500
-0.004600,-0.002300,0.000700
-0.002300,-0.003000,-0.000800
-0.003000,-0.001500,0.001500
-0.015800,-0.000800,-0.000800
-0.018100,0.001500,-0.001500
-0.009100,0.000000,-0.001500
-0.006000,-0.001500,-0.001500
-0.003800,-0.000800,-0.000800
0.015700,0.000700,-0.001500
0.027700,0.001500,-0.003000
0.005200,0.000700,-0.004600
-0.002300,0.000000,-0.002300
-0.001500,-0.000800,0.001500
-0.009800,-0.001500,0.001500
-0.009100,-0.001500,0.000700
-0.009800,0.000700,-0.000800
-0.004600,0.000000,-0.000800
-0.003000,0.000700,-0.000800
0.003700,0.001500,-0.002300
0.009000,0.000000,-0.000800
0.003000,0.000000,-0.000800
0.003000,-0.000800,-0.000800
0.000000,-0.001500,0.000000
0.001500,-0.003800,-0.000800
0.006700,-0.004600,-0.001500
0.009000,-0.005300,-0.003000
0.014200,-0.003800,-0.003000
0.013500,0.000700,-0.002300
0.014200,-0.000800,-0.001500
0.018000,-0.000800,0.000700
0.010500,-0.000800,0.000700
0.000700,-0.000800,0.001500
-0.006800,0.000700,0.003700
-0.014300,0.001500,0.003000
-0.015000,0.003000,0.000700
-0.006800,0.000000,0.001500
0.005200,-0.001500,0.000700
0.009000,-0.001500,0.001500
0.007500,0.000700,0.001500
-0.002300,0.003700,0.001500
-0.010500,0.002200,0.001500
-0.011300,0.000700,0.000000
-0.009100,0.000700,0.001500
-0.006000,0.000700,0.003000
-0.006800,-0.000800,0.003000
-0.007500,0.000700,0.003700
-0.006800,0.002200,0.005200
-0.006800,0.003000,0.003000
-0.009100,0.001500,0.001500
-0.008300,0.001500,0.003000
-0.006800,0.000700,0.003000
-0.004600,-0.002300,0.001500
-0.001500,-0.002300,-0.000800
0.004500,-0.003000,0.000700
0.010500,-0.002300,-0.000800
0.011200,-0.005300,-0.000800
0.006700,-0.004600,0.003000
0.003700,-0.001500,0.000700
0.003000,0.001500,0.001500
0.000700,0.003000,0.001500
0.000700,0.002200,0.000700
0.003000,0.003000,0.000700
0.007500,0.002200,0.000000
0.006700,0.003000,-0.000800
0.009000,0.003700,-0.002300
0.012000,0.004500,-0.003000
0.009700,0.003700,-0.000800
0.008200,0.003000,0.000700
0.000700,0.003000,-0.000800
-0.006800,0.000700,-0.000800
-0.016500,0.002200,0.000000
-0.019500,0.002200,0.000700
-0.021800,0.004500,0.000700
-0.021800,0.003000,-0.002300
-0.014300,0.000700,-0.001500
0.001500,0.001500,-0.003000
0.015000,0.000000,-0.004600
0.011200,0.001500,-0.004600
0.014200,0.002200,-0.003000
-0.000800,0.000700,-0.002300
-0.021800,-0.001500,-0.000800
-0.020300,-0.000800,-0.000800
-0.015000,0.000700,-0.000800
-0.008300,0.001500,0.000700
-0.004600,0.001500,-0.000800
0.020200,0.000700,0.001500
0.042700,-0.001500,0.000000
0.033700,-0.003800,0.001500
0.019500,-0.003000,0.000700
0.007500,-0.004600,-0.000800
-0.006000,-0.001500,0.001500
-0.009100,0.000700,0.000000
-0.004600,0.000700,-0.000800
-0.006800,-0.000800,-0.001500
-0.009100,-0.003800,0.000000
-0.009800,-0.003800,0.000700
-0.009100,-0.003800,0.001500
-0.003000,-0.003000,0.003700
0.003700,-0.000800,0.002200
0.004500,0.000700,0.000700
0.000700,0.000700,0.000000
-0.005300,0.000000,-0.001500
-0.006000,0.000700,-0.003000
-0.000800,0.000000,-0.000800
0.002200,-0.003000,0.000000
0.003000,-0.000800,-0.000800
-0.003000,-0.002300,-0.000800
-0.009100,-0.003000,-0.002300
-0.014300,-0.003000,-0.003000
-0.012000,-0.003000,-0.001500
-0.005300,-0.001500,-0.001500
0.002200,-0.002300,-0.000800
0.012000,-0.001500,0.000700
0.018000,-0.001500,0.002200
0.022500,-0.000800,0.003000
0.014200,-0.000800,0.003000
0.008200,-0.001500,0.003000
0.007500,-0.003000,0.003000
0.009000,-0.001500,0.002200
0.010500,-0.001500,0.000700
0.006700,-0.003000,0.000700
0.006700,-0.003000,-0.000800
0.003000,-0.004600,-0.001500
-0.003800,-0.003800,-0.000800
-0.008300,-0.003000,-0.003000
-0.007500,-0.002300,-0.004600
-0.004600,-0.000800,-0.003000
-0.003000,-0.001500,-0.002300
-0.009100,-0.002300,-0.001500
-0.015800,-0.001500,-0.000800
-0.021800,-0.000800,-0.000800
-0.027800,0.000000,0.001500
-0.018100,0.003000,0.001500
-0.003000,0.003000,0.000000
0.015700,0.002200,0.001500
0.027700,0.000700,0.001500
0.027700,-0.003000,-0.000800
0.016500,-0.001500,-0.000800
0.002200,-0.000800,0.000000
0.000700,-0.001500,0.000700
-0.003000,0.000700,0.000700
-0.005300,-0.000800,0.003000
-0.003000,0.000000,0.003000
-0.005300,-0.001500,0.000700
-0.003000,-0.003000,0.000000
0.000700,-0.003800,-0.000800
0.003700,-0.004600,0.001500
0.006700,-0.003000,0.000700
0.008200,-0.000800,-0.000800
0.003700,0.000000,-0.000800
0.000000,0.001500,-0.004600
-0.000800,0.002200,-0.004600
0.000000,0.003000,-0.000800
-0.005300,0.001500,-0.000800
-0.011300,-0.002300,0.000700
-0.014300,-0.004600,0.000700
-0.015000,-0.006800,0.000700
-0.003000,-0.008300,0.001500
0.004500,-0.005300,0.000000
0.010500,-0.002300,-0.000800
0.002200,-0.000800,0.000700
-0.009100,-0.002300,0.001500
-0.009100,-0.000800,-0.000800
-0.015800,0.000700,-0.000800
-0.015000,0.000700,-0.000800
-0.014300,0.000700,-0.001500
-0.012000,-0.000800,-0.000800
-0.003800,-0.001500,-0.002300
0.012000,-0.001500,-0.002300
0.021700,-0.002300,-0.001500
0.018000,-0.001500,-0.000800
0.018700,0.000700,-0.001500
0.015700,-0.001500,0.000700
0.010500,-0.004600,0.001500
0.004500,-0.003000,0.001500
0.003000,0.001500,0.001500
0.003700,0.003000,0.000700
-0.000800,0.003700,-0.000800
-0.006800,0.003700,0.001500
-0.011300,0.004500,-0.000800
-0.016500,0.003700,-0.000800
-0.023300,0.000700,0.001500
-0.023300,0.000000,0.003000
-0.019500,0.001500,0.004500
-0.012000,0.002200,0.001500
0.000000,0.006700,0.000700
0.015700,0.005200,0.001500
0.019500,0.005200,0.000700
0.006000,0.009000,0.002200
-0.000800,0.006000,0.000000
0.000700,0.003700,-0.000800
0.006700,0.002200,-0.001500
0.027000,0.003000,-0.002300
0.027700,0.003700,-0.000800
0.009700,0.004500,-0.000800
0.008200,0.006700,0.000700
0.008200,0.006000,0.003000
0.009000,0.008200,0.001500
-0.003800,0.006700,-0.000800
-0.010500,0.003700,-0.002300
-0.010500,0.003700,-0.002300
-0.014300,0.003000,-0.001500
-0.009100,0.004500,-0.001500
-0.015800,0.006700,-0.001500
-0.017300,0.006700,-0.000800
-0.013500,0.006700,-0.000800
-0.002300,0.005200,0.000700
0.006000,0.002200,-0.001500
-0.004600,-0.001500,-0.001500
-0.006800,-0.003800,-0.002300
-0.006800,-0.003000,-0.000800
-0.007500,-0.002300,0.001500
0.006000,-0.003000,0.000700
0.014200,-0.001500,0.000700
0.011200,0.000000,-0.003000
0.014200,-0.003000,-0.003000
0.010500,-0.003800,-0.003000
0.010500,-0.002300,-0.001500
0.011200,-0.000800,-0.000800
-0.000800,-0.001500,-0.003000
-0.005300,-0.004600,-0.000800
-0.006000,-0.001500,0.000700
-0.005300,-0.000800,0.001500
-0.000800,-0.000800,0.000700
-0.001500,0.001500,-0.001500
0.000700,0.000000,0.000700
0.004500,0.002200,0.001500
0.005200,0.003000,0.002200
0.004500,0.001500,0.004500
-0.000800,0.003000,0.003000
-0.003000,0.001500,0.003000
-0.003000,-0.001500,0.005200
-0.003000,-0.001500,0.004500
-0.006000,-0.003000,0.004500
-0.005300,-0.000800,0.004500
0.003700,0.001500,0.003000
0.012000,0.003000,0.000700
0.017200,0.006700,-0.001500
0.019500,0.004500,0.000700
0.012700,0.001500,0.003700
0.005200,0.000000,0.005200
-0.000800,-0.000800,0.008200
-0.006800,-0.001500,0.006700
-0.009100,-0.004600,0.003700
-0.009100,-0.005300,0.000700
-0.015800,-0.007500,-0.000800
-0.030800,-0.001500,0.000000
-0.059300,0.003700,-0.002300
-0.078000,0.005200,-0.003000
-0.067500,0.004500,-0.003800
-0.049500,0.001500,-0.003000
-0.019500,0.000000,-0.003000
0.000000,-0.001500,-0.004600
-0.016500,-0.001500,-0.005300
-0.024000,-0.000800,-0.005300
-0.021000,0.000700,-0.003000
-0.017300,0.000700,-0.001500
-0.010500,-0.001500,0.000700
-0.003000,-0.003000,-0.000800
0.020200,-0.003000,-0.001500
0.036700,0.000700,-0.002300
0.030700,0.006700,-0.003000
0.020200,0.009700,-0.001500
0.022500,0.006700,-0.000800
0.027000,0.003700,-0.000800
0.029200,-0.000800,-0.003000
0.030000,-0.006800,-0.001500
0.029200,-0.005300,0.000000
0.036700,-0.001500,0.001500
0.034500,-0.002300,0.001500
0.024000,-0.004600,-0.001500
0.023200,-0.000800,-0.003000
0.024700,0.003000,-0.002300
0.024000,0.000000,-0.000800
0.025500,-0.000800,0.000700
0.020200,-0.004600,0.001500
0.014200,-0.004600,0.003700
0.009000,-0.003000,0.005200
0.006700,-0.006000,0.005200
0.004500,-0.004600,0.006000
-0.000800,-0.003000,0.003000
-0.003000,0.000700,0.003000
-0.008300,0.001500,0.003000
-0.014300,0.000700,0.001500
-0.018100,0.000000,0.000700
-0.016500,-0.001500,0.000700
-0.009100,0.000000,-0.000800
-0.000800,0.001500,-0.001500
0.009700,0.000700,-0.001500
0.021000,0.000000,-0.001500
0.029200,0.000700,-0.000800
0.021700,0.003700,-0.001500
0.002200,0.003000,0.000000
-0.010500,0.002200,-0.002300
-0.012000,0.003700,-0.002300
-0.007500,0.003000,-0.001500
-0.006000,0.003000,-0.001500
-0.005300,0.003000,-0.001500
0.000700,0.001500,0.000000
0.004500,0.000700,0.000700
0.006000,-0.002300,-0.000800
0.009000,-0.003800,-0.001500
0.006700,-0.003800,0.000700
0.003000,-0.003800,0.006700
0.002200,-0.003000,0.005200
0.003000,-0.003000,0.001500
0.001500,-0.001500,0.002200
-0.003800,-0.003000,0.000700
-0.009100,-0.000800,0.000000
-0.013500,0.002200,-0.000800
-0.013500,0.001500,0.001500
-0.011300,0.001500,0.002200
-0.005300,0.000700,0.000700
0.002200,-0.001500,-0.000800
0.004500,-0.001500,0.001500
-0.004600,-0.001500,0.004500
-0.008300,0.000700,0.001500
-0.009100,0.004500,0.002200
-0.014300,0.004500,0.000700
-0.015000,0.003700,-0.001500
-0.012000,0.001500,-0.004600
-0.011300,0.001500,-0.004600
-0.003000,0.002200,0.000000
0.009700,0.006000,0.003000
0.013500,0.006000,0.008200
0.013500,0.004500,0.005200
0.008200,0.002200,0.001500
0.006700,0.000700,0.003000
0.003700,-0.001500,0.000700
-0.007500,-0.009100,0.000000
-0.006800,-0.012000,-0.001500
-0.001500,-0.009100,-0.003800
0.001500,-0.003000,-0.003800
0.004500,0.001500,-0.005300
0.004500,-0.001500,-0.005300
0.006700,0.000000,-0.006000
0.006700,0.003000,-0.009100
0.006000,0.005200,-0.007500
0.006000,0.005200,-0.005300
0.004500,0.000700,-0.004600
0.004500,0.002200,-0.003000
0.002200,0.000700,-0.005300
-0.000800,-0.001500,-0.005300
-0.001500,-0.002300,-0.005300
-0.002300,-0.003800,-0.004600
-0.003800,-0.003800,-0.001500
-0.004600,-0.002300,0.000000
-0.006000,0.000700,-0.000800
-0.007500,-0.000800,0.001500
-0.009100,-0.001500,0.000000
-0.006800,-0.003000,0.001500
-0.004600,-0.004600,0.004500
-0.003800,-0.005300,0.004500
-0.001500,-0.006800,0.005200
0.005200,-0.004600,0.000700
0.006700,-0.003000,0.000000
-0.002300,-0.000800,0.000700
-0.005300,0.001500,0.000700
-0.006000,0.002200,0.001500
-0.005300,0.004500,0.000700
-0.006800,0.005200,0.000700
-0.006800,0.006000,0.001500
-0.007500,0.007500,0.000000
-0.009100,0.006700,-0.002300
-0.006800,0.005200,-0.002300
-0.010500,0.001500,-0.003000
-0.006800,0.001500,-0.002300
-0.006000,0.003700,-0.002300
-0.007500,0.006000,-0.003000
0.000700,0.004500,-0.004600
0.000700,0.000700,-0.005300
-0.003800,-0.001500,-0.004600
-0.002300,-0.003000,-0.005300
0.009000,0.000700,-0.004600
0.011200,0.005200,-0.006800
0.006700,0.006000,-0.011300
0.012000,0.001500,-0.009100
0.012700,-0.003800,-0.009100
0.003000,-0.005300,-0.007500
-0.006800,-0.006800,-0.003000
-0.003800,-0.003000,-0.001500
-0.000800,-0.000800,0.000700
0.001500,-0.000800,0.001500
0.007500,-0.000800,0.003000
0.009000,0.000700,0.005200
0.010500,0.002200,0.007500
0.014200,0.000000,0.008200
0.020200,-0.001500,0.009000
0.017200,-0.003000,0.010500
0.006000,-0.003000,0.006700
-0.000800,-0.003800,0.005200
-0.005300,0.002200,0.006700
-0.012000,0.003700,0.006700
-0.014300,0.000700,0.008200
-0.012800,0.001500,0.008200
-0.012800,0.001500,0.009000
-0.009100,0.000000,0.006700
0.001500,-0.003000,0.001500
0.010500,-0.003000,0.003000
0.009000,-0.003800,0.003000
0.003700,-0.003800,0.003000
0.001500,-0.001500,0.001500
-0.001500,0.000700,0.000700
-0.004600,0.003700,0.000700
-0.005300,0.005200,-0.002300
-0.004600,0.005200,-0.002300
-0.003000,0.001500,-0.001500
0.000000,-0.003000,-0.004600
0.002200,-0.004600,-0.009800
-0.003000,-0.006000,-0.010500
-0.005300,-0.003800,-0.009100
-0.003000,-0.004600,-0.009800
0.001500,-0.002300,-0.007500
0.004500,0.003000,-0.004600
0.000700,0.004500,-0.000800
-0.000800,0.000700,0.001500
0.000700,-0.000800,0.000700
-0.002300,-0.002300,0.000700
-0.003800,-0.004600,0.001500
-0.004600,-0.002300,0.001500
-0.000800,-0.002300,0.004500
-0.000800,-0.002300,0.005200
0.003700,0.000700,0.004500
0.012700,0.003000,0.004500
0.012700,0.005200,0.003000
0.006700,0.005200,0.005200
0.000700,0.004500,0.006700
-0.000800,0.004500,0.005200
0.000700,0.003700,0.003700
0.003000,0.003700,0.003000
0.005200,0.000000,0.003700
0.004500,-0.002300,0.000700
0.003000,-0.002300,0.000700
0.001500,-0.000800,0.002200
0.000000,-0.000800,0.001500
-0.000800,-0.002300,0.001500
-0.003000,0.000700,0.000700
-0.004600,0.002200,0.000700
-0.006000,0.001500,0.000700
-0.008300,0.001500,-0.000800
-0.009800,0.001500,-0.000800
-0.009800,-0.000800,-0.003800
-0.008300,-0.003000,-0.003000
-0.006000,-0.003000,-0.003800
-0.006000,-0.004600,-0.002300
-0.005300,-0.004600,0.000700
-0.007500,-0.004600,0.001500
-0.008300,-0.003000,0.001500
-0.005300,0.001500,0.003000
-0.002300,0.004500,0.003700
0.003000,0.003000,0.003000
0.001500,0.004500,0.001500
0.002200,0.003000,0.000700
0.001500,0.000700,-0.000800
-0.004600,-0.000800,-0.000800
-0.002300,-0.002300,0.000000
-0.000800,-0.002300,0.000700
-0.000800,-0.003800,0.001500
0.001500,-0.005300,0.003000
0.002200,-0.005300,0.005200
0.002200,-0.006000,0.006000
0.000700,-0.002300,0.004500
0.002200,0.000000,0.000700
0.002200,0.000000,0.000000
0.000700,0.001500,-0.001500
0.002200,-0.000800,-0.001500
0.001500,0.000000,-0.001500
-0.004600,0.000700,-0.004600
-0.012000,0.000700,-0.004600
-0.012000,0.003000,-0.003000
-0.006800,0.000000,-0.000800
0.003700,0.001500,-0.000800
0.011200,0.003700,-0.001500
0.021700,0.003000,-0.003800
0.027700,0.003000,-0.003800
0.018000,0.003700,-0.003800
0.009000,0.004500,-0.003800
-0.001500,0.003700,-0.004600
-0.002300,0.003000,-0.003800
0.008200,0.000700,-0.003000
0.018000,-0.000800,-0.004600
0.017200,-0.000800,-0.006800
0.015000,-0.000800,-0.004600
0.009000,0.002200,-0.003000
-0.003000,0.005200,-0.003800
-0.003800,0.003000,-0.003000
-0.006800,-0.003000,-0.003800
-0.007500,-0.001500,-0.005300
-0.006800,-0.001500,-0.005300
-0.009100,-0.002300,-0.004600
-0.008300,-0.004600,-0.004600
-0.011300,-0.003800,-0.003800
-0.010500,-0.005300,-0.003000
-0.010500,-0.004600,-0.003000
-0.010500,-0.000800,-0.003800
-0.010500,0.000700,-0.004600
-0.010500,0.003000,-0.002300
-0.009100,0.004500,-0.001500
-0.009100,0.003700,-0.000800
-0.006800,-0.001500,0.002200
-0.001500,-0.003000,0.002200
-0.000800,-0.001500,0.003000
0.000700,-0.003000,0.003000
0.001500,-0.001500,0.003000
-0.000800,0.000000,0.003700
-0.006000,-0.001500,0.001500
-0.010500,-0.003000,0.000000
-0.013500,-0.004600,-0.000800
-0.008300,-0.003000,-0.000800
-0.005300,-0.003000,0.000000
-0.000800,-0.003800,0.000000
0.010500,-0.003000,0.001500
0.021700,-0.001500,0.003700
0.023200,0.001500,0.004500
0.009700,0.004500,0.003000
0.005200,0.003000,0.003700
0.006700,0.003000,0.005200
0.008200,0.004500,0.005200
0.006000,0.007500,0.004500
0.005200,0.006700,0.003700
0.008200,0.007500,0.005200
0.004500,0.005200,0.005200
0.000700,0.000000,0.003700
0.000000,-0.000800,0.003700
0.000000,-0.003000,0.005200
-0.002300,-0.001500,0.003000
-0.001500,0.001500,0.000700
-0.001500,0.001500,0.001500
-0.000800,0.000700,0.000700
0.000000,0.000700,0.000000
-0.003000,-0.000800,0.000000
-0.004600,-0.003000,-0.002300
-0.004600,-0.003000,-0.003000
-0.004600,-0.003000,-0.001500
-0.007500,-0.005300,0.000000
-0.010500,-0.003800,-0.000800
-0.007500,-0.000800,0.000700
-0.003800,0.000700,0.001500
0.001500,0.001500,0.001500
0.008200,0.002200,0.000700
0.008200,0.003000,0.002200
0.002200,0.003700,0.000700
-0.003000,0.004500,0.000000
-0.006800,0.002200,-0.001500
-0.009100,0.001500,-0.002300
-0.007500,0.004500,0.000000
-0.008300,0.001500,0.000000
-0.008300,0.001500,-0.000800
-0.003800,0.001500,-0.000800
0.003700,-0.000800,-0.001500
0.004500,-0.003800,-0.003000
-0.000800,-0.004600,-0.003800
0.003000,-0.004600,-0.006000
0.012000,-0.005300,-0.003000
0.018000,-0.003000,-0.002300
0.010500,-0.003000,-0.002300
0.001500,-0.008300,-0.000800
0.000700,-0.007500,-0.003000
0.002200,-0.005300,0.000000
0.006700,-0.003000,0.000700
0.003700,-0.002300,0.000700
-0.000800,-0.003000,0.002200
-0.000800,0.000700,0.003000
-0.003000,-0.000800,0.002200
-0.003800,0.000000,0.000000
-0.001500,0.001500,-0.000800
0.000700,0.004500,-0.000800
0.000700,0.007500,-0.000800
0.001500,0.006700,-0.000800
-0.000800,0.006000,-0.000800
-0.003000,0.003700,0.000700
-0.001500,0.005200,0.003000
-0.000800,0.005200,0.000000
-0.001500,0.003000,0.000700
-0.001500,0.000700,0.003000
-0.002300,-0.001500,0.000700
-0.003800,-0.004600,0.000700
-0.003800,-0.004600,0.000000
-0.003000,-0.002300,-0.000800
-0.001500,-0.000800,0.000700
-0.000800,0.002200,0.000700
-0.000800,0.005200,0.001500
-0.000800,0.006700,0.002200
-0.003000,0.003700,0.001500
-0.006800,0.001500,0.003000
-0.012000,-0.001500,0.001500
-0.013500,-0.005300,-0.000800
-0.011300,-0.003800,-0.001500
-0.003800,-0.004600,-0.000800
0.009000,-0.001500,0.001500
0.021700,-0.000800,-0.000800
0.020200,-0.003000,-0.003000
0.018700,-0.003800,0.000700
0.015000,-0.005300,0.000700
0.003700,-0.007500,0.001500
-0.001500,-0.003000,0.002200
-0.005300,0.000000,0.004500
-0.005300,-0.000800,0.004500
-0.003000,0.004500,0.003700
-0.000800,0.006000,0.004500
-0.003000,0.005200,0.003700
-0.004600,0.006000,0.001500
0.000700,0.003000,0.003000
0.004500,-0.000800,0.003000
0.005200,-0.001500,0.003700
0.004500,-0.003000,0.003700
0.006000,-0.003800,-0.000800
0.000700,-0.001500,-0.001500
-0.002300,0.000700,0.000000
-0.000800,0.002200,0.000700
-0.001500,0.004500,-0.001500
-0.002300,0.001500,-0.000800
-0.005300,0.000000,0.000700
-0.005300,0.003000,0.000700
-0.005300,0.009000,0.000700
-0.006000,0.009000,0.000700
-0.002300,0.009000,-0.000800
-0.003800,0.009000,-0.002300
-0.007500,0.006000,-0.001500
-0.007500,0.004500,-0.001500
-0.006000,-0.001500,-0.001500
-0.005300,-0.006800,-0.001500
-0.001500,-0.003800,0.000000
0.000700,0.000000,0.001500
0.003700,0.001500,-0.000800
0.003000,0.002200,-0.000800
-0.000800,0.000700,-0.001500
-0.000800,0.000700,-0.002300
-0.001500,0.001500,-0.002300
0.002200,0.003000,-0.004600
0.006000,-0.001500,-0.003000
0.006000,-0.004600,-0.003000
0.009700,-0.004600,-0.001500
0.008200,-0.005300,-0.002300
0.004500,-0.003000,-0.001500
0.003000,-0.003000,-0.000800
0.003000,-0.002300,-0.000800
0.006000,-0.002300,0.000700
0.005200,-0.004600,-0.001500
0.003000,-0.005300,-0.003000
0.000000,-0.006000,-0.004600
-0.004600,0.000000,-0.003000
-0.005300,0.000700,0.000700
-0.001500,0.001500,0.000700
0.006700,0.003700,-0.001500
0.010500,0.003000,-0.001500
0.005200,0.003000,-0.001500
0.008200,0.002200,-0.001500
0.012700,0.001500,-0.000800
0.007500,-0.003800,0.000700
0.003700,-0.005300,0.000700
-0.000800,-0.005300,0.000700
-0.004600,-0.004600,0.002200
-0.006000,-0.001500,0.003700
-0.007500,-0.002300,0.002200
-0.009100,-0.001500,0.003000
-0.008300,-0.003800,0.003700
-0.009100,-0.001500,0.003000
-0.008300,-0.004600,0.005200
-0.007500,-0.005300,0.005200
-0.005300,-0.000800,0.003000
-0.003000,-0.001500,0.003000
-0.002300,-0.000800,-0.000800
0.000700,0.000000,-0.001500
-0.002300,-0.000800,-0.000800
-0.005300,-0.000800,-0.001500
-0.004600,0.000700,-0.001500
-0.004600,0.000700,-0.001500
-0.002300,0.000700,-0.000800
0.001500,0.003000,-0.001500
0.007500,0.006000,-0.004600
0.008200,0.007500,-0.001500
0.009000,0.006700,0.004500
0.009000,0.004500,0.008200
0.005200,0.001500,0.008200
0.003000,0.000000,0.004500
-0.002300,-0.001500,0.003000
-0.004600,-0.001500,0.001500
-0.001500,-0.000800,0.002200
-0.000800,-0.001500,-0.000800
-0.003000,-0.003000,-0.005300
-0.003800,-0.000800,-0.006000
-0.003000,0.003700,-0.004600
-0.004600,0.003000,-0.001500
-0.006800,0.000000,-0.001500
-0.008300,0.000700,-0.003000
-0.006800,0.002200,-0.003000
-0.004600,0.003000,-0.004600
-0.003000,0.003000,-0.001500
0.000700,0.003000,-0.003000
0.005200,0.003700,-0.004600
0.003700,0.003700,-0.003000
-0.000800,0.002200,-0.001500
-0.000800,-0.001500,-0.000800
-0.000800,0.000000,-0.001500
0.001500,0.004500,-0.001500
0.005200,0.004500,-0.001500
0.006000,0.005200,0.000000
0.003700,0.004500,0.000000
0.001500,0.002200,-0.002300
0.002200,0.002200,-0.000800
0.001500,0.003000,-0.001500
-0.003000,-0.000800,-0.003000
-0.002300,-0.004600,-0.000800
-0.003800,-0.001500,0.001500
-0.006000,-0.000800,0.006700
-0.004600,-0.003000,0.006700
-0.001500,-0.003800,0.001500
0.006700,-0.001500,-0.002300
0.008200,0.000000,-0.003800
-0.000800,0.000000,-0.003000
0.000000,0.001500,-0.001500
0.000700,0.002200,0.000700
-0.002300,-0.000800,-0.001500
-0.003000,-0.000800,-0.003000
-0.001500,-0.000800,-0.001500
0.005200,-0.003800,-0.000800
0.006700,-0.006800,-0.000800
0.003700,-0.006000,0.000000
0.003000,-0.004600,-0.000800
0.000000,-0.001500,-0.004600
0.000700,-0.001500,-0.004600
0.002200,-0.002300,-0.000800
0.000700,-0.003000,0.003000
-0.000800,-0.004600,0.005200
-0.002300,-0.003000,0.007500
-0.002300,-0.003000,0.008200
-0.002300,-0.003000,0.006700
-0.004600,-0.004600,0.001500
-0.001500,-0.005300,-0.000800
-0.003000,-0.004600,0.002200
-0.003800,-0.000800,0.003000
-0.003000,0.001500,0.003000
-0.003800,0.002200,0.004500
-0.000800,0.003000,0.003700
-0.001500,0.000700,-0.002300
-0.001500,0.000000,-0.004600
0.000000,0.001500,-0.005300
0.001500,0.001500,-0.004600
0.003000,0.001500,-0.001500
0.004500,0.000000,-0.003800
0.003000,-0.004600,-0.004600
0.000700,-0.005300,-0.003800
0.002200,-0.000800,-0.003000
0.001500,0.000700,-0.000800
-0.000800,-0.003000,-0.000800
-0.000800,0.000000,0.000000
-0.001500,0.004500,-0.001500
-0.000800,0.004500,-0.001500
-0.000800,0.003000,-0.001500
0.000000,0.001500,-0.000800
0.004500,0.000000,0.001500
0.001500,0.000700,-0.000800
0.001500,0.001500,-0.006800
0.008200,0.000700,-0.008300
0.006700,-0.000800,-0.000800
0.003000,0.001500,0.010500
0.003000,0.002200,0.015700
0.006700,0.003000,0.020200
0.009700,0.003700,0.021700
0.003000,0.004500,0.019500
-0.000800,0.008200,0.014200
0.000000,0.010500,0.009000
-0.001500,0.009000,0.003000
0.004500,0.005200,-0.003000
0.004500,0.003000,-0.002300
0.000700,0.001500,0.002200
0.000000,-0.000800,0.004500
-0.001500,-0.003000,0.001500
0.002200,-0.005300,-0.003000
0.003000,-0.006800,-0.006800
-0.003000,-0.005300,-0.010500
-0.004600,-0.003000,-0.012800
-0.008300,-0.001500,-0.009100
-0.012000,-0.003800,0.004500
-0.010500,-0.006800,0.023200
-0.011300,-0.006800,0.021000
-0.012800,-0.005300,0.001500
-0.012800,-0.003800,-0.003800
-0.009100,0.000000,-0.012800
-0.006800,0.005200,-0.018800
-0.004600,0.005200,-0.015000
-0.000800,0.003000,-0.012000
0.001500,0.003000,-0.007500
0.002200,-0.000800,-0.008300
0.001500,-0.004600,-0.006800
0.004500,-0.009100,-0.012000
0.008200,-0.006000,-0.010500
0.006700,0.000700,-0.003800
0.003000,0.003700,0.004500
0.003000,0.003700,0.012700
0.003000,0.002200,0.013500
0.004500,0.001500,0.014200
0.004500,0.000000,0.012000
0.001500,-0.000800,0.010500
0.003000,-0.002300,0.011200
0.000700,-0.000800,0.007500
-0.000800,0.000700,0.003000
-0.003000,0.001500,0.001500
-0.004600,0.005200,-0.004600
-0.005300,0.006700,-0.006800
-0.005300,0.004500,-0.005300
-0.005300,0.000700,-0.000800
-0.001500,0.001500,0.000700
0.003700,0.001500,-0.002300
0.004500,-0.000800,-0.004600
0.001500,0.000000,-0.005300
-0.002300,0.000700,-0.001500
-0.002300,-0.003000,-0.001500
-0.000800,-0.001500,-0.002300
0.005200,0.001500,-0.009100
0.006700,0.003000,-0.023300
-0.000800,0.002200,-0.027800
-0.003000,0.003000,-0.017300
0.000000,0.000700,0.001500
0.010500,-0.003800,0.018700
0.015700,-0.003000,0.015700
0.012700,-0.001500,-0.000800
0.018000,0.002200,0.008200
0.016500,0.004500,0.027000
0.009000,0.003700,0.015000
0.001500,0.006000,-0.002300
-0.005300,0.004500,0.008200
-0.007500,0.004500,0.021700
-0.011300,0.001500,0.015700
-0.015000,-0.000800,-0.006800
-0.016500,-0.003800,-0.033000
-0.014300,-0.005300,-0.042000
-0.014300,-0.000800,-0.033800
-0.010500,0.000000,-0.030000
-0.003000,-0.003000,-0.029300
0.004500,-0.001500,-0.026300
0.012000,-0.000800,-0.018800
0.010500,-0.001500,-0.008300
0.005200,0.002200,-0.003000
-0.003000,0.006700,-0.003000
-0.004600,0.005200,-0.004600
-0.003000,0.003000,-0.002300
0.004500,-0.001500,-0.001500
0.006700,-0.008300,-0.000800
-0.003000,-0.009100,0.000700
-0.003000,-0.006800,0.000700
-0.004600,-0.003800,0.009000
-0.004600,-0.003800,0.024000
0.000000,-0.004600,0.031500
-0.000800,-0.003800,0.024700
0.000700,-0.003000,0.013500
0.003700,-0.001500,0.005200
0.008200,-0.000800,0.006700
0.018700,-0.001500,0.005200
0.018000,-0.000800,0.003700
0.009000,0.000700,0.010500
0.004500,0.001500,0.005200
0.000700,0.001500,-0.002300
-0.001500,0.000700,-0.004600
-0.004600,0.000000,-0.012800
-0.006000,-0.001500,-0.006800
-0.006800,-0.003800,0.004500
-0.007500,-0.005300,0.010500
-0.006800,-0.003000,0.021000
-0.009800,0.000000,0.027700
-0.012800,0.003700,0.033000
-0.013500,0.006700,0.041200
-0.012800,0.006700,0.042700
-0.009100,0.007500,0.023200
-0.006800,0.006000,0.004500
-0.005300,0.009000,-0.001500
0.000700,0.010500,-0.005300
0.005200,0.008200,-0.003000
0.010500,0.005200,0.000000
0.012700,0.002200,0.003000
0.006700,0.000700,0.005200
0.001500,0.003000,0.004500
0.000700,0.006000,-0.015000
0.000700,0.004500,-0.027000
-0.003000,-0.000800,-0.015000
-0.001500,-0.000800,-0.006000
0.000700,-0.000800,-0.007500
0.003700,-0.003000,-0.009100
0.004500,-0.001500,0.000700
0.000000,-0.000800,0.012000
-0.000800,0.000700,0.002200
0.001500,-0.000800,-0.003000
0.004500,-0.004600,0.001500
0.003000,-0.006000,-0.001500
0.000000,-0.006800,0.003000
-0.000800,-0.004600,0.003000
0.001500,-0.001500,0.003000
0.001500,-0.000800,0.018000
0.000000,0.000000,0.029200
-0.001500,-0.002300,0.021000
-0.003000,-0.002300,0.008200
-0.002300,0.000000,0.004500
-0.006800,-0.001500,0.009700
-0.009800,-0.001500,0.019500
-0.009800,-0.000800,0.030000
-0.007500,-0.000800,0.034500
-0.005300,-0.000800,0.018700
-0.004600,0.003000,0.001500
-0.001500,0.003000,-0.012800
0.005200,0.000700,-0.024800
0.011200,0.000700,-0.023300
0.009000,0.000700,-0.011300
0.006700,-0.000800,0.001500
0.016500,-0.003000,-0.012000
0.029200,-0.004600,-0.027800
0.015000,-0.006800,-0.035300
-0.004600,-0.005300,-0.032300
-0.006800,-0.000800,-0.011300
-0.006800,0.001500,-0.001500
-0.003000,0.002200,-0.000800
-0.000800,0.001500,-0.000800
-0.000800,0.000700,-0.003000
-0.000800,0.003700,-0.006800
-0.001500,0.005200,-0.008300
-0.003000,0.000700,-0.012000
-0.006800,-0.003800,-0.009800
-0.005300,-0.005300,-0.005300
-0.006800,-0.001500,-0.006000
-0.006800,-0.000800,-0.017300
-0.006800,-0.003000,-0.040500
-0.008300,-0.005300,-0.042800
-0.009100,-0.006000,-0.031500
-0.008300,-0.006800,-0.018100
-0.006800,-0.006000,-0.006000
-0.006000,-0.004600,0.003000
-0.005300,-0.005300,0.009000
-0.003000,-0.004600,0.009000
0.003000,-0.000800,0.016500
0.001500,0.003000,0.024000
-0.002300,0.004500,0.029200
-0.005300,0.004500,0.021700
-0.005300,0.005200,0.009000
-0.003800,0.004500,0.005200
-0.003000,0.003000,0.002200
-0.002300,0.000700,0.000000
-0.001500,-0.001500,0.000700
0.001500,-0.001500,-0.000800
0.005200,-0.000800,0.000700
0.008200,0.003000,0.004500
0.005200,0.005200,-0.002300
0.004500,0.006700,-0.018100
0.004500,0.006700,-0.025600
0.001500,0.005200,-0.016500
0.003000,0.005200,-0.024800
0.003000,0.003000,-0.030800
0.005200,0.001500,-0.024000
0.012700,0.003000,-0.023300
0.014200,0.003700,-0.021800
0.004500,0.001500,-0.022500
-0.005300,-0.001500,-0.025600
-0.005300,-0.000800,-0.030800
-0.001500,-0.001500,-0.025600
0.007500,-0.000800,-0.023300
0.008200,-0.000800,-0.027000
0.000700,-0.003000,-0.019500
0.000000,-0.001500,-0.015800
0.001500,-0.001500,-0.015800
0.003700,-0.000800,-0.010500
0.000700,-0.000800,-0.003800
-0.001500,0.000700,0.000700
-0.000800,0.001500,0.004500
-0.000800,0.000000,0.006700
0.000700,-0.004600,0.000700
-0.000800,-0.005300,0.000700
-0.000800,-0.002300,0.005200
0.006000,-0.002300,0.015700
0.008200,-0.001500,0.031500
0.003000,-0.000800,0.036000
-0.000800,-0.000800,0.029200
-0.002300,0.000700,0.021000
-0.002300,0.000000,0.015700
-0.002300,-0.000800,0.023200
-0.000800,0.002200,0.034500
-0.002300,0.005200,0.033000
-0.005300,0.002200,0.018700
-0.004600,-0.001500,0.005200
-0.003000,-0.001500,-0.005300
-0.003000,-0.001500,-0.010500
-0.002300,-0.000800,-0.009100
-0.003800,0.000000,-0.009800
-0.003800,0.000000,-0.006800
-0.003000,0.003000,-0.001500
-0.003800,0.001500,0.005200
-0.003000,0.000000,0.009000
-0.002300,0.002200,0.008200
-0.002300,0.008200,-0.000800
-0.003000,0.012000,-0.005300
-0.006800,0.012700,-0.008300
-0.000800,0.008200,-0.004600
0.006700,0.000000,-0.000800
0.006700,-0.003000,0.000000
0.004500,-0.004600,0.003000
0.003000,-0.003000,-0.001500
0.004500,-0.005300,-0.005300
0.005200,-0.004600,-0.007500
0.000000,-0.005300,0.000000
-0.005300,-0.005300,0.008200
-0.006000,-0.001500,0.010500
0.000000,-0.000800,0.015000
0.008200,0.000700,0.013500
0.012700,-0.000800,0.014200
0.020200,-0.001500,0.016500
0.024000,0.000700,0.015000
0.020200,0.001500,0.012700
0.009700,0.000000,0.015700
0.000700,0.000000,0.019500
-0.003000,0.000700,0.018700
-0.003000,0.000700,0.018000
-0.003800,-0.003000,0.015000
-0.003000,-0.005300,0.009700
-0.006800,-0.004600,0.009000
-0.008300,-0.005300,0.012000
-0.005300,-0.003000,0.016500
-0.003800,-0.000800,0.013500
-0.004600,0.003000,0.007500
-0.006800,0.006000,0.006700
-0.004600,0.007500,0.006700
-0.002300,0.006000,0.004500
-0.003000,0.004500,0.003000
-0.004600,0.005200,0.003000
-0.003800,0.006700,0.003000
-0.003000,0.006700,0.005200
-0.002300,0.003700,0.009000
-0.001500,0.004500,0.009700
-0.003800,0.003000,0.006700
-0.002300,-0.000800,0.001500
-0.003800,-0.004600,-0.001500
-0.004600,-0.003800,0.000700
-0.001500,-0.003000,0.003000
-0.001500,-0.004600,0.003700
-0.001500,-0.005300,0.001500
-0.000800,-0.006000,-0.001500
0.002200,-0.003800,-0.007500
0.003700,-0.002300,-0.013500
0.003000,-0.001500,-0.014300
0.002200,-0.005300,-0.010500
0.004500,-0.005300,-0.009100
0.003700,0.003000,-0.013500
0.001500,0.006700,-0.016500
0.000700,0.006700,-0.020300
0.002200,0.003000,-0.019500
0.002200,0.000000,-0.018100
0.000700,-0.004600,-0.018100
0.000700,-0.008300,-0.018800
0.000700,-0.005300,-0.019500
-0.000800,-0.003000,-0.015800
0.001500,-0.000800,-0.015000
0.004500,0.000700,-0.012800
0.001500,-0.000800,-0.009100
0.000000,0.000700,-0.008300
0.000000,0.001500,-0.008300
0.000700,0.000000,-0.011300
0.001500,0.003000,-0.011300
0.000700,0.004500,-0.005300
0.001500,0.004500,-0.003000
0.001500,0.000700,-0.003000
0.000000,-0.000800,-0.004600
-0.000800,0.000000,-0.006000
-0.000800,0.000700,-0.004600
0.000000,0.000000,-0.000800
-0.001500,0.000700,0.001500
-0.002300,0.004500,0.000700
-0.003000,0.007500,0.001500
-0.004600,0.008200,0.007500
-0.003800,0.005200,0.009700
-0.003000,0.003000,0.012700
-0.003000,-0.003800,0.013500
-0.005300,-0.008300,0.008200
-0.006000,-0.009100,0.007500
-0.003000,-0.009100,0.009000
-0.000800,-0.003800,0.016500
0.002200,-0.000800,0.019500
0.004500,-0.001500,0.014200
0.005200,-0.004600,0.016500
0.004500,-0.008300,0.023200
0.002200,-0.008300,0.014200
0.003000,-0.006800,0.007500
0.002200,-0.004600,0.005200
0.001500,-0.001500,-0.000800
0.000000,-0.000800,-0.001500
-0.002300,0.001500,-0.002300
-0.002300,0.003700,-0.001500
-0.003800,0.006700,-0.003800
-0.003000,0.008200,-0.009100
-0.003800,0.008200,-0.005300
-0.003000,0.009000,0.003000
-0.001500,0.003700,0.011200
0.001500,0.001500,0.015000
0.003000,-0.000800,0.006700
0.003700,-0.002300,-0.003000
0.001500,-0.003800,-0.006800
0.001500,-0.003000,-0.010500
0.003000,0.000000,-0.012000
0.004500,-0.000800,-0.012800
0.004500,-0.002300,-0.010500
0.002200,-0.006000,-0.014300
0.000700,-0.002300,-0.012000
0.000700,0.006000,-0.002300
0.003000,0.010500,0.007500
0.001500,0.010500,0.011200
0.002200,0.005200,0.006000
0.001500,0.002200,0.005200
0.000700,0.003000,0.006700
0.001500,0.006000,0.014200
0.001500,0.005200,0.012000
0.001500,0.000700,0.004500
0.000700,-0.000800,0.003000
0.000700,-0.001500,-0.002300
-0.000800,-0.006800,-0.003800
-0.001500,-0.004600,-0.003000
0.000000,-0.004600,-0.000800
-0.003000,-0.006800,-0.000800
-0.004600,-0.007500,-0.001500
-0.005300,-0.005300,-0.001500
-0.005300,-0.001500,-0.003000
-0.006800,-0.001500,-0.002300
-0.009800,-0.003000,-0.005300
-0.010500,-0.003000,-0.004600
-0.006800,-0.003000,-0.003800
-0.005300,-0.001500,-0.004600
-0.005300,0.001500,-0.002300
-0.000800,0.000700,-0.001500
0.006000,0.000700,-0.002300
0.011200,0.005200,-0.004600
0.011200,0.010500,-0.004600
0.006700,0.006700,-0.003000
0.006700,0.000700,-0.003800
0.006700,0.003000,-0.003000
0.003700,0.001500,-0.001500
0.000700,-0.001500,0.003000
0.001500,-0.003000,0.005200
0.001500,0.000700,0.004500
-0.001500,0.000700,0.005200
-0.003000,0.000000,0.004500
-0.004600,-0.003000,0.001500
-0.004600,0.000000,0.001500
-0.003000,0.003000,0.000700
-0.001500,0.000700,0.001500
-0.002300,-0.000800,0.002200
-0.001500,-0.001500,-0.000800
-0.002300,-0.000800,-0.003000
-0.000800,-0.001500,-0.003800
0.000000,-0.002300,-0.004600
0.000700,-0.000800,-0.006800
-0.000800,0.000700,-0.006800
-0.003000,-0.001500,-0.004600
-0.001500,-0.001500,-0.000800
-0.001500,0.000700,-0.001500
-0.004600,0.003700,-0.005300
-0.001500,0.001500,-0.004600
-0.000800,-0.003800,-0.001500
0.000700,-0.006000,-0.001500
0.003000,-0.008300,-0.001500
0.003000,-0.007500,-0.001500
0.006000,0.000700,-0.001500
0.006700,0.005200,-0.002300
0.004500,0.005200,-0.000800
0.005200,0.003700,-0.000800
0.004500,-0.001500,0.000000
0.003700,-0.004600,-0.000800
0.003000,-0.003000,0.000000
0.003700,-0.001500,0.003000
0.001500,0.000700,0.000000
-0.000800,0.003000,-0.000800
0.001500,0.001500,-0.002300
0.003000,-0.000800,-0.006000
0.004500,0.000000,-0.004600
0.004500,0.000000,-0.004600
0.000700,0.000700,-0.001500
-0.000800,0.002200,0.000000
-0.003000,0.004500,0.000700
-0.006800,0.005200,0.000700
-0.004600,0.008200,0.001500
-0.006000,0.008200,0.004500
-0.006000,0.004500,0.003700
-0.002300,0.003700,-0.000800
-0.000800,0.003000,-0.001500
0.000700,0.001500,0.003000
0.000700,-0.001500,0.003700
0.002200,-0.004600,0.004500
0.003000,-0.004600,0.004500
0.002200,-0.003000,0.003000
-0.000800,-0.002300,0.003700
-0.001500,-0.003000,0.002200
-0.001500,-0.001500,-0.003000
-0.003000,-0.000800,-0.006000
-0.001500,-0.000800,0.003000
-0.000800,-0.001500,0.012000
0.000700,0.000700,0.009000
0.001500,0.001500,0.003700
0.001500,0.001500,0.002200
0.000000,0.001500,0.000700
0.000000,0.001500,-0.000800
0.000700,-0.000800,-0.000800
0.003000,-0.003800,-0.003000
0.004500,-0.003800,0.000700
0.005200,-0.002300,0.003000
0.004500,-0.000800,0.002200
-0.003000,-0.000800,-0.000800
-0.005300,0.002200,0.000700
-0.000800,0.003000,0.003700
0.002200,0.003700,0.002200
-0.002300,0.002200,0.003000
-0.009100,0.001500,0.000700
-0.008300,0.002200,-0.000800
-0.005300,-0.003800,-0.005300
-0.001500,-0.008300,-0.005300
0.000700,-0.005300,-0.002300
0.001500,0.001500,-0.003000
0.006700,0.008200,-0.003800
0.009000,0.008200,-0.003800
0.009700,0.003000,-0.000800
0.006000,-0.000800,0.000700
0.003000,-0.004600,0.001500
-0.000800,-0.002300,0.003000
-0.003000,-0.003000,0.001500
-0.003000,0.001500,-0.000800
-0.005300,0.006000,-0.000800
-0.004600,-0.000800,0.000700
-0.001500,-0.004600,0.000700
-0.003000,-0.006000,0.001500
-0.001500,-0.006800,0.000000
0.000000,-0.005300,-0.000800
-0.000800,-0.001500,0.000700
0.003700,0.000000,0.001500
0.004500,-0.004600,0.000700
0.002200,-0.006800,0.003000
0.001500,-0.001500,0.005200
0.000700,0.004500,0.006000
0.000000,0.007500,0.006700
0.000000,0.004500,0.006700
0.003000,0.001500,0.004500
0.002200,0.004500,0.003000
0.000000,0.000700,0.000000
0.000000,-0.001500,0.000700
0.001500,-0.005300,0.001500
0.003000,-0.008300,-0.000800
0.002200,-0.002300,-0.000800
0.000700,0.001500,-0.002300
0.001500,0.004500,-0.002300
0.002200,0.005200,-0.003000
-0.000800,0.003700,-0.001500
-0.003000,0.000700,0.000700
-0.003000,-0.002300,0.001500
-0.001500,-0.003000,0.001500
-0.004600,-0.006800,0.001500
-0.006800,-0.005300,0.001500
-0.005300,0.000000,0.001500
-0.002300,0.004500,0.001500
0.000700,0.003700,-0.001500
0.001500,0.000700,-0.003000
-0.000800,-0.000800,-0.003800
-0.001500,0.000000,-0.003000
-0.003000,0.001500,-0.002300
-0.004600,0.000700,-0.003000
-0.003800,0.000000,-0.002300
-0.003000,0.003000,-0.002300
-0.004600,0.003000,-0.003000
-0.006800,0.000700,-0.004600
-0.003800,0.001500,-0.001500
-0.003000,0.000700,0.000000
-0.004600,-0.000800,-0.001500
-0.001500,-0.000800,-0.001500
0.001500,0.000000,0.000700
0.003700,0.002200,0.001500
0.002200,0.003000,0.000000
0.001500,0.005200,-0.000800
0.000000,0.003000,-0.001500
0.002200,-0.000800,-0.000800
0.003000,-0.001500,-0.001500
0.002200,0.000000,0.000000
0.001500,0.000000,0.000000
-0.001500,-0.000800,-0.000800
-0.000800,-0.000800,0.000700
-0.000800,0.000000,0.001500
0.002200,0.000700,0.004500
0.004500,-0.000800,0.002200
0.003000,-0.000800,0.001500
0.000700,0.000700,0.000700
-0.001500,-0.000800,-0.001500
0.000000,-0.004600,-0.001500
0.003700,-0.005300,-0.003000
0.001500,-0.005300,-0.001500
-0.000800,-0.004600,-0.004600
0.000700,-0.001500,-0.001500
0.004500,0.000000,-0.001500
0.001500,0.000000,-0.001500
-0.000800,-0.001500,-0.001500
0.000000,-0.003000,-0.001500
0.000000,-0.001500,-0.002300
0.000000,0.001500,-0.003000
-0.003000,0.001500,-0.000800
-0.006000,0.000000,0.000000
-0.006800,-0.001500,0.002200
-0.009100,0.000700,0.002200
-0.012800,0.001500,0.003000
-0.008300,0.000700,0.003700
-0.001500,0.000000,0.003000
0.000700,-0.001500,0.003700
0.001500,-0.002300,0.002200
0.003000,0.003000,0.000000
0.009000,0.006700,0.000700
0.016500,0.008200,0.002200
0.019500,0.006700,0.000700
0.006700,0.005200,-0.001500
0.000000,0.003000,-0.000800
0.001500,-0.000800,-0.001500
-0.000800,0.000700,-0.000800
-0.003000,0.001500,-0.002300
-0.005300,0.001500,-0.003000
-0.002300,0.002200,-0.000800
0.003000,0.000700,-0.000800
0.001500,-0.003000,0.001500
-0.000800,-0.004600,-0.000800
0.000000,-0.001500,-0.000800
-0.001500,-0.000800,0.000700
-0.002300,0.000700,0.003000
-0.000800,0.000700,0.001500
-0.002300,0.000000,0.001500
-0.003000,0.000700,0.003700
-0.003000,-0.000800,0.003700
0.000700,-0.003000,0.004500
0.000700,-0.002300,0.003000
0.000700,-0.003800,0.000000
0.001500,-0.003000,-0.000800
0.000700,-0.001500,0.000700
-0.000800,0.000700,0.000700
-0.003800,0.002200,-0.001500
-0.003000,0.003700,-0.003800
-0.002300,0.002200,-0.004600
0.001500,0.000000,-0.003000
0.003700,0.000000,-0.002300
0.006700,-0.001500,-0.001500
0.009000,-0.001500,-0.003800
0.006000,-0.003000,-0.003800
0.001500,-0.005300,-0.000800
-0.003000,-0.008300,-0.000800
-0.006800,-0.006800,-0.001500
-0.011300,-0.004600,-0.003000
-0.013500,-0.003000,-0.002300
-0.010500,-0.000800,-0.000800
-0.003000,0.001500,-0.000800
0.000700,0.006000,-0.001500
0.000700,0.008200,-0.000800
0.004500,0.008200,0.002200
0.008200,0.007500,0.003000
0.014200,0.007500,0.001500
0.017200,0.007500,0.001500
0.005200,0.003000,0.001500
0.000700,0.001500,0.001500
0.004500,0.001500,0.001500
0.001500,0.000700,0.000700
-0.000800,0.002200,0.001500
-0.000800,0.000700,0.001500
-0.001500,-0.000800,0.000700
-0.003800,0.000000,0.001500
-0.004600,0.004500,0.000700
-0.004600,0.010500,0.000700
-0.004600,0.008200,0.000700
-0.005300,0.004500,0.000700
-0.006800,0.001500,0.001500
-0.003800,-0.003000,-0.001500
-0.001500,-0.005300,-0.003800
-0.000800,-0.005300,-0.003000
-0.002300,-0.003000,-0.003000
0.000700,-0.000800,-0.001500
0.003700,-0.000800,0.000000
0.007500,-0.004600,0.001500
0.009700,-0.006800,0.000700
0.003700,-0.006800,0.001500
-0.004600,-0.007500,0.003000
-0.003800,-0.005300,0.003700
-0.002300,-0.000800,0.003000
0.000700,0.005200,0.003000
0.002200,0.006000,0.004500
-0.000800,0.003700,0.004500
-0.000800,0.000000,0.003000
0.000700,-0.003000,0.003000
0.000700,-0.003800,0.000700
0.003000,-0.001500,0.000700
0.001500,-0.000800,-0.000800
0.000000,-0.003800,0.000700
-0.000800,-0.004600,0.003000
-0.002300,-0.004600,0.002200
-0.001500,-0.006800,0.003000
-0.003000,-0.004600,0.003000
-0.003800,-0.001500,0.000700
-0.003000,-0.001500,0.000700
-0.005300,-0.000800,0.000700
-0.004600,0.000000,0.001500
-0.005300,0.001500,0.001500
-0.005300,0.000700,-0.001500
-0.004600,0.000700,-0.000800
-0.002300,0.002200,-0.001500
0.000700,0.003000,-0.003000
0.002200,0.003700,-0.003800
0.003000,0.003000,-0.003000
0.001500,0.000700,-0.003000
0.001500,0.000700,-0.001500
-0.000800,0.001500,-0.001500
-0.003000,0.003000,-0.001500
-0.001500,0.003700,-0.000800
-0.002300,0.004500,-0.001500
-0.004600,0.003000,-0.001500
-0.004600,0.003000,-0.003000
0.000000,0.000700,-0.003000
0.000700,-0.000800,-0.002300
-0.000800,-0.000800,-0.003000
0.000700,-0.001500,-0.002300
0.001500,-0.001500,-0.001500
0.004500,-0.001500,-0.004600
0.005200,-0.002300,-0.006800
0.006000,-0.003000,-0.006800
0.004500,-0.000800,-0.005300
0.001500,-0.000800,-0.001500
-0.000800,-0.000800,-0.000800
-0.003000,0.000700,-0.000800
-0.001500,0.001500,0.000000
-0.000800,-0.000800,0.001500
0.000000,-0.002300,0.003000
0.002200,-0.002300,0.002200
0.003000,-0.002300,0.000700
0.003000,-0.004600,0.001500
0.003700,-0.003800,0.003000
0.006700,0.000000,0.005200
0.010500,0.001500,0.003700
0.009000,0.002200,0.002200
0.006000,0.003000,0.003700
0.000700,0.001500,0.003000
0.000700,0.000700,0.002200
-0.000800,-0.000800,0.001500
-0.001500,-0.001500,-0.000800
-0.000800,-0.001500,-0.002300
-0.001500,-0.001500,-0.000800
-0.000800,-0.001500,-0.000800
-0.002300,0.000000,-0.001500
-0.002300,0.000700,-0.000800
0.002200,0.001500,-0.000800
0.003700,-0.001500,-0.000800
0.003700,-0.001500,0.000000
0.003700,0.000000,0.001500
0.001500,0.001500,0.000700
-0.000800,0.004500,0.001500
-0.001500,0.003700,0.002200
-0.004600,0.001500,0.001500
-0.003000,0.000700,0.000700
0.000000,0.000000,0.001500
0.002200,0.000700,0.001500
0.001500,0.003000,0.000000
-0.000800,0.003000,0.000700
-0.000800,0.002200,0.000700
0.002200,0.003000,-0.002300
0.004500,0.003000,-0.001500
0.003700,0.001500,-0.000800
0.003000,0.003700,-0.000800
0.000700,0.003000,-0.001500
-0.001500,-0.002300,-0.003000
-0.000800,-0.001500,-0.004600
0.000000,0.000000,-0.003800
-0.000800,-0.000800,-0.003000
-0.003000,-0.000800,-0.003000
-0.006800,0.001500,-0.001500
-0.008300,0.001500,-0.000800
-0.006000,0.000700,-0.000800
-0.004600,0.000700,0.000700
-0.002300,0.000700,0.001500
0.004500,0.003000,-0.000800
0.007500,0.003700,0.000000
0.003700,0.002200,0.001500
0.003000,0.002200,0.000700
0.001500,0.000700,0.000700
0.000000,0.000700,0.000700
0.000000,0.000700,-0.000800
0.001500,-0.001500,0.000700
0.003000,-0.003000,0.000700
0.002200,-0.003000,-0.000800
0.001500,-0.001500,-0.003800
0.001500,-0.000800,-0.003800
0.000000,-0.000800,-0.001500
0.000700,-0.003000,-0.000800
0.000000,-0.001500,-0.001500
0.002200,0.003000,-0.002300
0.005200,0.006700,-0.003000
0.003700,0.003000,-0.001500
0.002200,-0.000800,-0.001500
0.000000,-0.003000,0.001500
-0.000800,-0.004600,0.003000
-0.003000,-0.001500,0.000700
-0.006800,-0.003000,0.000700
-0.006800,-0.004600,-0.000800
-0.007500,-0.004600,0.000000
-0.006800,-0.005300,-0.000800
-0.004600,-0.003800,0.000700
-0.004600,-0.000800,0.001500
-0.006000,0.001500,0.000700
-0.006000,0.002200,0.001500
-0.006800,-0.001500,-0.000800
-0.003000,-0.001500,0.000000
-0.003800,0.001500,-0.000800
-0.005300,0.003000,-0.000800
-0.004600,0.003000,0.000000
-0.006000,0.000700,-0.000800
-0.005300,-0.000800,0.000700
-0.001500,0.000000,0.000700
-0.000800,0.000700,0.001500
-0.003000,-0.000800,0.003000
-0.001500,-0.003000,0.004500
-0.000800,-0.005300,0.005200
-0.000800,-0.004600,0.003700
0.001500,0.000700,0.000700
0.003000,0.003000,0.000700
0.003000,0.004500,-0.000800
0.003000,0.006700,-0.000800
0.003700,0.003700,-0.001500
0.004500,0.001500,-0.000800
0.002200,0.001500,0.001500
0.000700,0.001500,0.001500
-0.001500,0.001500,0.003000
-0.001500,-0.000800,0.002200
0.000000,0.002200,0.002200
-0.001500,0.001500,0.001500
-0.003000,0.000700,0.000000
-0.004600,0.000700,0.000000
-0.004600,0.001500,0.000700
-0.005300,0.002200,0.001500
-0.005300,0.000700,0.001500
-0.003800,0.000700,-0.000800
-0.002300,-0.000800,-0.001500
0.000700,-0.002300,-0.000800
0.000700,-0.001500,-0.001500
-0.000800,-0.001500,-0.000800
-0.001500,-0.000800,0.000700
-0.001500,-0.000800,0.002200
-0.000800,-0.001500,-0.000800
-0.004600,-0.001500,-0.003000
-0.002300,-0.001500,-0.003000
0.004500,-0.000800,-0.001500
0.010500,-0.000800,-0.001500
0.010500,-0.001500,-0.000800
0.004500,-0.001500,-0.000800
0.005200,0.000000,-0.000800
0.005200,0.001500,0.002200
0.007500,0.001500,0.001500
0.008200,0.001500,0.000700
0.005200,0.002200,0.001500
0.006700,0.002200,0.001500
0.006700,0.003000,0.003000
0.005200,0.003000,0.001500
0.006700,0.001500,0.001500
0.006000,0.000700,0.000700
0.003700,0.000700,0.001500
0.002200,0.000700,0.001500
0.002200,0.000700,0.000700
0.002200,0.000700,0.001500
-0.001500,0.000700,0.004500
-0.004600,0.000000,0.004500
0.000000,0.000000,0.004500
0.001500,-0.001500,0.003700
0.000000,0.000700,0.003000
0.000700,0.002200,0.000700
0.001500,0.001500,0.001500
0.004500,0.003000,0.001500
0.005200,0.004500,0.000000
0.003000,0.004500,0.000700
0.003700,0.003000,-0.001500
0.001500,0.000700,-0.003800
-0.002300,-0.001500,-0.006800
-0.003800,-0.002300,-0.005300
-0.006000,-0.003000,-0.004600
-0.005300,-0.003000,-0.003000
-0.006000,-0.003000,-0.001500
-0.003800,-0.001500,-0.000800
-0.001500,0.000000,-0.000800
-0.000800,0.000700,-0.001500
0.001500,0.000000,0.000000
0.003700,-0.000800,0.000700
0.003000,-0.001500,0.001500
0.001500,0.000000,0.000700
0.000700,-0.001500,0.001500
0.000000,-0.003800,0.003000
-0.001500,-0.002300,0.000700
-0.003800,-0.001500,0.001500
-0.003000,-0.000800,0.000700
-0.003000,-0.002300,-0.000800
-0.003800,-0.003000,-0.000800
-0.003000,-0.003000,-0.001500
-0.002300,-0.003800,-0.001500
-0.003800,-0.002300,-0.001500
-0.005300,-0.000800,0.000700
-0.006000,-0.000800,0.001500
-0.006800,-0.000800,0.000000
-0.006000,0.000000,-0.001500
-0.004600,0.000700,-0.004600
-0.003800,0.000700,-0.005300
-0.001500,-0.000800,-0.005300
0.001500,0.000000,-0.004600
0.002200,-0.001500,-0.005300
0.000700,0.000000,-0.004600
0.000700,0.000700,-0.003000
0.000700,0.001500,-0.003000
0.001500,0.004500,-0.000800
-0.000800,0.003700,0.000700
-0.001500,0.004500,0.003000
0.001500,0.003000,0.002200
0.001500,0.004500,0.000700
0.003000,0.003700,0.003000
0.001500,0.001500,0.003000
0.000700,0.002200,0.003700
0.003000,0.000700,0.002200
0.002200,0.003000,0.002200
0.001500,0.003000,0.002200
-0.000800,0.003000,0.000700
-0.003000,0.001500,-0.000800
-0.003000,0.000700,-0.000800
-0.000800,0.001500,0.000700
-0.001500,0.001500,0.002200
-0.004600,0.001500,0.000000
-0.003000,0.001500,-0.001500
-0.001500,-0.000800,-0.000800
-0.002300,-0.001500,-0.003000
-0.004600,-0.001500,-0.002300
-0.006800,-0.003000,-0.001500
-0.007500,-0.001500,-0.002300
-0.005300,-0.001500,-0.003000
-0.004600,-0.002300,-0.001500
-0.004600,-0.003000,-0.000800
-0.005300,-0.002300,-0.001500
-0.003000,-0.003000,-0.000800
-0.000800,-0.003800,-0.001500
-0.000800,-0.004600,-0.002300
0.001500,-0.005300,-0.003000
0.003000,-0.006000,-0.001500
0.005200,-0.005300,0.000700
0.005200,-0.003000,0.000700
0.005200,-0.001500,0.000000
0.006000,0.001500,0.000000
0.008200,0.003700,0.000000
0.005200,0.004500,0.001500
0.006700,0.003000,0.003700
0.009000,0.003000,0.004500
0.006700,0.001500,0.003700
0.004500,0.000700,0.004500
0.003000,-0.001500,0.003700
0.003000,-0.004600,0.003000
0.002200,-0.002300,0.002200
0.002200,-0.001500,0.000700
0.001500,-0.000800,0.000700
0.001500,0.000000,0.001500
0.005200,0.000700,0.002200
0.005200,0.003000,0.003000
0.003000,0.003000,0.001500
0.004500,0.004500,0.000700
0.008200,0.001500,0.000700
0.006700,0.000700,0.000000
0.003700,0.001500,0.001500
0.001500,0.002200,0.002200
-0.000800,0.000700,0.000000
-0.001500,-0.002300,0.000000
-0.001500,-0.002300,0.000700
-0.003000,-0.001500,0.001500
-0.002300,-0.003000,0.000000
-0.004600,-0.004600,-0.000800
-0.005300,0.000000,0.000700
-0.005300,0.001500,-0.001500
-0.004600,0.003000,-0.002300
-0.003000,0.003000,-0.003800
-0.002300,0.001500,-0.005300
-0.000800,0.001500,-0.004600
-0.000800,0.000700,-0.004600
0.000700,-0.001500,-0.003800
0.000000,-0.000800,-0.002300
-0.001500,0.000700,-0.003000
-0.000800,0.001500,-0.003000
-0.001500,0.003000,-0.003000
-0.000800,0.003700,-0.000800
0.000000,0.001500,-0.000800
-0.001500,-0.001500,-0.001500
-0.005300,-0.001500,-0.001500
-0.007500,-0.003000,-0.002300
-0.008300,-0.003800,-0.000800
-0.009800,-0.003000,0.001500
-0.009100,-0.003000,0.001500
-0.004600,-0.003000,0.001500
-0.000800,-0.003000,0.003000
0.000700,-0.001500,0.003000
0.001500,-0.003000,0.000700
0.004500,-0.001500,0.000000
0.006700,-0.003000,-0.001500
0.005200,-0.003000,-0.002300
0.003700,0.001500,-0.000800
0.005200,0.003000,-0.003000
0.006700,0.003000,-0.003800
0.005200,-0.000800,-0.005300
0.001500,-0.001500,-0.004600
-0.003000,-0.001500,-0.003000
-0.003000,-0.000800,-0.003000
-0.001500,0.000700,-0.003000
0.001500,-0.000800,-0.002300
0.003000,0.000700,-0.000800
0.000700,0.000700,-0.001500
-0.000800,0.003000,0.000700
-0.000800,0.003700,0.002200
0.003000,0.002200,0.002200
0.001500,0.003000,0.003700
0.001500,0.000000,0.003000
0.000700,0.000700,0.001500
-0.000800,0.001500,0.001500
-0.001500,0.003000,0.000000
-0.003800,0.003000,-0.002300
-0.000800,0.000700,-0.001500
-0.001500,0.001500,-0.000800
-0.001500,0.000700,-0.002300
0.000700,0.001500,-0.002300
0.000000,0.001500,-0.002300
0.000700,0.001500,-0.003000
-0.000800,0.001500,-0.001500
-0.003000,0.000700,-0.000800
-0.009100,0.002200,-0.000800
-0.011300,0.000700,-0.000800
-0.012000,0.000700,-0.000800
-0.010500,-0.000800,-0.001500
-0.009100,-0.000800,-0.006000
-0.009100,-0.001500,-0.008300
-0.005300,-0.002300,-0.003800
-0.001500,-0.000800,-0.000800
0.001500,-0.000800,-0.000800
0.003700,-0.001500,0.001500
0.002200,-0.002300,0.003000
0.002200,-0.000800,0.005200
0.003700,0.000700,0.004500
0.005200,0.001500,0.005200
0.006700,0.000700,0.006000
0.006000,0.000700,0.005200
0.004500,0.001500,0.005200
0.003700,-0.000800,0.006000
0.003700,-0.000800,0.007500
0.002200,-0.001500,0.006700
0.000700,-0.000800,0.006700
0.000700,-0.000800,0.006700
-0.000800,-0.003000,0.005200
0.000000,-0.003000,0.001500
-0.000800,-0.002300,0.001500
-0.002300,0.000700,0.002200
-0.000800,0.000700,-0.000800
0.003700,0.000700,-0.002300
0.006700,0.001500,-0.002300
0.005200,0.001500,0.000700
0.004500,0.000000,0.000700
0.005200,-0.000800,0.001500
0.006700,-0.000800,0.003000
0.005200,0.001500,0.000700
0.003000,0.003000,-0.000800
0.000700,0.002200,-0.001500
-0.001500,0.003000,-0.001500
0.000700,0.003000,-0.001500
0.000700,0.003000,-0.000800
0.001500,0.003000,-0.003000
0.001500,0.001500,-0.005300
0.003700,0.000700,-0.006800
0.003000,-0.000800,-0.008300
0.003700,-0.001500,-0.008300
0.002200,-0.001500,-0.005300
0.000700,0.000000,-0.003800
0.000700,-0.000800,-0.004600
-0.003000,-0.002300,-0.001500
-0.001500,-0.001500,-0.002300
-0.002300,-0.002300,-0.003800
-0.003000,-0.003000,-0.002300
-0.002300,-0.003000,-0.001500
-0.003800,-0.002300,-0.001500
-0.002300,-0.000800,0.000000
0.001500,-0.000800,0.003000
0.000700,-0.001500,0.003700
-0.000800,0.000700,0.003700
0.000000,0.001500,0.004500
-0.001500,-0.000800,0.004500
-0.003000,-0.000800,0.001500
-0.003000,-0.002300,0.000700
0.000000,-0.003000,0.000000
0.000000,-0.001500,0.000000
0.001500,-0.000800,0.003000
0.001500,-0.000800,0.003000
-0.004600,0.000000,0.003700
-0.001500,0.001500,0.004500
-0.000800,0.001500,0.006000
0.000000,0.006700,0.005200
0.000700,0.008200,0.004500
-0.001500,0.004500,0.005200
-0.000800,0.003700,0.003700
-0.001500,0.003000,0.004500
-0.003000,0.000700,0.004500
-0.002300,-0.000800,0.003000
-0.001500,-0.003800,0.003000
0.000700,-0.003000,0.000000
0.000700,-0.003000,0.000000
0.000700,-0.003000,0.000000
0.002200,-0.004600,-0.001500
0.003000,-0.006000,-0.001500
0.001500,-0.005300,-0.000800
0.000700,-0.005300,-0.000800
0.000700,-0.004600,-0.001500
-0.001500,-0.001500,-0.001500
-0.002300,-0.000800,-0.003800
-0.003800,0.002200,-0.003000
-0.004600,0.003700,-0.002300
-0.004600,0.000700,-0.003000
-0.006000,-0.000800,-0.001500
-0.004600,-0.001500,-0.000800
-0.001500,-0.002300,-0.000800
0.002200,-0.002300,-0.000800
0.004500,-0.003800,-0.000800
0.004500,-0.002300,-0.000800
0.005200,-0.002300,0.000700
0.003000,0.000700,-0.000800
0.003000,0.004500,-0.001500
0.001500,0.003000,-0.001500
0.002200,0.001500,-0.002300
0.005200,0.000000,-0.004600
0.005200,0.001500,-0.006800
0.003700,0.003000,-0.006000
0.003000,0.001500,-0.005300
0.003000,0.003700,-0.004600
0.006000,0.003000,-0.005300
0.004500,0.003000,-0.006800
0.003000,0.002200,-0.003000
0.001500,0.003000,-0.002300
0.002200,0.002200,-0.003800
0.003000,0.000700,-0.001500
-0.000800,-0.000800,-0.000800
-0.001500,-0.000800,-0.000800
-0.003000,0.001500,0.000000
-0.004600,0.001500,-0.000800
-0.007500,0.006000,0.000700
-0.009100,0.005200,0.000700
-0.004600,0.004500,0.000700
-0.003800,0.003700,0.004500
-0.003800,0.000700,0.004500
-0.002300,0.000000,0.003000
-0.003800,-0.001500,0.000700
-0.003000,0.000000,-0.000800
-0.002300,-0.000800,-0.000800
-0.000800,-0.003000,0.000000
0.000000,-0.002300,-0.000800
-0.001500,-0.001500,-0.000800
-0.004600,-0.001500,-0.000800
-0.004600,-0.001500,0.000000
-0.003800,-0.001500,-0.000800
-0.003000,0.000700,-0.001500
-0.000800,0.000000,-0.001500
0.001500,0.000700,-0.001500
0.003700,0.000000,0.000000
0.005200,0.000700,-0.001500
0.006000,-0.000800,-0.002300
0.006000,0.000000,0.000700
0.003700,0.000700,0.001500
0.001500,-0.001500,0.001500
0.001500,0.000700,0.003000
0.000700,0.000000,0.003000
0.003000,-0.000800,0.000700
0.003000,-0.000800,0.001500
-0.000800,-0.000800,0.002200
-0.000800,-0.001500,0.001500
-0.002300,-0.003000,0.000700
-0.003000,-0.001500,-0.001500
-0.003800,0.000000,-0.003000
-0.003800,0.000000,-0.002300
-0.001500,-0.001500,-0.000800
-0.001500,-0.003000,-0.000800
0.001500,-0.003000,-0.000800
0.005200,-0.002300,0.001500
0.006000,-0.001500,-0.001500
0.005200,-0.003000,0.000000
0.003700,-0.003000,-0.000800
0.001500,-0.001500,-0.000800
-0.000800,0.000000,0.000000
-0.003000,0.001500,-0.000800
-0.003000,0.001500,0.001500
0.000700,-0.000800,-0.000800
0.000700,-0.000800,-0.000800
0.003000,0.000700,-0.000800
0.000700,0.000700,-0.000800
-0.004600,-0.000800,0.000700
-0.003800,-0.000800,0.001500
-0.003800,0.000700,0.003000
-0.001500,0.000700,0.002200
-0.002300,-0.000800,0.002200
-0.003000,-0.000800,0.003000
-0.001500,-0.001500,0.001500
-0.001500,-0.002300,0.001500
-0.003000,-0.000800,0.003000
-0.003800,-0.000800,0.001500
-0.005300,-0.003000,0.000700
-0.003800,-0.004600,0.001500
-0.003800,-0.004600,0.001500
-0.005300,-0.003800,0.001500
-0.005300,-0.003800,0.001500
-0.004600,-0.002300,0.003000
-0.003000,-0.000800,0.003000
-0.001500,0.000700,0.001500
0.000700,0.001500,0.004500
0.003000,-0.000800,0.005200
0.003000,-0.000800,0.005200
0.003000,0.000000,0.005200
0.003000,-0.000800,0.003000
0.007500,0.001500,0.000700
0.009000,0.001500,-0.001500
0.003000,0.001500,0.000700
0.001500,0.004500,-0.000800
0.004500,0.006700,-0.001500
0.004500,0.006700,0.001500
0.005200,0.003700,0.001500
0.004500,0.004500,NaN  14.90
0.005200,0.004500,NaN  14.90
0.004500,0.005200,NaN  14.90
0.004500,0.005200,NaN  14.90
0.006000,0.003000,NaN  14.90
0.003700,0.001500,NaN  14.90
0.003000,0.000700,NaN  14.90
0.003000,0.000700,NaN  14.90
0.000000,-0.000800,NaN  14.90
-0.003000,-0.003000,NaN  14.90
-0.003800,-0.001500,NaN  14.90
-0.004600,0.000000,NaN  14.90
-0.006800,0.000000,NaN  14.90
-0.007500,-0.000800,NaN  14.90
-0.006000,0.000000,NaN  14.90
-0.005300,0.000000,NaN  14.90
-0.006000,-0.000800,NaN  14.90
-0.006000,0.000700,
-0.004600,0.000700,
-0.000800,0.003000,
0.000000,0.002200,
-0.001500,0.001500,
-0.000800,0.002200,
-0.000800,0.002200,
-0.003000,0.001500,
-0.001500,0.002200,
0.001500,0.002200,
0.002200,0.001500,
0.000700,0.000700,
-0.000800,0.000700,
0.001500,0.000000,
0.001500,-0.001500,
-0.000800,-0.002300,
0.000700,-0.001500,
0.000700,-0.002300,
-0.001500,-0.001500,
-0.000800,0.001500,
0.003000,0.000700,
0.005200,-0.001500,
0.005200,0.000700,
0.004500,0.000700,
0.003000,-0.000800,
0.002200,-0.000800,
0.001500,0.000000,
0.000700,-0.000800,
-0.003000,0.000000,
-0.005300,0.000700,
-0.004600,0.002200,
-0.001500,0.004500,
0.000700,0.002200,
0.001500,0.004500,
0.000700,0.006000,
0.002200,0.003000,
0.001500,0.000700,
-0.000800,0.000700,
-0.000800,-0.000800,
-0.005300,-0.003000,
-0.007500,-0.002300,
-0.006000,-0.002300,
-0.003800,-0.003000,
-0.001500,-0.003000,
0.000700,-0.000800,
0.001500,-0.000800,
0.003000,-0.003000,
0.000700,-0.003800,
-0.001500,-0.005300,
0.000700,-0.003000,
0.004500,-0.001500,
0.003700,0.001500,
0.000700,0.001500,
0.003000,0.001500,
0.003000,0.001500,
0.000700,0.000000,
-0.002300,0.000000,
-0.005300,-0.001500,
-0.003800,-0.000800,
-0.003000,0.000700,
-0.000800,0.000700,
0.000700,0.000700,
0.000000,0.000700,
0.000700,-0.002300,
0.001500,-0.002300,
0.003700,-0.001500,
0.004500,-0.000800,
0.003700,-0.000800,
0.000700,-0.000800,
0.000000,-0.000800,
0.000700,0.000700,
0.003000,0.001500,
0.002200,0.001500,
0.000700,0.002200,
0.001500,0.000700,
0.005200,0.001500,
0.008200,0.000000,
0.005200,-0.000800,
0.003700,0.000000,
0.003700,-0.001500,
0.005200,-0.003000,
0.005200,-0.002300,
0.003000,-0.001500,
0.000700,0.000000,
0.001500,0.000700,
0.002200,-0.000800,
0.000000,0.000700,
-0.003000,0.003000,
-0.004600,0.002200,
-0.005300,0.002200,
-0.007500,0.000700,
-0.008300,-0.003000,
-0.008300,-0.001500,
-0.006800,0.000700,
-0.004600,0.000000,
0.000700,-0.000800,
0.005200,-0.003000,
0.005200,-0.001500,
0.004500,0.000000,
0.000700,0.003000,
-0.001500,0.001500,
-0.003000,0.000700,
-0.002300,0.003000,
0.001500,0.002200,
0.000700,-0.000800,
-0.000800,-0.000800,
0.000700,0.000000,
0.004500,-0.003000,
0.003000,-0.001500,
0.000700,-0.000800,
-0.000800,-0.001500,
-0.003800,0.003000,
-0.004600,0.004500,
-0.003800,0.006000,
-0.003000,0.004500,
-0.001500,0.002200,
0.001500,0.003000,
0.000700,0.001500,
-0.003000,0.000700,
-0.003000,-0.001500,
-0.001500,-0.001500,
0.001500,-0.000800,
0.003000,-0.000800,
0.001500,-0.001500,
0.001500,-0.001500,
0.001500,-0.001500,
-0.000800,-0.000800,
-0.003800,0.000700,
-0.006800,0.002200,
-0.006800,0.000700,
-0.008300,0.000700,
-0.008300,0.000700,
-0.001500,0.000700,
0.000700,-0.001500,
0.000700,-0.002300,
0.003000,-0.003000,
0.005200,-0.003000,
0.000700,-0.003800,
-0.001500,-0.004600,
-0.000800,-0.003800,
0.000000,-0.002300,
0.001500,-0.002300,
0.000700,-0.003000,
0.004500,-0.001500,
0.006000,-0.000800,
0.003000,-0.000800,
0.002200,0.000700,
0.000700,0.003000,
0.000700,0.001500,
0.003000,0.000700,
0.000000,0.000700,
-0.001500,0.000700,
-0.000800,0.000700,
-0.001500,-0.000800,
-0.001500,-0.000800,
-0.003000,-0.001500,
-0.003000,-0.001500,
-0.001500,-0.000800,
0.001500,0.001500,
0.007500,0.001500,
0.008200,-0.000800,
0.003700,0.000700,
0.000000,0.001500,
-0.003000,0.002200,
-0.006000,0.003700,
-0.004600,0.005200,
-0.005300,0.005200,
-0.004600,0.006700,
-0.006800,0.006000,
-0.004600,0.003700,
-0.003000,0.003700,
-0.004600,0.004500,
-0.004600,0.003000,
-0.005300,0.000000,
-0.001500,-0.002300,
-0.001500,-0.003800,
0.001500,-0.003000,
0.004500,-0.003800,
0.006700,-0.004600,
0.010500,-0.004600,
0.009700,-0.003800,
0.009700,-0.003000,
0.008200,0.000000,
0.004500,0.001500,
0.003000,0.000700,
0.001500,0.001500,
-0.000800,0.000000,
-0.002300,-0.000800,
-0.003000,0.000000,
-0.003800,0.001500,
-0.000800,0.004500,
0.001500,0.002200,
0.000700,0.000700,
0.000700,0.000700,
-0.001500,-0.000800,
-0.002300,0.000000,
-0.003800,-0.000800,
-0.003800,-0.001500,
-0.003000,-0.000800,
-0.006000,-0.000800,
-0.005300,-0.002300,
-0.001500,-0.000800,
-0.003000,0.000700,
-0.004600,0.000000,
-0.005300,0.000700,
-0.002300,0.001500,
-0.000800,0.000000,
-0.003000,0.000700,
-0.000800,0.001500,
-0.000800,0.002200,
-0.002300,0.000000,
0.000000,-0.001500,
0.004500,-0.001500,
0.006700,-0.001500,
0.005200,-0.000800,
0.007500,0.002200,
0.010500,-0.000800,
0.011200,-0.003000,
0.012000,-0.000800,
0.010500,-0.000800,
0.006700,0.000700,
0.003700,0.002200,
0.003000,0.002200,
0.003700,0.000700,
0.005200,-0.001500,
0.005200,-0.001500,
0.000700,-0.001500,
-0.003000,0.001500,
-0.003800,0.000700,
-0.004600,-0.003000,
-0.004600,-0.004600,
-0.006000,-0.003000,
-0.004600,-0.003000,
-0.001500,-0.003000,
-0.002300,-0.001500,
-0.004600,0.000000,
-0.005300,0.001500,
-0.006000,0.000000,
-0.006000,0.003000,
-0.006800,0.003000,
-0.004600,0.000700,
-0.001500,0.000700,
-0.000800,0.000700,
0.000000,0.001500,
0.000700,0.001500,
0.000000,0.004500,
0.000000,0.003000,
0.000000,0.000700,
-0.001500,0.003000,
-0.002300,0.001500,
-0.000800,0.003000,
0.001500,0.001500,
0.000700,0.001500,
-0.001500,0.000000,
-0.002300,-0.000800,
-0.004600,-0.001500,
-0.005300,-0.002300,
-0.006000,-0.003000,
-0.005300,-0.004600,
-0.001500,-0.004600,
-0.003800,-0.006800,
-0.007500,-0.002300,
-0.004600,-0.000800,
-0.003800,-0.003000,
-0.002300,-0.001500,
0.003000,-0.000800,
0.003000,0.001500,
0.003000,0.004500,
0.006700,0.005200,
0.008200,0.004500,
0.005200,0.003700,
0.005200,0.004500,
0.003700,0.004500,
0.003000,0.001500,
0.002200,-0.001500,
0.000700,-0.003000,
-0.003000,-0.003000,
-0.003000,-0.002300,
0.001500,-0.001500,
0.003700,-0.001500,
0.005200,-0.002300,
0.003700,-0.002300,
0.002200,-0.001500,
0.001500,-0.003000,
0.002200,-0.005300,
0.002200,-0.003000,
0.002200,0.000000,
-0.002300,-0.000800,
-0.005300,0.000700,
-0.005300,-0.000800,
-0.006800,0.000000,
-0.006000,0.003700,
-0.004600,0.001500,
-0.003000,0.002200,
-0.000800,0.001500,
0.001500,0.001500,
0.003000,0.003000,
0.001500,0.002200,
-0.000800,0.000700,
-0.000800,0.000700,
-0.003000,0.000700,
-0.001500,0.000000,
0.001500,0.000700,
0.002200,-0.000800,
0.003000,-0.000800,
0.003700,0.000000,
0.001500,-0.002300,
-0.000800,-0.000800,
-0.001500,-0.000800,
-0.000800,-0.000800,
-0.000800,0.000700,
-0.003000,-0.001500,
-0.003000,-0.003000,
-0.004600,-0.004600,
-0.003000,-0.005300,
-0.000800,-0.003800,
0.002200,-0.001500,
0.004500,-0.001500,
0.005200,0.001500,
0.005200,0.003000,
0.003000,0.006700,
0.001500,0.009000,
0.000700,0.008200,
0.000000,0.006000,
0.000000,0.003000,
0.000000,0.003000,
-0.001500,0.003000,
-0.001500,0.001500,
0.000700,-0.001500,
0.003000,-0.002300,
0.006700,-0.004600,
0.005200,-0.006800,
0.007500,-0.006000,
0.009000,-0.003000,
0.009700,-0.000800,
0.009000,-0.001500,
0.004500,-0.000800,
0.003700,0.000000,
0.003000,0.000700,
0.004500,0.003000,
0.003000,0.002200,
0.000700,0.001500,
-0.001500,0.001500,
-0.001500,0.002200,
-0.003000,0.001500,
-0.007500,0.003700,
-0.008300,0.001500,
-0.010500,0.000700,
-0.009800,0.003000,
-0.006000,0.000000,
-0.003800,-0.000800,
-0.000800,-0.000800,
0.000000,-0.001500,
0.002200,0.000000,
0.003700,-0.000800,
0.001500,-0.001500,
0.000000,-0.004600,
0.000700,-0.003000,
-0.000800,-0.003800,
-0.001500,-0.004600,
-0.000800,-0.003000,
0.000000,0.000700,
0.000700,0.000700,
0.000700,-0.000800,
0.003000,0.000000,
0.004500,0.000700,
0.003000,0.003000,
0.002200,0.005200,
0.001500,0.003000,
0.003700,0.003000,
0.009000,0.004500,
0.007500,0.005200,
0.003000,0.004500,
0.000700,0.001500,
-0.001500,0.000700,
-0.003800,-0.000800,
-0.004600,0.000700,
-0.006000,0.004500,
-0.006000,0.002200,
-0.007500,0.001500,
-0.007500,0.001500,
-0.005300,0.001500,
-0.004600,-0.000800,
-0.003000,-0.001500,
-0.006800,-0.003000,
-0.006800,-0.003000,
-0.006000,-0.001500,
-0.003000,-0.003800,
0.000000,-0.003000,
0.000000,-0.003000,
0.003000,-0.001500,
0.003000,0.000000,
0.001500,0.000000,
0.000700,0.000000,
-0.001500,-0.000800,
0.000000,-0.000800,
0.000700,-0.000800,
-0.000800,-0.001500,
-0.001500,-0.001500,
-0.002300,-0.002300,
0.000700,0.000000,
-0.000800,0.000700,
-0.000800,-0.003000,
-0.000800,-0.001500,
-0.005300,0.000000,
-0.005300,-0.000800,
-0.008300,0.001500,
-0.010500,-0.000800,
-0.009100,-0.000800,
-0.006000,0.000000,
0.000700,0.000000,
0.007500,-0.000800,
0.007500,-0.000800,
0.005200,0.003000,
0.008200,0.000700,
0.009000,0.000000,
0.009000,0.000700,
0.008200,0.002200,
0.006000,0.004500,
0.005200,0.005200,
0.003700,0.004500,
0.001500,0.003700,
-0.001500,0.003000,
-0.003000,0.001500,
-0.004600,-0.001500,
-0.005300,-0.004600,
-0.003000,-0.005300,
-0.000800,-0.003800,
-0.000800,0.000000,
-0.000800,0.000700,
0.003000,0.002200,
0.003700,0.003000,
0.003000,0.001500,
0.003000,-0.000800,
0.004500,-0.003000,
0.001500,-0.000800,
-0.000800,0.000000,
-0.001500,-0.001500,
-0.001500,-0.002300,
-0.001500,-0.004600,
-0.000800,-0.005300,
-0.001500,-0.006000,
-0.000800,-0.004600,
-0.001500,-0.003000,
-0.001500,-0.001500,
-0.004600,0.000700,
-0.005300,0.001500,
-0.003800,0.002200,
-0.004600,0.004500,
-0.003000,0.006700,
-0.004600,0.005200,
-0.003800,0.003000,
-0.003800,0.002200,
0.000700,0.004500,
0.003700,0.002200,
0.007500,0.001500,
0.010500,0.004500,
0.009000,0.005200,
0.007500,0.003000,
0.005200,0.001500,
0.003000,-0.000800,
-0.000800,-0.001500,
-0.003000,-0.003000,
-0.003800,-0.002300,
-0.001500,-0.000800,
-0.000800,-0.000800,
-0.000800,-0.000800,
0.003000,-0.000800,
0.003700,-0.001500,
0.001500,-0.002300,
0.001500,-0.000800,
0.003000,0.000700,
0.000700,0.001500,
0.001500,0.001500,
0.002200,0.000700,
0.000000,0.000000,
-0.001500,-0.004600,
-0.002300,-0.006800,
-0.000800,-0.003800,
0.000000,-0.000800,
-0.003000,0.000000,
-0.000800,0.000000,
0.000700,0.000000,
-0.000800,-0.000800,
0.001500,-0.000800,
0.004500,0.000000,
0.008200,-0.000800,
0.009700,-0.001500,
0.006700,-0.000800,
0.006000,0.000700,
0.005200,-0.001500,
0.003700,-0.000800,
0.003000,0.000000,
0.001500,-0.001500,
-0.001500,-0.000800,
-0.003800,-0.000800,
-0.004600,-0.000800,
-0.005300,0.000700,
-0.003000,0.006000,
-0.002300,0.009000,
-0.001500,0.008200,
-0.001500,0.007500,
-0.003000,0.006000,
-0.006000,0.004500,
-0.006800,0.003700,
-0.005300,0.002200,
-0.009100,0.001500,
-0.010500,-0.002300,
-0.007500,-0.004600,
-0.006000,-0.003800,
-0.003800,-0.006800,
0.000000,-0.006000,
-0.001500,-0.003800,
-0.003800,-0.004600,
-0.003800,-0.005300,
-0.001500,-0.006800,
0.001500,-0.004600,
0.003000,-0.003000,
0.001500,-0.003000,
0.001500,-0.003000,
0.001500,-0.002300,
0.003700,0.001500,
0.003000,0.004500,
0.002200,0.003000,
0.002200,0.003700,
0.001500,0.002200,
0.002200,0.001500,
0.003000,0.002200,
0.003000,0.001500,
0.004500,0.000700,
0.005200,-0.000800,
0.003700,0.003000,
0.001500,0.004500,
-0.000800,0.004500,
-0.003000,0.002200,
-0.004600,-0.000800,
-0.003800,-0.000800,
-0.003800,-0.000800,
-0.003000,0.001500,
-0.003000,0.001500,
-0.003800,0.000000,
-0.000800,-0.001500,
0.004500,-0.002300,
0.003700,0.000700,
0.001500,0.000000,
0.003000,-0.004600,
0.003000,-0.005300,
0.003000,-0.003800,
0.003000,-0.003000,
0.002200,-0.001500,
0.003000,-0.001500,
0.001500,-0.001500,
0.001500,-0.000800,
0.000000,-0.000800,
-0.001500,-0.001500,
0.000000,-0.000800,
0.003700,-0.004600,
0.005200,-0.006000,
0.005200,-0.004600,
0.004500,-0.001500,
0.004500,0.001500,
0.004500,0.003000,
0.003000,0.003000,
0.001500,0.003000,
0.000700,0.004500,
0.000700,0.006700,
0.001500,0.006000,
0.003000,0.004500,
0.000000,0.003700,
-0.003000,0.003000,
-0.005300,0.000700,
-0.006800,-0.001500,
-0.006800,-0.000800,
-0.006800,-0.000800,
-0.001500,0.000000,
0.000700,-0.001500,
-0.002300,-0.005300,
-0.003000,-0.005300,
-0.003000,-0.004600,
0.000000,-0.004600,
0.000700,-0.008300,
-0.001500,-0.005300,
-0.006000,-0.000800,
-0.007500,-0.000800,
-0.005300,-0.003000,
-0.003000,-0.004600,
-0.003000,0.001500,
-0.003800,0.005200,
-0.002300,0.005200,
0.000700,0.002200,
0.001500,0.003000,
0.000700,0.005200,
0.000700,0.003700,
0.000700,0.003700,
-0.001500,0.004500,
0.000700,0.006700,
0.000700,0.009000,
-0.000800,0.010500,
-0.000800,0.010500,
-0.001500,0.008200,
-0.002300,0.008200,
-0.000800,0.008200,
0.001500,0.008200,
0.002200,0.005200,
0.002200,0.004500,
0.000700,0.000700,
0.001500,-0.003000,
0.001500,-0.007500,
0.000700,-0.008300,
-0.000800,-0.003000,
-0.004600,-0.003800,
-0.004600,-0.003000,
-0.003000,-0.003000,
-0.001500,-0.004600,
-0.000800,-0.003000,
0.001500,-0.001500,
0.003000,-0.001500,
0.007500,-0.001500,
0.008200,-0.003800,
0.006700,-0.002300,
0.008200,-0.000800,
0.010500,-0.004600,
0.010500,-0.003000,
0.006700,-0.003000,
0.001500,-0.004600,
-0.002300,-0.001500,
-0.006800,0.001500,
-0.009100,0.003000,
-0.010500,0.000700,
-0.009800,0.000700,
-0.011300,-0.000800,
-0.012000,0.000700,
-0.010500,0.000000,
-0.009100,-0.001500,
-0.005300,-0.001500,
-0.002300,-0.002300,
-0.000800,-0.001500,
0.000700,-0.002300,
0.001500,0.000000,
0.001500,0.003000,
0.001500,0.003000,
0.003700,0.004500,
0.003700,0.003000,
0.003000,0.000700,
0.002200,0.000000,
0.000000,-0.003800,
-0.001500,-0.003000,
-0.002300,0.000700,
-0.003800,0.001500,
-0.003800,0.001500,
-0.003000,-0.002300,
0.000700,-0.004600,
0.001500,-0.003000,
0.000000,-0.000800,
0.000700,0.000000,
0.001500,0.000700,
0.000000,0.003000,
0.001500,0.001500,
0.005200,-0.000800,
0.004500,-0.003000,
0.003000,-0.003800,
0.003000,-0.000800,
0.004500,0.000700,
0.003700,-0.001500,
0.003000,-0.005300,
0.003000,-0.005300,
0.003700,-0.001500,
0.003700,0.000000,
0.005200,0.000700,
0.005200,0.003000,
0.003000,0.005200,
0.003000,0.005200,
0.001500,0.004500,
0.000700,0.006700,
-0.000800,0.004500,
-0.001500,0.002200,
0.000700,0.001500,
-0.000800,0.001500,
-0.000800,0.003000,
0.002200,-0.001500,
0.000700,0.000000,
-0.000800,0.003000,
-0.003800,0.002200,
-0.005300,0.001500,
-0.005300,0.000000,
-0.004600,0.000700,
-0.005300,-0.000800,
-0.001500,-0.001500,
0.001500,-0.004600,
0.002200,-0.004600,
0.001500,-0.003800,
-0.001500,-0.003000,
-0.002300,-0.002300,
-0.004600,-0.001500,
-0.001500,0.000700,
0.003000,0.000700,
0.001500,-0.001500,
0.003000,-0.001500,
0.005200,-0.003000,
0.005200,-0.004600,
0.003000,-0.004600,
-0.000800,-0.001500,
-0.003000,-0.000800,
-0.003000,0.003700,
-0.004600,0.004500,
-0.003800,0.003000,
-0.003000,0.003000,
0.000700,0.001500,
0.003000,0.004500,
0.005200,0.007500,
0.006700,0.006000,
0.006000,0.003000,
0.006000,0.000700,
0.006000,0.000700,
0.003700,0.004500,
0.001500,0.005200,
0.000700,0.002200,
0.000700,-0.001500,
0.000700,-0.004600,
-0.000800,-0.006800,
-0.004600,-0.004600,
-0.006800,-0.002300,
-0.002300,-0.005300,
-0.001500,-0.004600,
-0.001500,-0.003800,
0.001500,-0.003000,
0.003000,-0.000800,
0.000700,0.000000,
0.000700,-0.001500,
0.000700,-0.000800,
-0.001500,0.002200,
-0.001500,0.003000,
0.000700,0.000700,
0.002200,-0.001500,
0.003000,-0.003000,
0.003700,-0.004600,
0.001500,-0.005300,
-0.001500,-0.003000,
-0.003800,0.000700,
-0.003000,0.004500,
-0.003800,0.005200,
-0.006800,0.009000,
-0.007500,0.008200,
-0.006000,0.006000,
-0.004600,0.004500,
-0.000800,0.004500,
0.003000,0.003000,
0.006700,-0.000800,
0.006700,-0.007500,
0.003700,-0.012800,
0.005200,-0.010500,
0.003700,-0.009100,
0.001500,-0.006800,
0.001500,-0.003800,
0.000700,-0.000800,
-0.001500,0.003000,
-0.003000,0.006000,
-0.001500,0.006000,
-0.003800,0.000700,
-0.002300,-0.001500,
0.001500,0.001500,
0.000700,0.006700,
-0.005300,0.004500,
-0.006800,0.001500,
-0.005300,0.003700,
-0.004600,0.003000,
-0.001500,-0.000800,
0.001500,-0.000800,
0.003700,0.000700,
0.002200,-0.001500,
0.003700,-0.001500,
0.005200,0.003000,
0.004500,0.004500,
0.004500,0.002200,
0.006700,0.000700,
0.010500,-0.000800,
0.007500,0.000700,
0.000000,0.003700,
-0.005300,0.000700,
-0.010500,-0.001500,
-0.012800,-0.003800,
-0.006800,-0.005300,
-0.003800,-0.007500,
-0.005300,-0.006800,
-0.001500,-0.004600,
0.004500,-0.004600,
0.008200,-0.003000,
0.010500,-0.003800,
0.014200,-0.004600,
0.015700,-0.006800,
0.009700,-0.009100,
0.006000,-0.004600,
0.004500,0.000700,
0.001500,0.001500,
-0.002300,0.000000,
-0.009100,-0.000800,
-0.010500,-0.001500,
-0.009800,-0.000800,
-0.006800,0.003000,
-0.004600,0.001500,
-0.003800,0.005200,
-0.005300,0.009000,
-0.008300,0.012000,
-0.005300,0.014200,
-0.006800,0.012000,
-0.005300,0.012000,
-0.003000,0.008200,
-0.000800,0.006000,
0.003000,0.008200,
0.003000,0.009000,
0.000700,0.007500,
-0.005300,0.000700,
-0.010500,-0.000800,
-0.012000,0.000000,
-0.009800,0.000700,
-0.008300,0.000700,
-0.003000,-0.001500,
0.006000,-0.005300,
0.016500,-0.006800,
0.020200,-0.008300,
0.014200,-0.009100,
0.010500,-0.006800,
0.006700,-0.003000,
-0.000800,-0.003000,
-0.005300,-0.004600,
-0.007500,-0.005300,
-0.007500,-0.000800,
-0.009100,0.000700,
-0.009100,-0.001500,
-0.010500,0.000000,
-0.007500,0.003700,
-0.004600,0.006700,
-0.003800,0.006700,
0.003000,0.003700,
0.008200,0.001500,
0.010500,-0.000800,
0.012700,-0.003000,
0.017200,-0.003000,
0.019500,-0.004600,
0.011200,-0.003000,
0.006000,-0.000800,
0.003000,0.001500,
0.000000,0.002200,
0.000000,-0.002300,
-0.002300,-0.007500,
-0.005300,-0.008300,
-0.005300,-0.008300,
-0.005300,-0.008300,
-0.006800,-0.010500,
-0.006800,-0.010500,
-0.006800,-0.008300,
-0.014300,-0.003800,
-0.015800,-0.001500,
-0.014300,-0.001500,
-0.009100,0.002200,
-0.006000,0.008200,
-0.001500,0.009000,
0.004500,0.006700,
0.007500,0.003000,
0.014200,0.001500,
0.013500,0.000700,
0.010500,0.001500,
0.005200,0.005200,
0.001500,0.006700,
-0.000800,0.005200,
-0.002300,0.003000,
0.000700,0.000700,
0.003700,-0.003800,
0.001500,-0.002300,
-0.003000,0.000700,
-0.005300,0.002200,
-0.005300,0.006000,
-0.006000,0.007500,
-0.004600,0.004500,
-0.004600,0.003700,
-0.006000,0.003000,
-0.014300,0.000700,
-0.023300,-0.000800,
-0.018100,0.000000,
-0.009800,0.003700,
-0.004600,-0.000800,
0.001500,-0.002300,
0.012700,-0.000800,
0.024700,-0.003000,
0.033000,-0.001500,
0.030000,-0.004600,
0.021000,-0.004600,
0.013500,-0.004600,
0.001500,-0.007500,
0.000000,-0.003800,
0.000700,-0.003000,
0.003700,-0.002300,
0.008200,0.000000,
0.000000,-0.001500,
-0.010500,-0.000800,
-0.012800,-0.001500,
-0.009100,-0.006000,
-0.009800,-0.005300,
-0.009100,-0.004600,
-0.003800,-0.004600,
0.001500,-0.003800,
0.001500,0.000700,
-0.003000,0.001500,
-0.003000,0.000700,
0.000000,0.005200,
0.003700,0.006700,
0.001500,0.003000,
0.003000,0.004500,
0.005200,0.004500,
0.006700,0.007500,
0.010500,0.009000,
0.010500,0.007500,
0.007500,0.006700,
0.006000,0.006700,
-0.001500,0.005200,
-0.006800,0.006000,
-0.006800,0.007500,
-0.009100,0.005200,
-0.008300,0.001500,
-0.004600,-0.003000,
-0.002300,-0.004600,
0.000700,-0.003000,
0.006700,-0.001500,
0.011200,-0.003000,
0.009000,-0.002300,
0.001500,-0.001500,
-0.007500,0.000700,
-0.006800,-0.000800,
-0.006000,-0.004600,
-0.006800,-0.002300,
-0.006000,0.002200,
-0.005300,0.003000,
-0.003000,0.000700,
0.003000,0.003000,
0.010500,0.000700,
0.011200,-0.003000,
0.009700,-0.001500,
0.004500,-0.003000,
-0.006000,-0.003000,
-0.007500,-0.000800,
-0.013500,-0.001500,
-0.018100,-0.001500,
-0.012000,-0.000800,
-0.007500,-0.003800,
-0.001500,-0.005300,
0.000700,-0.009100,
0.000700,-0.010500,
0.000000,-0.009800,
0.005200,-0.006800,
0.015700,-0.003800,
0.011200,-0.001500,
0.005200,-0.002300,
0.006700,-0.003000,
0.002200,-0.003000,
0.000700,-0.002300,
0.005200,0.000700,
0.003700,0.003000,
0.002200,0.008200,
0.006000,0.009700,
0.004500,0.009000,
-0.001500,0.006700,
-0.004600,0.001500,
-0.005300,-0.003800,
-0.005300,-0.009800,
-0.003800,-0.009800,
-0.004600,-0.004600,
-0.004600,0.004500,
-0.009800,0.001500,
-0.009100,-0.004600,
-0.005300,0.000000,
-0.006800,0.009000,
-0.004600,0.015000,
-0.000800,0.008200,
0.005200,0.000000,
0.009700,0.003000,
0.008200,0.005200,
0.002200,0.006000,
0.001500,0.003700,
0.003000,-0.001500,
0.000700,-0.000800,
-0.000800,0.002200,
-0.002300,0.004500,
-0.000800,-0.001500,
0.001500,-0.004600,
0.005200,-0.003800,
0.001500,-0.007500,
-0.009100,0.001500,
-0.010500,0.003700,
-0.006800,-0.000800,
-0.006800,0.004500,
-0.006800,-0.000800,
-0.004600,-0.002300,
-0.000800,0.003000,
0.004500,0.004500,
0.008200,0.003000,
0.009000,-0.000800,
0.003000,-0.003800,
-0.005300,-0.003000,
-0.009100,-0.004600,
-0.005300,-0.009100,
-0.003000,-0.010500,
-0.006800,-0.006800,
-0.009100,-0.000800,
-0.006800,0.006000,
0.000700,0.006000,
0.006700,0.005200,
0.009000,-0.003800,
0.012700,-0.004600,
0.012000,0.004500,
0.015700,0.003000,
0.010500,0.003000,
-0.003800,0.002200,
-0.011300,0.001500,
-0.012800,0.000000,
-0.010500,-0.000800,
-0.005300,0.000700,
-0.004600,0.001500,
-0.003800,0.001500,
-0.004600,-0.001500,
-0.004600,-0.001500,
-0.000800,-0.004600,
0.002200,-0.004600,
-0.001500,-0.003000,
-0.004600,-0.002300,
-0.000800,-0.000800,
-0.001500,-0.000800,
-0.005300,-0.000800,
-0.003000,0.000700,
0.003000,0.000700,
0.014200,0.001500,
0.021000,0.003700,
0.012000,0.004500,
0.006700,0.005200,
0.004500,0.003000,
0.008200,0.000700,
0.009700,-0.003000,
0.004500,0.000700,
0.003000,0.002200,
0.000700,-0.008300,
-0.001500,-0.012000,
0.000700,-0.009800,
-0.000800,-0.004600,
-0.003800,-0.002300,
-0.005300,0.001500,
-0.005300,0.005200,
-0.006800,0.005200,
-0.007500,0.006700,
-0.003000,0.009000,
-0.001500,0.014200,
-0.004600,0.018000,
-0.004600,0.011200,
-0.004600,0.004500,
-0.003000,0.002200,
0.006000,-0.003000,
0.008200,-0.005300,
0.000700,-0.007500,
-0.003800,-0.007500,
-0.001500,-0.006000,
0.001500,-0.007500,
0.007500,-0.004600,
0.010500,-0.003800,
0.016500,0.000700,
0.021700,0.004500,
0.014200,0.005200,
0.001500,0.004500,
-0.003000,-0.000800,
-0.006800,-0.003000,
-0.009800,-0.003000,
-0.009100,0.002200,
-0.008300,0.005200,
-0.008300,-0.003000,
-0.008300,-0.003000,
-0.006800,-0.001500,
-0.006800,-0.004600,
-0.005300,-0.006000,
-0.003000,-0.001500,
-0.003000,0.003000,
-0.006000,0.003000,
-0.012000,0.003700,
-0.012000,0.003000,
-0.006800,0.003000,
-0.004600,0.001500,
-0.002300,0.001500,
0.001500,0.005200,
0.000700,0.000700,
0.002200,-0.002300,
0.006700,-0.003000,
0.009000,-0.005300,
0.006000,-0.000800,
0.004500,0.006000,
0.006700,0.001500,
0.012000,-0.002300,
0.024700,-0.003000,
0.024700,-0.005300,
0.005200,-0.003800,
-0.006800,-0.004600,
-0.010500,-0.003000,
-0.010500,-0.000800,
-0.008300,0.000700,
-0.010500,0.009000,
-0.006800,0.008200,
0.004500,0.004500,
0.010500,0.000700,
0.008200,-0.003000,
0.001500,-0.000800,
-0.003800,-0.000800,
-0.008300,-0.004600,
-0.009100,-0.006000,
-0.009100,-0.003000,
-0.006800,0.000000,
-0.005300,0.000000,
0.000000,-0.000800,
0.006700,-0.000800,
0.012000,-0.001500,
0.011200,-0.000800,
0.000000,-0.000800,
-0.003000,-0.001500,
0.000700,-0.000800,
0.003000,-0.000800,
0.005200,-0.000800,
0.004500,-0.001500,
-0.006800,-0.003000,
-0.013500,-0.001500,
-0.012800,0.000000,
-0.015800,0.000000,
-0.015800,0.001500,
-0.010500,0.003000,
-0.004600,0.003700,
0.005200,0.003700,
0.008200,0.004500,
0.004500,0.002200,
0.005200,0.003000,
0.006700,0.005200,
0.004500,0.006700,
-0.000800,0.010500,
-0.003000,0.007500,
-0.002300,0.004500,
-0.000800,0.001500,
-0.002300,-0.003000,
-0.002300,-0.003800,
-0.003000,-0.003000,
0.000700,-0.002300,
0.004500,-0.003000,
0.005200,-0.005300,
0.008200,-0.005300,
0.009000,-0.005300,
0.012700,0.000000,
0.014200,0.004500,
0.009000,0.002200,
0.000700,-0.000800,
-0.004600,-0.003800,
-0.003000,-0.005300,
0.001500,-0.000800,
0.002200,0.005200,
0.004500,0.009000,
0.006700,0.008200,
0.012000,0.003000,
0.016500,-0.000800,
0.006700,-0.005300,
-0.004600,-0.008300,
-0.004600,-0.006800,
-0.010500,-0.008300,
-0.019500,-0.005300,
-0.018100,-0.001500,
-0.014300,0.000700,
-0.006000,0.000700,
-0.000800,-0.000800,
-0.001500,0.000700,
-0.003800,0.000700,
0.005200,0.000000,
0.014200,0.000000,
0.005200,-0.001500,
-0.001500,0.000700,
-0.006000,0.000700,
-0.004600,-0.001500,
0.003000,-0.001500,
0.012000,-0.002300,
0.010500,0.000700,
-0.003000,0.007500,
-0.004600,0.010500,
-0.003800,0.007500,
0.000700,0.001500,
0.002200,0.000700,
-0.000800,0.001500,
0.003000,0.003000,
0.009000,0.003000,
0.008200,-0.003000,
0.003700,-0.005300,
0.006700,-0.002300,
0.013500,-0.002300,
0.023200,-0.007500,
0.024000,-0.006800,
0.012000,-0.005300,
-0.000800,-0.006000,
-0.006000,-0.001500,
-0.012000,0.001500,
-0.016500,0.005200,
-0.018100,0.010500,
-0.022500,0.015000,
-0.027000,0.010500,
-0.027000,0.005200,
-0.018100,0.000000,
-0.004600,-0.004600,
0.003700,-0.005300,
0.003700,-0.010500,
0.002200,-0.010500,
0.003000,-0.006800,
0.009000,-0.003800,
0.010500,-0.002300,
0.003700,-0.005300,
-0.006800,-0.005300,
-0.012000,-0.004600,
-0.002300,0.000700,
0.006700,0.003700,
0.006700,0.004500,
0.004500,0.000700,
0.009700,-0.000800,
0.023200,0.005200,
0.018000,0.006000,
-0.000800,0.005200,
-0.006800,0.004500,
-0.009100,0.007500,
-0.010500,0.008200,
-0.010500,0.006700,
-0.017300,0.002200,
-0.016500,0.000700,
-0.015000,0.004500,
-0.012000,0.004500,
-0.010500,0.004500,
-0.006000,0.000700,
0.003000,-0.001500,
0.012700,-0.003000,
0.017200,-0.006000,
0.012000,-0.003000,
0.012700,-0.004600,
0.013500,-0.005300,
0.015700,-0.005300,
0.013500,-0.009100,
0.010500,-0.008300,
0.009000,-0.003800,
0.004500,0.000700,
-0.000800,0.002200,
-0.001500,0.001500,
-0.001500,0.000700,
-0.002300,0.003700,
0.004500,0.006000,
0.006700,0.008200,
0.003000,0.008200,
-0.003800,0.004500,
-0.003800,0.003000,
-0.006800,-0.008300,
-0.012000,-0.015000,
-0.013500,-0.011300,
-0.014300,-0.012000,
-0.009100,-0.012000,
-0.003800,-0.004600,
-0.003800,-0.001500,
-0.001500,0.003000,
0.001500,0.006000,
-0.004600,0.005200,
-0.004600,0.006700,
-0.000800,0.004500,
-0.001500,0.001500,
0.001500,0.000700,
0.004500,0.002200,
0.009000,0.003700,
0.012000,0.003000,
0.012000,0.001500,
0.003700,0.003000,
-0.003000,0.006700,
-0.002300,0.009000,
-0.000800,0.006700,
-0.000800,0.003000,
-0.004600,0.001500,
-0.003800,0.000000,
-0.002300,-0.002300,
-0.001500,-0.003000,
0.000000,-0.000800,
-0.003000,0.000700,
-0.005300,0.000000,
0.000700,-0.001500,
0.015700,-0.001500,
0.020200,-0.001500,
0.010500,-0.001500,
0.003000,-0.003000,
0.006700,-0.002300,
0.007500,-0.001500,
-0.002300,-0.003000,
-0.009800,-0.001500,
-0.008300,0.001500,
-0.005300,0.003000,
0.003000,0.005200,
0.001500,0.004500,
-0.007500,0.000700,
-0.003000,0.000000,
-0.002300,-0.005300,
-0.007500,-0.007500,
-0.005300,0.000700,
-0.003800,0.001500,
0.001500,-0.002300,
0.005200,-0.003000,
0.002200,-0.001500,
0.006700,-0.002300,
0.015700,-0.004600,
0.016500,-0.009100,
0.016500,-0.009800,
0.008200,-0.006800,
-0.005300,-0.005300,
-0.006000,-0.002300,
-0.007500,-0.003000,
-0.008300,0.000000,
-0.004600,0.001500,
-0.006800,0.000700,
-0.006800,0.001500,
-0.008300,0.001500,
-0.012800,0.003700,
-0.018100,0.001500,
-0.020300,0.001500,
-0.018100,0.004500,
-0.013500,0.005200,
-0.006800,0.004500,
0.000000,0.003000,
0.011200,0.004500,
0.025500,0.005200,
0.032200,0.005200,
0.027700,0.002200,
0.014200,-0.000800,
-0.003800,-0.001500,
-0.012000,-0.000800,
-0.008300,-0.000800,
-0.009800,0.000700,
-0.009100,0.001500,
-0.008300,0.003000,
-0.005300,0.002200,
0.002200,0.002200,
0.007500,0.000000,
0.006700,-0.003000,
-0.003000,-0.001500,
-0.003800,0.001500,
-0.004600,0.000700,
-0.003800,0.001500,
-0.003000,0.000000,
-0.005300,-0.000800,
-0.008300,0.000000,
-0.009800,0.000700,
-0.007500,0.000700,
-0.003000,-0.001500,
-0.000800,-0.006800,
-0.003000,-0.005300,
0.000000,-0.000800,
0.007500,0.004500,
0.006000,0.006000,
0.004500,0.003000,
0.005200,-0.000800,
0.003000,-0.000800,
0.012000,-0.000800,
0.024700,-0.005300,
0.024000,-0.006000,
0.010500,-0.003000,
0.000000,-0.001500,
-0.001500,-0.001500,
0.002200,-0.002300,
0.000700,-0.001500,
-0.006800,-0.000800,
-0.006800,-0.000800,
-0.011300,-0.002300,
-0.013500,-0.001500,
-0.012000,0.001500,
-0.012000,0.003000,
-0.010500,0.004500,
-0.010500,0.006700,
-0.009100,0.010500,
-0.002300,0.007500,
0.003000,0.004500,
-0.001500,0.002200,
-0.002300,0.000700,
0.000700,0.000700,
0.009000,0.002200,
0.021700,0.003700,
0.025500,0.002200,
0.027000,0.000700,
0.015000,-0.003000,
-0.004600,-0.006800,
-0.007500,-0.003800,
0.001500,-0.001500,
0.004500,-0.004600,
0.004500,-0.003000,
0.008200,-0.000800,
0.014200,-0.003000,
0.012000,-0.005300,
0.009000,-0.003000,
0.008200,0.002200,
0.005200,0.005200,
0.003000,0.004500,
0.000700,0.003700,
0.004500,0.003700,
-0.003000,0.003000,
-0.017300,0.000700,
-0.018800,-0.001500,
-0.018800,-0.000800,
-0.015000,0.003000,
-0.017300,0.003700,
-0.012800,0.002200,
-0.003800,0.000000,
0.000700,-0.000800,
0.003700,0.000000,
0.003000,0.001500,
0.003000,0.004500,
0.003700,0.006000,
0.003000,0.007500,
-0.001500,0.006000,
-0.004600,0.006000,
-0.006800,0.006700,
-0.008300,0.003000,
-0.009800,-0.001500,
-0.012000,-0.003800,
-0.012000,-0.003000,
-0.009800,-0.004600,
-0.000800,-0.004600,
0.006700,-0.003800,
0.009700,-0.004600,
0.012000,-0.004600,
0.012700,-0.004600,
0.009700,-0.001500,
0.005200,-0.002300,
0.005200,-0.001500,
0.003700,-0.003000,
0.007500,-0.003800,
-0.003000,-0.000800,
-0.012800,0.001500,
-0.008300,0.004500,
-0.004600,0.001500,
0.002200,0.001500,
-0.003000,0.001500,
-0.009800,0.001500,
-0.002300,0.000700,
0.003000,-0.000800,
0.002200,-0.001500,
-0.000800,-0.003000,
-0.000800,-0.003000,
0.005200,-0.003000,
0.010500,-0.002300,
0.012000,-0.005300,
0.005200,-0.002300,
0.004500,-0.000800,
0.009700,-0.001500,
0.013500,-0.001500,
0.009000,-0.001500,
0.003000,0.000700,
-0.003000,0.002200,
-0.008300,0.003000,
-0.009100,0.001500,
-0.008300,0.001500,
-0.009100,0.001500,
-0.011300,-0.001500,
-0.013500,-0.003800,
-0.008300,-0.001500,
0.000000,0.001500,
-0.002300,0.000000,
-0.012800,-0.000800,
-0.012800,0.000700,
-0.002300,-0.000800,
0.009000,0.000000,
0.005200,0.000000,
-0.003000,-0.002300,
0.000000,-0.003000,
0.007500,0.000000,
0.007500,0.000000,
0.001500,-0.000800,
-0.000800,-0.003000,
-0.003000,-0.002300,
-0.004600,-0.002300,
-0.003000,-0.004600,
-0.000800,-0.004600,
0.001500,-0.005300,
0.001500,-0.003800,
0.002200,-0.001500,
0.000000,0.000700,
-0.006000,0.001500,
-0.012000,-0.000800,
-0.008300,-0.000800,
0.000700,0.001500,
0.005200,0.005200,
0.016500,0.005200,
0.027000,0.005200,
0.031500,0.005200,
0.026200,0.001500,
0.010500,0.003000,
-0.004600,0.004500,
-0.018800,0.004500,
-0.023300,0.003000,
-0.025600,-0.000800,
-0.023300,-0.001500,
-0.017300,0.000000,
-0.007500,0.001500,
0.006700,0.000700,
0.011200,0.000000,
0.010500,0.000700,
0.013500,-0.000800,
0.011200,-0.000800,
0.012000,0.001500,
0.009000,0.003700,
0.007500,0.004500,
0.016500,0.003000,
0.012700,-0.000800,
0.009000,-0.003000,
0.001500,-0.008300,
-0.012800,-0.005300,
-0.010500,-0.004600,
-0.006000,-0.004600,
-0.005300,-0.003000,
-0.005300,-0.000800,
-0.007500,0.003000,
-0.000800,0.004500,
0.006700,0.005200,
0.012700,0.004500,
0.012000,0.005200,
0.001500,0.006000,
-0.006800,0.004500,
-0.018100,0.004500,
-0.020300,0.003700,
-0.019500,0.003700,
-0.019500,0.002200,
-0.014300,0.003000,
-0.006000,0.004500,
0.003000,0.006000,
0.005200,0.005200,
0.007500,0.003700,
0.010500,0.004500,
0.001500,0.003700,
-0.005300,0.003000,
-0.006800,0.000700,
-0.008300,-0.000800,
-0.004600,-0.002300,
-0.003000,-0.004600,
-0.001500,-0.004600,
0.000000,-0.005300,
-0.000800,-0.005300,
0.003000,-0.004600,
0.006700,-0.004600,
0.004500,-0.003800,
0.005200,-0.005300,
0.009000,-0.003000,
0.006000,-0.003000,
-0.002300,-0.003800,
-0.006800,-0.004600,
-0.005300,-0.005300,
-0.009100,-0.004600,
-0.004600,-0.006000,
0.001500,-0.004600,
0.010500,-0.001500,
0.015700,-0.001500,
0.009000,-0.000800,
0.006000,-0.003000,
0.011200,-0.003800,
0.009000,-0.000800,
0.003000,-0.001500,
0.008200,-0.000800,
0.003000,-0.001500,
-0.000800,-0.001500,
-0.009100,0.000700,
-0.021000,0.001500,
-0.016500,0.000700,
-0.008300,-0.001500,
0.000700,-0.000800,
0.010500,-0.000800,
0.022500,-0.001500,
0.035200,0.001500,
0.035200,0.001500,
0.020200,0.003000,
0.018000,0.005200,
0.017200,0.006700,
-0.003800,0.006700,
-0.010500,0.006700,
-0.014300,0.005200,
-0.014300,0.001500,
-0.009800,-0.001500,
-0.009100,-0.004600,
-0.006000,-0.003000,
-0.008300,-0.001500,
-0.012800,0.000700,
-0.015800,0.001500,
-0.012000,0.000700,
-0.009100,0.001500,
-0.006000,0.000000,
-0.004600,-0.000800,
-0.000800,-0.001500,
-0.001500,0.000000,
-0.007500,0.003700,
-0.006800,0.002200,
-0.000800,0.000000,
0.006000,-0.000800,
-0.003000,0.001500,
-0.008300,0.003000,
0.001500,0.003000,
0.001500,0.000700,
0.001500,-0.001500,
-0.000800,-0.000800,
0.001500,-0.002300,
0.005200,-0.003800,
0.005200,-0.004600,
0.009700,-0.003000,
0.012700,-0.000800,
0.018000,-0.001500,
0.006000,-0.001500,
-0.005300,-0.002300,
0.001500,-0.002300,
0.011200,0.000700,
0.012000,0.000000,
-0.001500,0.001500,
-0.006000,0.001500,
-0.010500,0.000700,
-0.020300,0.003700,
-0.027000,0.004500,
-0.027000,0.003700,
-0.019500,0.003000,
-0.008300,0.001500,
0.002200,0.001500,
0.011200,0.000000,
0.027700,0.000700,
0.033000,0.000700,
0.019500,-0.001500,
0.005200,-0.003000,
-0.006800,-0.001500,
-0.006800,-0.001500,
-0.001500,-0.002300,
0.001500,-0.000800,
-0.008300,-0.000800,
-0.010500,-0.000800,
-0.004600,-0.000800,
-0.005300,0.000700,
0.005200,0.001500,
0.006000,0.000000,
-0.000800,0.003000,
-0.006800,0.005200,
-0.003000,0.004500,
0.003700,0.003700,
-0.000800,0.004500,
-0.000800,0.003700,
0.001500,0.003000,
-0.001500,0.003700,
-0.001500,0.003000,
0.000700,0.001500,
-0.002300,0.000700,
-0.003000,0.000700,
-0.003000,-0.001500,
-0.006000,-0.003000,
-0.007500,-0.003000,
-0.007500,-0.003000,
-0.005300,-0.000800,
-0.003000,-0.001500,
-0.000800,-0.000800,
-0.004600,0.000700,
-0.012800,-0.001500,
-0.012000,-0.001500,
-0.009100,0.000700,
-0.014300,0.000700,
-0.012000,-0.002300,
-0.002300,-0.003000,
0.014200,-0.002300,
0.019500,-0.003000,
0.018000,-0.005300,
0.033000,-0.004600,
0.029200,-0.003000,
0.012000,-0.000800,
0.012000,0.000700,
0.006700,0.003000,
0.000000,0.006700,
0.001500,0.004500,
0.000700,0.004500,
0.003000,0.002200,
0.001500,0.000000,
-0.002300,-0.000800,
-0.006800,-0.003000,
-0.012800,-0.003800,
-0.018800,-0.003800,
-0.024000,-0.003800,
-0.021800,-0.003000,
-0.011300,-0.003000,
-0.008300,-0.000800,
-0.004600,0.000700,
0.006700,-0.001500,
0.009700,-0.000800,
0.004500,-0.000800,
0.003000,-0.001500,
0.008200,-0.000800,
0.006000,0.000700,
0.021000,0.002200,
0.027700,0.000700,
0.005200,-0.001500,
0.003000,-0.005300,
0.003700,-0.006800,
-0.008300,-0.005300,
-0.012800,-0.003800,
-0.009100,-0.003000,
-0.008300,0.000700,
-0.006800,0.003000,
-0.000800,0.003700,
0.003700,0.003700,
0.012000,0.006700,
0.010500,0.010500,
-0.000800,0.006700,
-0.012800,0.003000,
-0.016500,0.002200,
-0.012800,0.004500,
-0.012800,0.003700,
-0.003000,-0.002300,
0.022500,-0.004600,
0.042700,-0.004600,
0.039000,-0.004600,
0.017200,-0.004600,
0.008200,-0.003000,
-0.003800,0.000700,
-0.008300,0.004500,
-0.006000,0.004500,
-0.001500,0.004500,
0.004500,0.005200,
0.006000,0.005200,
0.007500,0.003000,
-0.001500,0.001500,
-0.004600,0.003700,
-0.006000,0.003700,
-0.012000,0.000700,
-0.016500,-0.001500,
-0.016500,-0.003000,
-0.015000,-0.002300,
-0.012000,-0.000800,
-0.001500,0.001500,
0.006000,0.001500,
0.006700,0.001500,
-0.003000,-0.000800,
-0.004600,0.000700,
-0.005300,0.001500,
-0.006800,0.003700,
-0.005300,0.005200,
-0.007500,0.001500,
0.003700,0.000000,
0.009700,-0.001500,
0.006700,-0.000800,
0.005200,-0.001500,
0.001500,-0.003000,
-0.002300,-0.002300,
-0.006800,-0.003000,
-0.011300,-0.005300,
-0.011300,-0.004600,
-0.006800,-0.002300,
0.002200,-0.002300,
0.007500,-0.000800,
-0.006800,-0.002300,
-0.013500,-0.003000,
-0.003000,-0.003000,
0.005200,-0.003800,
0.014200,-0.003000,
0.012700,-0.004600,
0.003000,-0.001500,
-0.000800,-0.000800,
-0.009100,0.000000,
-0.012000,0.001500,
-0.012000,-0.000800,
-0.009800,0.001500,
-0.004600,0.000700,
0.001500,0.000700,
0.008200,-0.000800,
0.009000,-0.003000,
-0.001500,-0.000800,
-0.011300,0.001500,
0.001500,0.001500,
0.015700,0.001500,
0.027000,0.005200,
0.033000,0.006700,
0.026200,0.003000,
0.009000,0.002200,
-0.003800,0.003000,
-0.009100,0.001500,
-0.012000,0.000700,
-0.008300,0.001500,
-0.002300,0.003000,
0.006700,0.003000,
0.014200,0.003000,
0.014200,0.001500,
0.005200,-0.000800,
-0.006000,0.000700,
-0.014300,-0.001500,
-0.012000,-0.003800,
-0.006800,-0.005300,
-0.000800,-0.004600,
0.000700,-0.003800,
-0.009800,-0.003000,
-0.016500,-0.001500,
-0.013500,0.000700,
0.002200,0.001500,
0.009000,0.003000,
0.008200,0.005200,
0.016500,0.004500,
0.016500,0.004500,
0.009000,0.000000,
0.009700,-0.001500,
0.012700,-0.001500,
0.008200,-0.000800,
0.004500,0.000700,
-0.002300,-0.001500,
-0.005300,0.001500,
-0.006800,0.003000,
-0.014300,0.000700,
-0.018100,0.001500,
-0.019500,0.001500,
-0.018800,0.000700,
-0.007500,-0.003000,
0.012000,-0.004600,
0.013500,-0.006800,
0.005200,-0.005300,
-0.003000,-0.004600,
-0.015000,-0.003000,
-0.027000,0.000000,
-0.030800,-0.001500,
-0.027800,-0.002300,
-0.016500,-0.001500,
0.003000,0.000000,
0.028500,0.000700,
0.033700,0.001500,
0.023200,0.002200,
0.010500,0.001500,
-0.010500,0.000700,
-0.011300,-0.000800,
-0.003000,0.003000,
0.005200,0.003000,
0.006000,0.004500,
0.000700,0.004500,
0.018000,0.001500,
0.028500,0.000700,
0.017200,-0.001500,
-0.002300,-0.003800,
0.000700,-0.004600,
0.007500,-0.001500,
0.003000,-0.000800,
-0.006800,-0.003000,
-0.016500,-0.003000,
-0.016500,0.000000,
-0.021000,0.000000,
-0.018100,-0.000800,
-0.014300,0.000000,
-0.006800,-0.000800,
0.000700,-0.001500,
0.004500,0.000700,
0.017200,0.001500,
0.027700,0.001500,
0.021000,0.001500,
0.010500,0.001500,
0.000000,0.003000,
-0.012800,0.003000,
-0.012800,0.004500,
-0.015800,0.005200,
-0.018100,0.005200,
-0.018100,0.006700,
-0.008300,0.004500,
0.006700,0.003000,
0.013500,0.000700,
0.012000,0.000000,
0.003000,-0.004600,
-0.000800,-0.005300,
-0.000800,-0.003800,
-0.004600,-0.003000,
-0.015000,-0.001500,
-0.024000,-0.001500,
-0.021000,-0.001500,
-0.009100,-0.003000,
0.012700,-0.003800,
0.030700,-0.004600,
0.030700,-0.003000,
0.023200,-0.001500,
0.007500,-0.003000,
-0.012000,-0.000800,
-0.008300,0.000000,
0.003700,0.001500,
0.020200,0.001500,
0.023200,0.001500,
0.012700,0.000700,
0.006700,0.000700,
-0.004600,0.002200,
-0.003000,0.001500,
0.000700,0.003700,
0.003700,0.005200,
0.013500,0.006700,
0.023200,0.005200,
0.012700,0.004500,
-0.005300,0.003000,
-0.006800,0.003000,
-0.010500,0.000700,
-0.015800,-0.003800,
-0.019500,-0.003800,
-0.020300,-0.003000,
-0.019500,-0.001500,
-0.020300,-0.002300,
-0.021000,-0.003000,
-0.020300,-0.003000,
-0.018100,-0.001500,
-0.016500,0.000700,
-0.010500,0.000700,
0.012000,0.000700,
0.030700,0.000000,
0.045700,0.001500,
0.037500,0.001500,
0.005200,0.000700,
-0.007500,0.000700,
-0.013500,0.000000,
-0.012800,0.000700,
-0.005300,0.002200,
0.003700,0.003000,
0.010500,0.000700,
-0.001500,0.000000,
-0.011300,-0.000800,
-0.010500,-0.001500,
-0.004600,0.000700,
0.000700,0.001500,
-0.000800,0.000700,
-0.004600,-0.000800,
-0.002300,-0.000800,
0.003000,-0.001500,
0.006000,0.000700,
0.004500,0.000700,
-0.002300,0.000000,
-0.006800,-0.000800,
-0.003000,-0.003800,
0.004500,-0.003000,
0.003000,-0.001500,
0.016500,-0.003000,
0.031500,-0.003800,
0.016500,-0.003800,
0.001500,-0.003000,
-0.000800,-0.003000,
0.003000,0.000700,
0.006000,0.000700,
0.015000,0.001500,
0.021700,0.001500,
0.018000,0.001500,
0.006700,0.000700,
-0.014300,0.002200,
-0.020300,0.003000,
-0.018100,0.000700,
-0.016500,0.000700,
-0.004600,0.001500,
-0.000800,0.001500,
-0.003800,0.000700,
-0.015800,0.000700,
-0.027800,-0.000800,
-0.029300,-0.002300,
-0.031500,-0.001500,
-0.021000,-0.001500,
-0.001500,-0.000800,
0.006000,-0.000800,
0.016500,-0.002300,
0.029200,-0.002300,
0.022500,-0.000800,
0.011200,0.000000,
0.006700,0.000700,
0.005200,-0.000800,
-0.006800,-0.000800,
-0.012800,-0.000800,
-0.004600,-0.000800,
0.004500,0.000700,
0.015700,0.000700,
0.012000,0.001500,
0.001500,0.001500,
-0.001500,0.000700,
0.003000,0.003000,
0.009700,0.002200,
0.016500,0.000000,
0.030000,-0.001500,
0.021700,-0.001500,
0.000700,-0.000800,
-0.008300,-0.000800,
-0.015800,0.000700,
-0.014300,0.001500,
-0.012800,0.000700,
-0.017300,-0.002300,
-0.025600,-0.006000,
-0.027000,-0.003000,
-0.020300,-0.002300,
-0.015800,-0.000800,
-0.003800,0.000700,
0.012000,-0.000800,
0.018000,-0.000800,
0.014200,0.000000,
0.005200,0.003000,
-0.004600,0.003700,
-0.010500,0.000700,
-0.008300,-0.000800,
-0.006800,-0.001500,
0.004500,-0.000800,
0.018700,0.002200,
0.025500,0.003000,
0.009000,0.003000,
-0.009100,0.003000,
-0.004600,0.001500,
0.000700,0.001500,
0.011200,0.002200,
0.009000,0.003000,
0.003700,0.000700,
0.011200,0.002200,
0.014200,0.003700,
0.008200,0.003700,
-0.003000,0.003000,
-0.012800,0.001500,
-0.024000,-0.000800,
-0.022500,-0.001500,
-0.018100,0.000700,
-0.013500,-0.000800,
0.006700,-0.001500,
0.021700,-0.001500,
0.018700,-0.001500,
0.000700,-0.001500,
-0.003000,-0.004600,
-0.000800,-0.003000,
0.000700,-0.003800,
-0.000800,-0.004600,
-0.003800,-0.004600,
0.000700,-0.005300,
-0.002300,-0.003000,
-0.006800,-0.001500,
-0.008300,0.001500,
-0.005300,0.003700,
-0.001500,0.005200,
0.006700,0.006000,
0.016500,0.005200,
0.019500,0.004500,
0.014200,0.003000,
-0.001500,0.001500,
-0.002300,0.001500,
-0.000800,0.003000,
-0.014300,0.001500,
0.000700,0.000000,
0.003000,-0.003000,
-0.016500,-0.005300,
-0.006800,-0.005300,
0.012700,-0.005300,
0.023200,-0.003000,
0.015700,-0.003000,
0.008200,-0.002300,
0.000000,0.001500,
-0.008300,0.003700,
-0.010500,0.000700,
-0.018100,0.000700,
-0.019500,0.001500,
-0.018800,0.000700,
-0.019500,0.003000,
-0.023300,0.003000,
-0.015800,0.003000,
0.000700,0.004500,
0.012700,0.001500,
0.016500,0.000700,
0.010500,0.001500,
-0.001500,0.003000,
-0.011300,0.004500,
-0.009100,0.005200,
-0.008300,0.004500,
-0.004600,0.001500,
0.002200,0.002200,
0.009000,0.001500,
0.012700,-0.000800,
0.012000,-0.001500,
0.006700,-0.001500,
-0.003000,-0.002300,
-0.002300,-0.003800,
0.000700,-0.002300,
-0.002300,-0.002300,
0.006700,-0.003800,
0.018700,-0.003800,
0.015000,-0.003000,
0.010500,-0.003000,
0.020200,-0.001500,
0.012000,-0.003800,
-0.007500,-0.002300,
-0.012800,0.001500,
-0.007500,0.001500,
0.008200,0.001500,
0.019500,0.001500,
0.021700,0.000700,
0.004500,-0.000800,
-0.012800,0.000700,
-0.010500,0.000700,
-0.007500,0.000700,
-0.000800,-0.001500,
0.006000,-0.003000,
0.008200,-0.000800,
0.000700,0.001500,
-0.015000,0.003700,
-0.024000,0.003000,
-0.021800,0.003000,
-0.015000,0.003000,
-0.004600,0.001500,
0.008200,0.001500,
-0.000800,0.000700,
-0.019500,-0.001500,
-0.010500,-0.004600,
0.008200,-0.001500,
0.024700,0.000700,
0.025500,-0.001500,
0.012700,-0.001500,
0.013500,-0.001500,
0.008200,-0.001500,
0.001500,-0.003000,
0.007500,-0.003800,
0.008200,-0.003000,
0.000000,-0.004600,
-0.009100,-0.006800,
-0.010500,-0.006000,
-0.009800,-0.004600,
-0.009100,-0.001500,
-0.006000,-0.000800,
-0.006800,-0.002300,
-0.004600,0.000700,
-0.003000,0.001500,
0.006000,0.000000,
0.012700,0.000700,
0.006000,0.000700,
-0.004600,0.003000,
-0.010500,0.001500,
-0.015800,0.000000,
-0.016500,0.000000,
-0.005300,0.000700,
0.012000,0.001500,
0.018000,0.003700,
0.005200,0.003000,
0.006000,0.002200,
0.011200,0.002200,
0.009700,0.000700,
-0.005300,0.000700,
-0.015800,0.000000,
-0.006800,-0.000800,
-0.009800,-0.000800,
-0.011300,-0.001500,
-0.025600,-0.001500,
-0.040500,-0.001500,
-0.034600,-0.000800,
-0.021800,0.000700,
0.003000,0.001500,
0.033000,0.003000,
0.023200,0.003000,
-0.008300,0.002200,
0.003700,0.003000,
0.018000,0.001500,
0.024000,0.001500,
0.029200,0.002200,
0.017200,0.001500,
0.008200,0.000700,
0.000700,-0.000800,
-0.001500,0.000700,
-0.001500,0.000700,
-0.001500,-0.000800,
-0.000800,-0.000800,
-0.002300,-0.000800,
-0.004600,-0.000800,
0.001500,-0.001500,
0.015700,-0.003000,
0.027000,-0.002300,
0.027700,-0.000800,
0.012700,0.000700,
-0.000800,0.000700,
-0.018100,0.004500,
-0.031500,0.004500,
-0.021000,0.003000,
-0.009100,0.003000,
0.000700,0.001500,
-0.008300,0.003000,
-0.027800,0.003000,
-0.040500,0.001500,
-0.027800,0.000700,
0.000700,0.000700,
0.010500,0.000700,
0.024000,0.000700,
0.042700,0.000700,
0.029200,0.000700,
0.005200,-0.000800,
0.000000,-0.001500,
0.009000,-0.001500,
0.023200,-0.003000,
0.016500,-0.003000,
-0.006800,-0.000800,
-0.022500,-0.000800,
-0.019500,-0.001500,
-0.008300,-0.001500,
0.010500,-0.003000,
0.024700,-0.003000,
0.005200,-0.003800,
-0.012800,-0.003800,
-0.006800,-0.001500,
0.009000,-0.001500,
0.014200,-0.001500,
0.000000,-0.001500,
-0.012000,-0.000800,
-0.012800,-0.000800,
0.010500,0.000700,
0.027700,0.003000,
0.024700,0.002200,
0.021700,0.003000,
0.012700,0.002200,
0.003000,0.001500,
-0.009100,0.000000,
-0.012000,-0.000800,
-0.013500,0.000000,
-0.018800,-0.001500,
-0.026300,0.000700,
-0.024000,0.001500,
-0.016500,0.001500,
-0.012000,0.000700,
0.001500,0.002200,
0.005200,0.002200,
0.001500,0.000000,
0.002200,-0.000800,
0.002200,-0.001500,
0.003000,-0.000800,
0.003700,0.000000,
0.000000,-0.000800,
-0.000800,-0.001500,
-0.001500,-0.000800,
-0.003000,-0.000800,
0.000700,-0.001500,
-0.002300,-0.001500,
0.000000,-0.001500,
0.009700,-0.001500,
0.008200,-0.000800,
0.000000,-0.002300,
0.000000,-0.002300,
0.004500,-0.001500,
-0.003000,-0.001500,
-0.014300,-0.000800,
-0.019500,-0.000800,
-0.013500,0.000000,
-0.008300,-0.003000,
-0.018100,-0.003000,
-0.021000,-0.003000,
-0.007500,-0.003800,
0.008200,-0.001500,
0.011200,-0.001500,
0.005200,0.000700,
-0.003000,0.001500,
-0.009100,0.002200,
-0.010500,0.003000,
-0.014300,0.000700,
-0.012800,0.000700,
-0.019500,0.001500,
-0.020300,0.001500,
0.012700,0.000000,
0.053200,0.000700,
0.060000,-0.000800,
0.031500,0.000700,
0.019500,0.001500,
0.012000,0.001500,
-0.001500,0.002200,
0.002200,0.001500,
0.000700,0.001500,
-0.012000,0.001500,
-0.012000,0.001500,
-0.003000,0.000700,
0.006000,0.003000,
0.009000,0.004500,
0.008200,0.005200,
0.006700,0.004500,
0.006700,0.003700,
0.012000,0.000700,
0.000700,-0.001500,
-0.008300,-0.001500,
-0.010500,0.000000,
-0.019500,0.000700,
-0.014300,0.000700,
-0.008300,0.001500,
-0.002300,0.002200,
0.005200,0.000700,
0.008200,0.000700,
0.009000,0.001500,
0.003700,0.000700,
0.002200,-0.000800,
0.005200,-0.000800,
0.006000,0.000700,
0.004500,0.002200,
0.000000,0.000700,
-0.002300,0.000700,
-0.001500,0.000000,
-0.004600,-0.002300,
-0.003000,-0.000800,
-0.003800,-0.001500,
-0.012000,-0.003000,
-0.016500,-0.001500,
-0.012800,-0.002300,
-0.001500,-0.001500,
0.003000,-0.000800,
-0.014300,-0.003000,
-0.024800,-0.002300,
-0.020300,-0.000800,
-0.008300,0.000700,
0.010500,0.000700,
0.012700,0.003000,
0.005200,0.003000,
0.005200,0.000700,
0.000000,-0.000800,
-0.004600,-0.001500,
0.003000,0.000000,
0.007500,0.000700,
0.010500,0.003000,
0.003000,0.004500,
-0.001500,0.003700,
0.000000,0.005200,
-0.006800,0.005200,
-0.010500,0.006700,
-0.011300,0.006000,
-0.015000,0.004500,
-0.014300,0.001500,
-0.010500,-0.003000,
-0.009100,-0.004600,
-0.000800,-0.005300,
0.011200,-0.008300,
0.010500,-0.006800,
0.001500,-0.006800,
0.012000,-0.008300,
0.034500,-0.004600,
0.029200,-0.003000,
0.019500,-0.001500,
0.030700,-0.005300,
0.027000,-0.006000,
0.018000,-0.005300,
0.008200,-0.004600,
-0.003800,-0.003000,
-0.003800,-0.002300,
0.003000,-0.003000,
0.007500,-0.002300,
-0.000800,0.000000,
0.000700,-0.001500,
-0.001500,0.002200,
-0.018100,0.003700,
-0.029300,0.004500,
-0.027800,0.004500,
-0.015000,0.003700,
-0.008300,0.005200,
-0.003000,0.004500,
-0.003800,0.004500,
-0.006800,0.003000,
-0.002300,0.003000,
-0.001500,0.003000,
-0.003800,0.001500,
-0.014300,0.001500,
-0.021800,0.001500,
-0.023300,0.000700,
-0.027000,0.000700,
-0.029300,0.001500,
-0.027800,0.000700,
-0.014300,0.001500,
0.008200,0.001500,
0.027700,-0.000800,
0.045000,0.000700,
0.064500,0.000000,
0.053200,-0.001500,
0.012700,0.001500,
0.009000,0.003700,
0.005200,0.003700,
-0.006800,0.002200,
-0.008300,0.000000,
-0.014300,-0.000800,
-0.015000,-0.000800,
-0.018100,0.000700,
-0.010500,0.001500,
-0.009100,0.003000,
-0.008300,0.004500,
-0.001500,0.003700,
0.012000,0.001500,
0.030000,-0.001500,
0.019500,-0.003800,
0.005200,-0.003000,
-0.000800,-0.004600,
-0.012000,-0.003000,
-0.010500,-0.003000,
-0.014300,-0.003800,
-0.019500,-0.002300,
-0.024000,-0.001500,
-0.025600,-0.000800,
-0.010500,-0.000800,
0.003000,0.000000,
0.010500,-0.000800,
0.018000,-0.001500,
0.030000,-0.003000,
0.036700,-0.003000,
0.027000,-0.000800,
0.017200,0.001500,
0.008200,0.003700,
0.004500,0.002200,
0.008200,0.002200,
0.004500,-0.000800,
0.007500,-0.001500,
0.012700,0.001500,
0.009700,0.001500,
-0.000800,0.001500,
-0.012000,-0.000800,
-0.024000,-0.001500,
-0.033000,-0.001500,
-0.024000,-0.000800,
-0.014300,-0.003000,
-0.012800,-0.004600,
-0.016500,-0.005300,
-0.015000,-0.004600,
-0.009800,0.000700,
-0.001500,0.001500,
0.000700,0.000700,
-0.010500,0.000700,
-0.020300,0.000000,
-0.016500,-0.000800,
-0.008300,-0.000800,
0.004500,0.001500,
0.014200,0.001500,
0.030000,0.001500,
0.042700,0.002200,
0.014200,0.003000,
-0.003000,0.005200,
-0.004600,0.003700,
-0.004600,0.001500,
0.017200,-0.000800,
0.027000,-0.001500,
0.012000,0.000700,
-0.007500,0.001500,
-0.001500,0.003000,
0.012000,0.000000,
0.015000,-0.003000,
0.007500,-0.003800,
-0.004600,-0.003000,
-0.009100,-0.001500,
-0.010500,0.000000,
-0.012000,0.001500,
-0.005300,0.001500,
0.000700,0.003000,
0.000000,-0.000800,
0.003000,-0.000800,
0.004500,-0.001500,
-0.002300,-0.001500,
-0.010500,0.000700,
-0.012800,-0.003000,
-0.015000,-0.002300,
-0.012800,-0.000800,
0.003000,0.000700,
0.005200,0.003000,
-0.009100,0.003000,
-0.003800,0.003000,
0.002200,0.001500,
0.005200,0.000700,
0.017200,0.001500,
0.009000,0.001500,
0.001500,0.001500,
-0.010500,0.002200,
-0.012800,0.003000,
0.003000,0.002200,
0.012700,0.000700,
0.039000,0.003000,
0.042000,0.004500,
0.016500,0.006700,
-0.005300,0.006700,
-0.012800,0.005200,
-0.006000,0.003000,
-0.000800,-0.000800,
0.003700,-0.000800,
-0.002300,0.000700,
-0.003000,0.000700,
0.003700,0.000000,
0.004500,-0.000800,
0.004500,-0.001500,
0.000000,-0.002300,
-0.004600,-0.003000,
-0.008300,-0.004600,
-0.015800,-0.005300,
-0.024000,-0.006000,
-0.021000,-0.003000,
-0.001500,-0.003000,
0.001500,-0.003000,
0.010500,-0.003000,
0.019500,-0.003800,
0.003000,-0.003800,
-0.009100,-0.005300,
-0.005300,-0.003000,
0.018000,-0.003800,
0.019500,-0.000800,
0.010500,0.000700,
0.010500,-0.001500,
0.009000,-0.000800,
0.013500,-0.001500,
0.008200,0.000700,
-0.002300,0.001500,
-0.012000,0.001500,
-0.015800,0.001500,
-0.016500,-0.001500,
-0.018800,-0.002300,
-0.020300,0.000000,
-0.018100,0.000700,
-0.014300,0.000700,
-0.014300,0.000700,
-0.019500,0.001500,
-0.019500,0.000700,
-0.007500,0.000700,
-0.002300,0.002200,
-0.003800,0.003700,
-0.004600,0.000700,
-0.004600,-0.000800,
0.010500,-0.000800,
0.022500,0.000700,
0.016500,0.002200,
0.009000,0.000700,
0.007500,-0.001500,
-0.003000,-0.000800,
-0.009100,-0.000800,
0.004500,-0.002300,
0.009000,-0.003000,
0.004500,-0.000800,
0.006700,-0.000800,
0.000700,-0.000800,
-0.008300,0.000000,
0.000700,0.000700,
0.012700,0.003000,
0.018000,0.003000,
0.019500,0.000700,
0.012700,0.000700,
-0.005300,0.000700,
-0.025600,0.002200,
-0.024000,0.002200,
-0.017300,0.000000,
-0.004600,0.000000,
0.029200,0.000700,
0.042000,0.000700,
0.028500,0.003000,
0.009700,0.003700,
-0.016500,0.001500,
-0.020300,-0.000800,
-0.016500,-0.001500,
-0.008300,-0.000800,
0.006700,0.000700,
-0.003000,0.000000,
-0.006000,-0.000800,
-0.006000,-0.002300,
-0.012800,-0.004600,
-0.012000,-0.007500,
0.003700,-0.006800,
0.021700,-0.003800,
0.028500,0.002200,
0.021700,0.009000,
0.000700,0.012000,
-0.002300,0.011200,
-0.002300,0.009000,
-0.005300,0.005200,
-0.009100,0.003000,
-0.008300,0.000700,
-0.000800,0.001500,
0.000700,0.002200,
0.000700,0.002200,
0.000700,0.000700,
-0.000800,-0.001500,
-0.008300,-0.002300,
-0.012800,-0.003800,
-0.014300,-0.004600,
-0.017300,-0.003000,
-0.012800,-0.003000,
-0.006800,-0.000800,
-0.006000,0.000000,
-0.003000,-0.000800,
-0.004600,-0.003000,
-0.008300,-0.002300,
-0.007500,0.000000,
-0.003800,0.000000,
0.001500,-0.000800,
-0.001500,-0.000800,
0.009000,-0.001500,
0.026200,-0.001500,
0.021000,-0.000800,
0.016500,0.001500,
0.021000,0.000700,
0.030000,-0.002300,
0.024700,-0.008300,
0.004500,-0.009800,
0.004500,-0.006800,
0.009000,-0.003000,
0.005200,0.001500,
0.002200,0.001500,
-0.012800,0.001500,
-0.025600,0.000700,
-0.024800,-0.000800,
-0.014300,-0.000800,
-0.002300,-0.001500,
0.000700,-0.001500,
-0.006800,-0.002300,
-0.010500,0.000000,
-0.009100,0.001500,
-0.006800,0.000700,
-0.012800,-0.000800,
-0.026300,0.000000,
-0.021000,0.000000,
0.005200,0.000700,
0.021700,0.001500,
0.019500,-0.001500,
0.008200,-0.002300,
0.001500,-0.004600,
0.006700,-0.003800,
0.008200,-0.002300,
0.003700,-0.001500,
0.002200,-0.003000,
0.009000,-0.005300,
0.003000,-0.003800,
-0.009800,0.000700,
-0.007500,0.005200,
-0.003800,0.006700,
0.003000,0.005200,
0.009000,0.005200,
0.015000,0.003700,
0.010500,0.003000,
0.001500,0.004500,
0.005200,0.004500,
-0.001500,0.000700,
-0.014300,0.000700,
-0.009100,0.003000,
0.001500,0.000700,
0.003000,0.001500,
-0.001500,-0.000800,
0.000700,-0.000800,
-0.003800,-0.004600,
-0.019500,-0.005300,
-0.021800,-0.001500,
-0.009100,-0.000800,
0.006700,0.000700,
0.018700,-0.001500,
0.021000,-0.003000,
0.010500,-0.001500,
0.011200,-0.000800,
0.018000,-0.003000,
0.003000,-0.002300,
-0.000800,-0.003800,
0.000700,-0.003800,
0.006000,-0.001500,
0.013500,-0.002300,
-0.001500,0.004500,
-0.016500,0.006700,
-0.016500,0.004500,
-0.020300,0.004500,
-0.031500,0.005200,
-0.034600,0.005200,
-0.034600,0.004500,
-0.030800,0.003700,
-0.012000,0.003000,
0.009000,0.001500,
0.014200,0.000700,
0.018000,0.000000,
0.014200,0.000700,
0.020200,0.003000,
0.040500,0.003000,
0.046500,0.000700,
0.032200,-0.002300,
0.018000,0.000000,
0.005200,0.001500,
-0.006000,0.001500,
-0.007500,0.000700,
-0.012000,-0.001500,
-0.008300,-0.003000,
-0.009100,-0.004600,
-0.010500,-0.004600,
-0.008300,-0.001500,
-0.008300,-0.000800,
0.001500,-0.001500,
0.004500,-0.003000,
-0.018100,0.000000,
-0.034600,0.003000,
-0.030800,0.005200,
-0.021000,0.004500,
-0.003000,0.005200,
0.009000,0.004500,
0.012700,0.001500,
0.010500,0.002200,
0.006700,0.000700,
0.010500,-0.001500,
0.012700,-0.003800,
0.015700,-0.005300,
0.008200,-0.005300,
-0.006000,-0.003000,
-0.006000,-0.000800,
-0.003000,-0.000800,
-0.015000,0.001500,
-0.017300,0.003000,
-0.004600,0.003700,
0.007500,0.003000,
0.015700,0.000700,
0.021700,-0.000800,
0.015000,-0.000800,
0.000700,-0.001500,
0.010500,-0.004600,
0.012700,-0.003000,
0.012700,-0.003800,
0.019500,-0.004600,
0.001500,0.000700,
-0.017300,0.003700,
-0.018100,0.003000,
-0.009100,-0.000800,
0.002200,-0.003000,
0.008200,-0.000800,
0.004500,-0.001500,
0.009000,-0.003000,
0.012000,-0.002300,
0.001500,-0.000800,
0.003700,-0.000800,
0.014200,0.000000,
0.002200,0.001500,
-0.016500,-0.002300,
-0.027000,-0.004600,
-0.033800,-0.001500,
-0.023300,-0.000800,
-0.005300,0.001500,
0.001500,0.004500,
-0.001500,0.004500,
-0.007500,0.004500,
-0.006000,0.003000,
-0.003000,0.003000,
-0.006800,0.001500,
-0.009800,-0.000800,
-0.008300,-0.003000,
-0.006800,-0.004600,
-0.003000,-0.003000,
0.001500,-0.003000,
0.001500,-0.002300,
0.003700,-0.001500,
0.006700,-0.001500,
0.010500,0.004500,
0.014200,0.005200,
0.018000,0.003000,
0.014200,0.000700,
0.008200,0.000700,
0.004500,0.003700,
-0.007500,0.003700,
-0.006000,0.005200,
0.014200,0.004500,
0.021000,0.002200,
0.020200,0.000700,
0.015000,0.000700,
-0.005300,0.000700,
-0.016500,-0.001500,
-0.015800,-0.003000,
-0.016500,-0.003000,
-0.015000,-0.000800,
-0.011300,-0.001500,
0.003700,-0.002300,
0.015700,-0.001500,
0.012000,-0.002300,
0.012000,-0.003000,
0.008200,-0.004600,
-0.009100,-0.000800,
-0.010500,0.000700,
-0.001500,0.001500,
0.004500,0.001500,
0.018000,-0.001500,
0.012000,-0.003800,
0.000700,-0.003000,
0.006000,-0.003000,
0.012000,-0.003800,
-0.000800,-0.001500,
-0.010500,0.000000,
-0.004600,-0.000800,
-0.005300,-0.000800,
-0.009100,-0.001500,
-0.012000,-0.001500,
-0.009800,0.000700,
-0.008300,0.002200,
-0.006800,0.003700,
-0.006800,0.003000,
-0.003800,0.003000,
0.000700,0.001500,
-0.000800,-0.000800,
0.003000,-0.000800,
0.003000,-0.000800,
-0.001500,-0.002300,
-0.002300,-0.003800,
-0.001500,-0.000800,
-0.001500,0.002200,
0.004500,0.003700,
-0.002300,0.004500,
-0.015800,0.006700,
-0.016500,0.004500,
-0.006800,-0.000800,
0.014200,0.000000,
0.019500,0.001500,
0.020200,0.001500,
0.015700,0.000700,
0.008200,-0.000800,
0.014200,-0.000800,
0.015000,-0.002300,
0.006000,-0.003800,
-0.006000,-0.004600,
-0.010500,-0.004600,
-0.010500,-0.001500,
-0.001500,-0.000800,
0.020200,0.000000,
0.022500,0.000700,
0.014200,0.003000,
0.009700,0.003000,
-0.012800,0.000700,
-0.033000,-0.003000,
-0.037500,-0.001500,
-0.017300,-0.001500,
0.010500,0.000700,
0.004500,0.003000,
0.000700,-0.000800,
-0.001500,-0.003000,
-0.015800,-0.001500,
-0.029300,0.000700,
-0.038300,-0.000800,
-0.019500,0.001500,
0.002200,0.003000,
0.009000,0.001500,
0.010500,0.001500,
0.020200,0.000700,
0.023200,0.000700,
0.006000,0.000700,
-0.007500,0.000700,
-0.006000,0.000700,
-0.003000,-0.003000,
-0.001500,-0.005300,
-0.001500,-0.004600,
-0.008300,-0.000800,
-0.013500,0.001500,
-0.009100,0.003000,
0.001500,0.003700,
0.010500,0.001500,
0.019500,-0.000800,
0.020200,0.000000,
0.021700,0.000700,
0.019500,0.003000,
0.015000,0.002200,
0.012700,0.003000,
0.007500,0.003000,
0.004500,0.001500,
-0.000800,0.003700,
-0.003000,0.003000,
-0.012800,0.001500,
-0.016500,-0.003000,
-0.003000,-0.003000,
0.009700,-0.000800,
0.014200,-0.001500,
0.003700,0.000000,
-0.008300,0.002200,
-0.018100,0.003700,
-0.021800,0.002200,
-0.021800,0.000000,
-0.021800,-0.000800,
-0.012000,-0.002300,
0.003000,-0.004600,
0.019500,-0.004600,
0.021700,-0.003000,
0.007500,-0.002300,
-0.004600,0.000000,
0.006000,0.001500,
0.019500,0.003000,
0.019500,0.000700,
0.008200,-0.001500,
-0.000800,-0.003000,
0.009700,-0.000800,
0.016500,0.001500,
0.021700,0.001500,
0.006700,0.002200,
-0.012800,-0.000800,
-0.018100,-0.000800,
-0.019500,0.000700,
-0.013500,0.000700,
-0.012000,-0.001500,
-0.016500,-0.001500,
-0.025600,-0.000800,
-0.030800,-0.001500,
-0.020300,-0.000800,
-0.005300,0.001500,
0.015000,0.000700,
0.028500,-0.001500,
0.021700,-0.001500,
0.016500,-0.000800,
0.005200,0.000700,
-0.010500,0.003000,
-0.001500,0.001500,
0.008200,0.001500,
0.003000,0.000700,
-0.007500,0.003000,
-0.015000,0.004500,
-0.025600,0.003000,
-0.025600,0.003000,
-0.006800,0.006700,
0.008200,0.005200,
0.021700,0.003000,
0.027000,0.004500,
0.021700,0.003000,
0.012700,-0.000800,
0.003000,-0.001500,
0.004500,-0.001500,
0.006000,-0.001500,
0.003000,-0.000800,
-0.004600,-0.003000,
-0.015800,-0.002300,
-0.006800,-0.003000,
0.012700,-0.002300,
0.013500,-0.000800,
0.007500,-0.001500,
0.007500,0.001500,
0.006700,0.001500,
0.002200,0.001500,
-0.008300,-0.000800,
-0.004600,-0.004600,
0.003000,-0.003000,
-0.009100,-0.001500,
-0.015800,-0.000800,
-0.008300,-0.001500,
-0.001500,-0.003000,
0.001500,0.000000,
0.002200,0.001500,
-0.003000,-0.000800,
-0.006800,-0.001500,
-0.011300,-0.004600,
-0.013500,-0.004600,
-0.014300,-0.006800,
-0.008300,-0.008300,
0.000700,-0.005300,
0.007500,-0.003800,
0.013500,-0.000800,
0.004500,0.003000,
0.000700,0.003000,
0.014200,0.000700,
0.012000,-0.002300,
0.004500,-0.005300,
-0.000800,-0.006000,
-0.005300,-0.003800,
0.002200,-0.000800,
0.004500,0.000700,
0.001500,0.001500,
0.000700,0.003000,
0.000000,0.000000,
-0.000800,-0.001500,
0.000700,0.000700,
-0.003000,0.000000,
-0.012000,0.002200,
-0.006800,0.005200,
0.001500,0.006700,
-0.008300,0.005200,
-0.018100,0.005200,
-0.021000,0.006700,
-0.016500,0.001500,
-0.001500,-0.001500,
0.006000,-0.001500,
0.009700,-0.004600,
0.017200,-0.004600,
0.016500,-0.003000,
0.006700,-0.000800,
0.001500,0.003000,
0.000700,0.004500,
0.001500,0.005200,
-0.003000,0.005200,
-0.005300,0.004500,
-0.000800,0.003000,
0.008200,0.004500,
0.015000,0.001500,
0.014200,0.000000,
0.015700,0.001500,
0.015000,0.003000,
0.008200,0.001500,
0.006700,0.000700,
0.006700,-0.000800,
0.001500,0.000700,
0.000700,0.001500,
-0.005300,-0.003000,
-0.012800,-0.001500,
-0.003800,0.000000,
0.008200,-0.000800,
0.006700,0.001500,
-0.008300,0.001500,
-0.016500,0.003000,
-0.018100,0.001500,
-0.017300,0.000000,
-0.021800,0.000000,
-0.028500,-0.002300,
-0.020300,-0.003000,
-0.012800,0.001500,
-0.009100,0.002200,
-0.000800,0.003000,
0.000700,0.004500,
-0.014300,0.000000,
-0.019500,-0.002300,
-0.015800,-0.004600,
-0.001500,-0.002300,
0.025500,-0.003800,
0.027000,-0.005300,
0.005200,-0.003800,
0.006700,-0.004600,
0.021700,-0.000800,
0.026200,0.002200,
0.039000,0.004500,
0.035200,0.006700,
0.008200,0.005200,
-0.012000,0.003000,
-0.006000,0.000700,
0.009000,-0.000800,
0.012000,0.000700,
0.013500,-0.000800,
0.019500,-0.001500,
0.015700,-0.002300,
-0.003800,-0.001500,
-0.014300,-0.001500,
-0.021800,-0.004600,
-0.025600,-0.006800,
-0.018800,-0.006800,
-0.004600,-0.004600,
0.012000,-0.002300,
0.004500,-0.000800,
0.000700,0.001500,
-0.004600,0.000700,
-0.007500,0.000700,
-0.004600,0.001500,
-0.003000,0.000700,
-0.001500,0.000700,
0.009000,0.000700,
0.015700,-0.000800,
0.008200,-0.000800,
0.006700,-0.000800,
0.000700,0.000700,
-0.004600,0.000700,
-0.012000,-0.001500,
-0.019500,-0.003000,
-0.015800,-0.001500,
-0.008300,-0.000800,
-0.005300,-0.001500,
-0.003800,0.000000,
-0.004600,-0.000800,
-0.009100,0.000000,
0.004500,0.000000,
0.008200,0.000700,
0.009000,0.003000,
0.009700,0.006000,
0.004500,0.006700,
0.002200,0.004500,
0.000700,0.002200,
0.000700,0.001500,
-0.004600,0.003000,
-0.012800,0.000700,
-0.015800,-0.000800,
-0.004600,-0.000800,
0.003000,-0.000800,
0.005200,-0.000800,
0.000700,0.000000,
-0.012800,0.000700,
-0.011300,0.001500,
-0.012800,0.003000,
-0.013500,0.003700,
-0.003800,0.001500,
0.006700,-0.000800,
0.012000,-0.000800,
0.006700,-0.000800,
-0.001500,-0.002300,
-0.000800,-0.003800,
0.008200,-0.003000,
0.015700,-0.001500,
0.018000,-0.000800,
0.015000,-0.001500,
0.006000,0.001500,
0.007500,0.001500,
0.016500,-0.001500,
0.016500,-0.001500,
0.007500,-0.002300,
-0.003000,-0.002300,
-0.012000,-0.002300,
-0.020300,-0.001500,
-0.016500,-0.000800,
-0.012000,-0.001500,
-0.012000,-0.003000,
-0.006800,-0.003800,
-0.004600,-0.002300,
-0.002300,-0.001500,
0.001500,0.000000,
0.008200,0.003700,
0.012700,0.003700,
0.011200,0.004500,
0.006700,0.004500,
0.000000,0.005200,
-0.004600,0.006000,
-0.007500,0.003700,
-0.012800,0.000700,
-0.018100,0.000700,
-0.012800,0.001500,
0.004500,0.000700,
0.021700,-0.001500,
0.016500,-0.001500,
0.004500,-0.003000,
0.004500,-0.003800,
0.001500,-0.003800,
-0.003800,-0.003000,
-0.008300,-0.003000,
-0.000800,-0.000800,
0.003000,0.002200,
0.000700,0.003000,
0.009700,0.003000,
0.010500,0.003700,
0.007500,0.003000,
0.008200,0.002200,
0.000700,0.000700,
-0.011300,0.000000,
-0.020300,0.000700,
-0.024000,-0.000800,
-0.011300,-0.003000,
0.000700,-0.003000,
0.005200,-0.001500,
0.007500,-0.002300,
0.009000,-0.003000,
0.014200,0.000700,
0.009000,0.004500,
-0.002300,0.006700,
-0.009100,0.008200,
-0.005300,0.008200,
0.007500,0.006700,
0.010500,0.002200,
-0.006800,-0.000800,
-0.012800,-0.001500,
-0.010500,-0.002300,
-0.001500,-0.000800,
0.022500,0.000700,
0.031500,-0.000800,
0.027700,-0.004600,
0.012000,-0.003000,
-0.003800,0.000700,
-0.004600,-0.000800,
-0.003000,-0.002300,
-0.005300,-0.003800,
-0.009800,-0.006000,
-0.001500,-0.006800,
-0.000800,-0.005300,
-0.003800,-0.003000,
-0.001500,0.001500,
-0.004600,0.002200,
-0.003000,0.000000,
-0.008300,-0.000800,
-0.021800,-0.002300,
-0.021000,-0.003800,
-0.009100,-0.004600,
-0.000800,-0.003800,
0.004500,-0.003000,
-0.002300,-0.003000,
-0.006800,-0.002300,
-0.009100,-0.001500,
-0.007500,-0.000800,
0.004500,0.000700,
0.028500,-0.001500,
0.048000,-0.004600,
0.044200,-0.002300,
0.018000,0.001500,
-0.002300,0.004500,
-0.005300,0.008200,
-0.018100,0.009000,
-0.020300,0.006000,
-0.020300,0.003000,
-0.024800,0.001500,
-0.018100,0.002200,
-0.012000,0.003000,
-0.008300,0.000700,
-0.009100,-0.000800,
-0.006800,-0.000800,
-0.003000,-0.000800,
-0.001500,0.002200,
0.003700,0.001500,
0.003000,0.000700,
-0.004600,0.001500,
-0.010500,0.001500,
-0.004600,0.001500,
0.006700,0.003000,
0.009700,0.001500,
0.009700,0.000700,
0.006700,0.002200,
0.005200,0.000700,
0.009000,-0.000800,
0.009000,0.000000,
0.005200,-0.000800,
0.000000,-0.000800,
-0.003800,-0.001500,
0.004500,-0.001500,
0.008200,0.000000,
0.000700,-0.001500,
-0.000800,-0.004600,
0.004500,-0.004600,
0.006700,-0.003800,
0.012700,-0.000800,
0.010500,0.005200,
0.003700,0.009000,
0.009000,0.009000,
0.012000,0.005200,
0.008200,0.004500,
-0.002300,0.004500,
-0.005300,0.003000,
-0.006800,-0.001500,
-0.024000,-0.006000,
-0.033000,-0.003800,
-0.024000,-0.001500,
-0.011300,0.002200,
0.008200,0.002200,
0.019500,-0.001500,
0.015000,-0.006000,
0.001500,-0.006800,
-0.002300,-0.003800,
0.001500,-0.004600,
-0.002300,-0.004600,
0.003700,-0.002300,
0.010500,-0.001500,
0.008200,-0.001500,
-0.004600,-0.001500,
-0.009800,-0.000800,
-0.006800,0.000000,
-0.000800,0.001500,
0.009000,0.003700,
0.012000,0.002200,
-0.000800,0.001500,
-0.010500,0.000700,
-0.012800,0.001500,
-0.014300,0.003000,
-0.009800,0.002200,
-0.005300,0.003700,
-0.000800,0.004500,
0.006000,0.002200,
0.009700,0.002200,
0.006700,0.000700,
0.008200,-0.000800,
0.010500,-0.001500,
-0.000800,-0.003000,
-0.012000,-0.002300,
-0.009800,-0.002300,
-0.006800,-0.000800,
-0.004600,0.000000,
0.000700,-0.000800,
0.007500,-0.001500,
-0.000800,-0.003000,
-0.003000,-0.003000,
0.010500,-0.001500,
0.008200,0.001500,
0.015000,0.001500,
0.012700,-0.000800,
0.004500,-0.002300,
0.008200,0.000000,
0.003000,0.002200,
0.001500,0.000700,
-0.009100,-0.001500,
-0.007500,-0.003800,
0.009000,-0.003000,
0.012700,-0.002300,
0.006700,-0.001500,
0.001500,-0.003000,
-0.004600,0.000000,
-0.009800,0.003000,
-0.009100,0.001500,
-0.005300,0.001500,
0.003700,0.001500,
0.015000,0.000000,
0.009000,0.000700,
-0.001500,0.000700,
-0.007500,-0.001500,
-0.018800,0.000000,
-0.015800,0.001500,
-0.007500,0.003000,
-0.006800,0.003000,
0.000000,0.001500,
0.010500,0.001500,
0.012000,0.000000,
0.003700,-0.000800,
-0.000800,-0.003000,
-0.003800,-0.000800,
0.000700,0.005200,
0.006700,0.009000,
0.001500,0.006700,
-0.011300,0.001500,
-0.009800,-0.002300,
0.000000,-0.006000,
-0.001500,-0.006800,
0.004500,-0.004600,
-0.003000,-0.000800,
-0.012000,0.000700,
-0.012800,0.001500,
-0.015800,0.000000,
-0.014300,0.000700,
-0.015800,-0.001500,
-0.012000,-0.003800,
-0.009800,-0.003000,
-0.006800,-0.001500,
-0.005300,0.003000,
-0.008300,0.003000,
-0.006000,0.004500,
0.000700,0.003000,
0.003000,0.000000,
0.000700,0.000700,
0.008200,-0.001500,
0.011200,-0.003000,
0.000000,-0.001500,
-0.006800,0.000700,
-0.007500,0.003000,
-0.000800,0.001500,
0.012700,0.000700,
0.030700,0.000700,
0.024000,0.000700,
0.006700,0.000000,
0.012700,0.000700,
0.009000,0.000000,
0.002200,-0.003000,
-0.001500,-0.004600,
-0.004600,-0.002300,
-0.002300,-0.000800,
-0.007500,-0.002300,
-0.005300,-0.003800,
-0.003000,-0.004600,
0.001500,-0.001500,
0.012700,0.000700,
0.018000,0.001500,
0.015700,0.003000,
0.009700,0.003000,
0.007500,0.001500,
0.005200,0.000700,
0.003000,0.000700,
0.004500,-0.000800,
-0.003000,0.000000,
-0.013500,-0.001500,
-0.018100,-0.001500,
-0.018100,0.003000,
-0.010500,0.000700,
-0.006800,0.000700,
0.001500,0.003000,
0.008200,0.003000,
0.001500,0.003000,
-0.000800,0.000700,
-0.007500,-0.001500,
-0.011300,-0.003000,
-0.006800,0.000700,
-0.001500,0.003000,
0.003000,0.004500,
0.003700,0.005200,
0.002200,0.006700,
0.000000,0.004500,
0.000000,0.000700,
0.000700,0.000700,
-0.001500,-0.000800,
-0.001500,0.000000,
0.003700,0.001500,
0.006000,0.000700,
0.004500,-0.003000,
0.004500,-0.003000,
0.003000,-0.004600,
0.004500,-0.004600,
0.000000,-0.001500,
-0.003800,-0.003000,
-0.003000,-0.004600,
-0.001500,-0.001500,
-0.001500,0.000000,
0.001500,-0.000800,
0.010500,-0.000800,
0.012700,-0.002300,
0.007500,-0.004600,
0.001500,-0.003800,
0.002200,-0.003000,
0.002200,-0.003000,
-0.003000,-0.000800,
0.000000,0.000700,
0.009000,0.001500,
0.009000,-0.000800,
0.004500,-0.003000,
0.008200,0.001500,
0.006700,0.000700,
0.000000,0.001500,
-0.005300,0.001500,
-0.010500,-0.001500,
-0.008300,-0.003000,
-0.003000,-0.001500,
0.000000,-0.000800,
0.000700,0.003000,
0.000700,0.004500,
-0.001500,0.003000,
-0.006000,0.002200,
-0.009100,0.000000,
-0.011300,-0.000800,
-0.012000,0.002200,
-0.012000,0.001500,
-0.006800,-0.000800,
-0.000800,-0.000800,
-0.002300,0.003000,
-0.005300,0.003700,
-0.006800,0.003000,
-0.006800,0.003000,
-0.001500,0.003700,
0.000700,0.004500,
0.005200,0.003000,
0.012000,-0.000800,
0.010500,-0.000800,
0.008200,-0.001500,
0.006000,-0.004600,
0.004500,-0.003800,
0.004500,-0.004600,
0.001500,-0.002300,
-0.003800,-0.000800,
-0.003800,0.000000,
-0.006800,0.000700,
-0.008300,0.000700,
-0.010500,0.001500,
-0.010500,-0.000800,
-0.006800,-0.001500,
-0.004600,-0.001500,
0.000000,0.000700,
0.004500,0.005200,
0.006700,0.005200,
0.006700,0.004500,
0.009000,0.003700,
0.014200,0.004500,
0.012700,0.003000,
0.012700,0.000000,
0.013500,-0.002300,
0.008200,-0.001500,
0.001500,-0.001500,
-0.003000,-0.003000,
-0.008300,-0.003000,
-0.011300,0.000700,
-0.011300,0.000000,
-0.014300,-0.000800,
-0.015800,-0.001500,
-0.013500,0.001500,
-0.015800,0.005200,
-0.009800,0.005200,
0.005200,0.003000,
0.013500,0.003000,
0.014200,-0.002300,
0.008200,-0.006000,
0.003700,-0.003800,
0.008200,-0.002300,
0.007500,-0.000800,
0.003000,-0.000800,
-0.004600,-0.000800,
-0.007500,-0.003000,
-0.006800,-0.005300,
-0.003000,-0.004600,
0.008200,-0.005300,
0.007500,-0.004600,
-0.000800,-0.003000,
-0.003800,-0.002300,
-0.006800,-0.001500,
-0.004600,-0.001500,
-0.001500,0.000700,
0.001500,0.001500,
0.001500,0.002200,
0.000700,0.003000,
-0.005300,-0.000800,
-0.007500,-0.000800,
-0.004600,-0.001500,
-0.001500,-0.003000,
0.002200,-0.000800,
0.005200,0.001500,
0.009000,0.001500,
0.012000,0.002200,
0.010500,0.005200,
0.009000,0.006700,
0.006700,0.004500,
0.000700,0.003700,
-0.003000,0.002200,
-0.005300,0.003000,
-0.008300,0.004500,
-0.008300,0.004500,
-0.009800,0.002200,
-0.006800,0.001500,
0.000000,0.001500,
-0.003000,-0.001500,
-0.007500,-0.005300,
0.000700,-0.007500,
0.006000,-0.004600,
-0.000800,0.000000,
0.010500,-0.001500,
0.027000,-0.003000,
0.021000,-0.003800,
0.012000,-0.006000,
0.006000,-0.005300,
0.001500,-0.004600,
0.004500,-0.004600,
-0.003000,-0.005300,
-0.014300,-0.003000,
-0.012800,-0.001500,
-0.002300,0.000000,
0.011200,-0.002300,
0.010500,-0.004600,
0.001500,-0.002300,
-0.001500,0.001500,
-0.001500,0.006700,
-0.004600,0.005200,
-0.006800,0.001500,
-0.005300,0.002200,
-0.006800,0.008200,
-0.006800,0.010500,
-0.002300,0.007500,
0.002200,0.005200,
0.001500,0.006000,
-0.004600,0.004500,
-0.010500,0.002200,
-0.015800,-0.000800,
-0.015000,0.000000,
-0.009100,0.002200,
-0.002300,0.003700,
0.005200,0.001500,
0.018700,-0.003000,
0.024700,0.000000,
0.012700,0.001500,
0.003700,-0.002300,
-0.000800,-0.006000,
0.007500,-0.008300,
0.009700,-0.008300,
0.004500,-0.007500,
0.000700,-0.007500,
-0.008300,-0.008300,
-0.012000,-0.006000,
-0.016500,-0.004600,
-0.021000,-0.004600,
-0.018100,-0.001500,
-0.016500,-0.000800,
-0.012000,0.000700,
-0.001500,-0.001500,
-0.000800,-0.004600,
-0.010500,-0.003000,
-0.007500,0.000000,
0.010500,0.003000,
0.027700,0.004500,
0.024000,0.003000,
0.003000,0.003700,
0.002200,0.004500,
0.002200,0.003700,
-0.001500,0.003000,
0.009000,0.003700,
0.017200,0.002200,
0.024000,0.004500,
0.020200,0.005200,
0.009000,0.003000,
-0.001500,0.003000,
-0.009800,0.000700,
-0.014300,-0.001500,
-0.021000,-0.001500,
-0.020300,0.000000,
-0.016500,0.000700,
-0.014300,-0.000800,
-0.011300,-0.001500,
-0.008300,-0.000800,
-0.003000,-0.000800,
0.004500,-0.001500,
0.006000,-0.002300,
0.006700,-0.002300,
0.009000,-0.001500,
0.008200,-0.000800,
0.009700,0.001500,
0.009000,0.000700,
0.011200,-0.000800,
0.006000,0.000000,
-0.000800,0.000000,
-0.003800,0.001500,
-0.006800,0.004500,
-0.003000,0.007500,
-0.002300,0.005200,
-0.001500,0.001500,
-0.000800,-0.001500,
0.000700,-0.001500,
-0.000800,0.000700,
0.001500,0.000700,
0.001500,-0.002300,
0.000700,-0.005300,
0.004500,-0.003000,
0.001500,0.001500,
0.000700,0.006700,
-0.000800,0.009000,
-0.004600,0.005200,
-0.007500,0.002200,
-0.010500,-0.001500,
-0.012000,-0.003000,
-0.015000,-0.007500,
-0.014300,-0.009100,
-0.008300,-0.006000,
0.001500,-0.003000,
0.006700,-0.000800,
0.010500,-0.004600,
0.014200,-0.006800,
0.012000,-0.010500,
0.001500,-0.010500,
-0.003800,-0.006000,
-0.001500,-0.002300,
0.003000,-0.002300,
0.007500,-0.000800,
0.003700,0.001500,
-0.001500,0.006700,
0.000000,0.009000,
0.006700,0.009000,
0.007500,0.009000,
0.003000,0.004500,
0.000700,0.003000,
-0.003000,0.003000,
-0.006800,-0.000800,
-0.004600,-0.000800,
0.003000,0.000000,
0.000700,0.000700,
-0.000800,0.003700,
0.013500,0.002200,
0.004500,0.002200,
-0.012000,0.005200,
0.001500,0.006700,
0.009000,0.002200,
0.012700,-0.003000,
0.017200,-0.004600,
0.008200,-0.006800,
0.008200,-0.006000,
0.004500,-0.004600,
0.000000,-0.003800,
0.000700,-0.003800,
-0.003000,-0.003000,
-0.009100,-0.000800,
-0.017300,0.000000,
-0.021800,0.000700,
-0.014300,0.000700,
-0.009100,-0.000800,
-0.013500,-0.001500,
-0.004600,0.000000,
0.005200,0.000700,
0.003000,-0.000800,
0.005200,-0.000800,
0.016500,-0.000800,
0.008200,0.000000,
0.000700,0.000000,
0.008200,-0.001500,
0.005200,-0.000800,
0.005200,0.001500,
0.002200,0.004500,
0.000700,0.004500,
-0.003000,0.003000,
-0.004600,0.001500,
-0.003000,0.003000,
-0.006800,0.004500,
-0.009800,0.003000,
-0.012800,0.001500,
-0.012000,-0.001500,
-0.006000,-0.000800,
0.003700,-0.004600,
0.006700,-0.007500,
0.006700,-0.003800,
0.003000,-0.002300,
-0.001500,-0.001500,
-0.008300,-0.000800,
-0.017300,0.001500,
-0.020300,0.002200,
-0.014300,0.000700,
-0.001500,-0.000800,
0.010500,-0.000800,
0.016500,0.003700,
0.008200,0.004500,
0.000700,0.003000,
0.012000,0.000700,
0.027000,-0.001500,
0.018700,0.000000,
0.012700,0.003000,
0.006700,0.005200,
-0.012800,0.003000,
-0.016500,0.000700,
-0.022500,0.000000,
-0.015000,0.001500,
-0.004600,0.001500,
0.001500,0.000700,
0.021000,0.000700,
0.021700,-0.000800,
0.012700,-0.000800,
0.007500,0.001500,
-0.000800,0.000700,
-0.008300,0.000000,
-0.011300,-0.005300,
-0.010500,-0.009800,
-0.004600,-0.008300,
0.004500,-0.004600,
0.009000,-0.001500,
0.012700,-0.003000,
0.011200,-0.006800,
0.014200,-0.003000,
0.018000,-0.000800,
0.009000,0.005200,
-0.001500,0.009000,
-0.005300,0.005200,
-0.004600,0.000700,
-0.003800,-0.004600,
-0.007500,-0.004600,
-0.018100,-0.001500,
-0.019500,0.001500,
-0.009100,0.003000,
-0.004600,0.000000,
-0.004600,-0.000800,
-0.001500,-0.000800,
0.000700,0.000700,
0.000700,0.003000,
-0.005300,0.003000,
-0.014300,0.002200,
-0.014300,0.000700,
-0.014300,-0.000800,
-0.010500,0.000000,
-0.006800,0.003000,
-0.002300,0.001500,
0.015700,-0.001500,
0.027700,-0.003000,
0.019500,-0.003800,
0.007500,-0.005300,
0.012700,-0.005300,
0.017200,-0.004600,
0.005200,-0.002300,
-0.000800,-0.001500,
-0.000800,0.000700,
0.010500,0.001500,
0.009000,0.000700,
-0.019500,0.003000,
-0.023300,0.004500,
-0.015800,0.004500,
-0.012800,0.003000,
0.001500,0.000700,
0.012000,0.000700,
0.008200,0.000000,
-0.020300,-0.000800,
-0.021000,-0.000800,
0.000000,0.000000,
0.023200,0.002200,
0.036000,-0.000800,
0.021700,0.000700,
0.015700,0.000700,
-0.003800,-0.001500,
-0.011300,0.001500,
-0.021800,0.003000,
-0.023300,-0.000800,
-0.008300,-0.001500,
-0.006800,0.000700,
0.003000,0.004500,
0.006000,0.004500,
0.012700,0.000700,
0.012700,0.000700,
0.014200,0.000000,
0.008200,-0.000800,
-0.009800,0.000000,
-0.020300,0.000700,
-0.030800,0.000700,
-0.027800,0.000000,
-0.025600,0.000700,
-0.014300,-0.001500,
0.007500,-0.001500,
0.027700,-0.002300,
0.041200,-0.003000,
0.047200,-0.003000,
0.030000,-0.002300,
-0.006000,-0.000800,
-0.010500,-0.001500,
-0.015000,-0.000800,
-0.018800,0.000700,
-0.012800,0.000000,
-0.009800,0.000700,
0.008200,0.001500,
0.012700,0.003000,
0.007500,0.004500,
0.003700,0.005200,
-0.013500,0.005200,
-0.033800,0.006000,
-0.027000,0.002200,
-0.020300,-0.001500,
-0.005300,-0.002300,
0.021700,-0.002300,
0.018700,-0.001500,
0.016500,-0.001500,
0.025500,-0.001500,
0.015000,-0.002300,
0.007500,-0.000800,
0.016500,0.000700,
0.025500,-0.000800,
0.015700,0.000700,
-0.000800,-0.003000,
-0.007500,-0.005300,
-0.012000,-0.005300,
-0.016500,-0.004600,
-0.029300,0.000000,
-0.035300,-0.000800,
-0.022500,-0.000800,
-0.005300,0.000000,
0.016500,-0.000800,
0.020200,0.000000,
0.024700,0.000700,
0.018000,0.001500,
-0.009800,0.001500,
-0.006000,-0.000800,
-0.003000,-0.001500,
-0.001500,0.000700,
0.005200,0.001500,
0.008200,0.000700,
-0.008300,0.000700,
-0.016500,0.001500,
-0.009800,0.000700,
-0.016500,0.000000,
-0.012000,-0.000800,
-0.003000,-0.003000,
0.007500,-0.000800,
0.010500,0.001500,
0.008200,0.003000,
0.006700,0.002200,
0.006000,0.000700,
-0.000800,0.000000,
0.009000,0.000000,
0.022500,0.001500,
-0.001500,0.003000,
-0.027000,0.000700,
-0.039000,-0.000800,
-0.033000,-0.000800,
-0.015000,-0.001500,
0.016500,-0.000800,
0.041200,0.000700,
0.026200,0.000700,
0.004500,0.002200,
0.002200,0.003000,
0.000700,0.001500,
0.003000,0.000700,
0.012700,0.000000,
0.003000,-0.001500,
-0.018100,-0.003000,
-0.029300,-0.002300,
-0.027000,-0.001500,
-0.013500,-0.002300,
0.005200,-0.002300,
0.018000,-0.003000,
0.004500,-0.005300,
-0.011300,-0.005300,
-0.012000,-0.005300,
-0.008300,-0.003800,
-0.001500,0.000000,
-0.003800,0.001500,
-0.008300,0.002200,
-0.003800,0.003700,
0.001500,0.003700,
0.017200,0.002200,
0.048000,0.000000,
0.048000,0.000700,
0.020200,0.001500,
0.010500,0.000000,
0.000000,-0.001500,
-0.009100,-0.000800,
-0.005300,-0.001500,
-0.004600,-0.000800,
-0.008300,0.001500,
-0.018800,0.003000,
-0.024000,0.002200,
-0.026300,0.000700,
-0.027800,0.003700,
-0.023300,0.002200,
-0.016500,0.000700,
-0.005300,-0.001500,
-0.006800,-0.000800,
-0.012800,-0.000800,
-0.006800,-0.000800,
0.015000,0.000700,
0.035200,0.000000,
0.033000,0.000700,
0.020200,-0.001500,
0.008200,-0.003000,
0.001500,-0.004600,
-0.006800,-0.004600,
-0.009100,-0.003000,
0.006700,-0.000800,
0.023200,0.001500,
0.018700,0.000700,
-0.004600,0.000000,
-0.019500,-0.001500,
-0.026300,-0.000800,
-0.015800,-0.001500,
0.005200,-0.003000,
0.014200,-0.001500,
0.009000,0.000000,
-0.009800,0.002200,
-0.009100,0.003700,
0.000700,0.004500,
0.005200,-0.000800,
0.021700,-0.002300,
0.048000,0.000000,
0.042000,0.003000,
0.009700,0.003000,
0.004500,0.002200,
0.010500,0.003000,
0.004500,0.001500,
-0.008300,0.000700,
-0.012000,0.000700,
-0.015800,0.001500,
-0.018800,0.003700,
-0.018100,0.004500,
-0.019500,0.004500,
-0.016500,0.001500,
-0.018800,-0.001500,
-0.014300,-0.001500,
-0.010500,0.000700,
-0.015800,0.000700,
-0.016500,-0.000800,
-0.008300,0.001500,
0.009700,0.001500,
0.032200,0.000700,
0.036700,0.001500,
0.027700,0.001500,
0.023200,0.003000,
0.012700,0.000700,
0.001500,-0.001500,
-0.019500,-0.002300,
-0.022500,-0.003000,
-0.022500,-0.003000,
-0.019500,-0.003000,
-0.003000,-0.001500,
-0.000800,0.000000,
-0.000800,-0.003000,
-0.012000,-0.003000,
-0.030800,-0.001500,
-0.049500,-0.003000,
-0.046500,-0.003000,
-0.018100,-0.005300,
0.011200,-0.001500,
0.039700,0.004500,
0.066700,0.009000,
0.075000,0.007500,
0.057000,0.003000,
0.033000,0.001500,
0.018700,0.002200,
-0.000800,-0.000800,
-0.020300,-0.003800,
-0.027800,-0.003000,
-0.023300,-0.001500,
-0.023300,0.000700,
-0.009800,0.003700,
0.019500,0.003000,
0.034500,0.001500,
0.024700,0.000000,
0.005200,-0.001500,
0.000000,-0.000800,
0.000000,-0.002300,
-0.005300,0.000700,
-0.019500,0.004500,
-0.020300,0.000000,
-0.014300,-0.004600,
-0.009100,-0.004600,
0.009700,-0.003000,
0.021700,-0.003800,
0.014200,-0.002300,
-0.006000,-0.005300,
-0.018100,-0.004600,
-0.035300,-0.004600,
-0.047300,-0.003000,
-0.041300,-0.000800,
-0.021800,-0.003000,
-0.002300,-0.002300,
0.009000,-0.003000,
0.031500,-0.003000,
0.041200,0.000700,
0.041200,0.001500,
0.028500,0.001500,
0.001500,0.002200,
0.000700,0.003700,
0.005200,0.004500,
0.008200,0.004500,
0.012700,0.001500,
0.012700,0.001500,
0.008200,0.000700,
-0.005300,-0.000800,
-0.003000,-0.001500,
-0.003800,-0.001500,
-0.006800,0.003000,
-0.008300,0.005200,
-0.014300,0.003000,
-0.019500,-0.000800,
-0.022500,-0.001500,
-0.022500,0.000700,
-0.021800,-0.003000,
-0.014300,-0.001500,
-0.008300,0.001500,
-0.010500,0.003000,
-0.010500,0.001500,
-0.009800,0.000700,
-0.015800,0.003000,
-0.005300,0.001500,
0.011200,0.000700,
0.011200,0.002200,
0.031500,0.001500,
0.053200,0.000700,
0.039000,0.000000,
0.014200,0.000000,
0.002200,0.000700,
-0.001500,-0.000800,
-0.009800,0.003000,
-0.007500,0.003000,
-0.009800,-0.001500,
-0.010500,-0.000800,
-0.006800,-0.001500,
-0.003800,0.000700,
-0.009800,0.001500,
-0.028500,0.000000,
-0.039800,-0.000800,
-0.043600,-0.000800,
-0.025600,-0.001500,
0.008200,-0.002300,
0.039000,-0.003000,
0.055500,-0.002300,
0.045000,-0.002300,
0.027700,-0.004600,
0.003000,-0.004600,
-0.013500,-0.003800,
0.004500,-0.001500,
0.023200,0.000000,
0.019500,-0.000800,
0.005200,-0.000800,
0.005200,0.003700,
0.006000,0.005200,
0.000000,0.003000,
0.001500,0.004500,
-0.003000,0.002200,
-0.008300,0.002200,
-0.012000,0.001500,
-0.015800,-0.001500,
-0.017300,-0.000800,
-0.016500,-0.001500,
-0.010500,-0.001500,
-0.012800,-0.001500,
-0.012000,-0.003000,
-0.003000,-0.003000,
-0.003000,-0.002300,
-0.012000,-0.003800,
-0.012800,-0.003800,
-0.004600,-0.003000,
0.007500,-0.003000,
0.015700,-0.001500,
0.016500,-0.000800,
0.007500,0.000700,
0.000700,0.000000,
0.000000,0.000000,
-0.006000,0.001500,
-0.008300,0.004500,
-0.004600,0.004500,
0.002200,0.000700,
-0.001500,-0.000800,
-0.004600,0.000700,
-0.003800,0.000700,
-0.004600,0.002200,
0.002200,0.005200,
0.006000,0.004500,
0.001500,0.004500,
-0.002300,0.003700,
-0.002300,0.003000,
-0.005300,0.003000,
-0.003800,0.001500,
0.003700,0.001500,
0.005200,0.000700,
-0.004600,-0.001500,
-0.010500,-0.002300,
-0.002300,-0.002300,
-0.010500,-0.004600,
-0.010500,-0.003000,
0.009700,-0.003000,
0.021700,-0.002300,
0.021000,-0.000800,
0.006700,0.000700,
0.000000,0.000700,
-0.002300,0.001500,
-0.001500,0.000700,
0.003000,0.000000,
0.000700,0.001500,
0.004500,0.003000,
0.009000,0.002200,
0.010500,0.000700,
0.006700,-0.000800,
-0.009100,-0.000800,
-0.021000,0.000000,
-0.019500,0.000000,
-0.016500,-0.000800,
-0.010500,0.000700,
0.006000,0.001500,
0.027000,0.001500,
0.032200,-0.001500,
0.027000,-0.003000,
0.021700,-0.001500,
-0.003000,0.000700,
-0.019500,0.001500,
-0.016500,0.001500,
-0.010500,-0.000800,
0.002200,0.001500,
0.015000,0.002200,
0.021700,0.001500,
0.003000,0.004500,
-0.012800,0.004500,
-0.009100,0.002200,
-0.016500,-0.002300,
-0.015800,-0.003000,
-0.009800,-0.003000,
-0.001500,-0.001500,
0.009000,0.001500,
0.012700,0.003700,
0.006700,0.003000,
0.003000,0.000000,
0.005200,-0.000800,
0.003000,-0.003000,
-0.000800,-0.004600,
-0.009800,-0.004600,
-0.009100,-0.003000,
-0.010500,-0.002300,
-0.012800,-0.004600,
-0.009100,-0.001500,
-0.004600,-0.002300,
-0.001500,-0.001500,
-0.006800,-0.001500,
-0.011300,-0.003800,
-0.018800,-0.000800,
-0.024000,-0.001500,
-0.027000,-0.003000,
-0.020300,-0.003000,
0.009000,0.000700,
0.048700,0.003000,
0.046500,0.003000,
0.033700,0.004500,
0.045700,0.006700,
0.036000,0.004500,
0.021700,0.003000,
0.006700,0.001500,
0.001500,-0.001500,
-0.002300,-0.000800,
-0.009800,0.000000,
-0.006800,0.000700,
-0.010500,0.002200,
-0.009100,0.000700,
-0.014300,0.002200,
-0.019500,0.001500,
-0.027800,0.000000,
-0.029300,0.001500,
-0.023300,0.003000,
-0.017300,0.000000,
-0.004600,-0.000800,
0.012000,0.000700,
0.024000,0.000000,
0.021000,-0.001500,
0.019500,-0.003000,
0.009700,-0.003000,
0.006000,-0.004600,
0.003000,-0.003000,
-0.006800,-0.003000,
-0.003000,-0.003800,
-0.003000,-0.003800,
-0.001500,-0.003000,
0.000700,-0.001500,
0.000000,-0.000800,
0.001500,0.000000,
-0.001500,0.003000,
-0.007500,0.003000,
-0.016500,-0.000800,
-0.019500,-0.000800,
-0.020300,-0.000800,
-0.018100,0.000700,
-0.005300,0.000000,
0.012000,0.001500,
0.012000,0.001500,
0.000000,0.000700,
0.008200,0.000700,
0.014200,0.001500,
0.015000,0.001500,
0.025500,-0.000800,
0.020200,-0.003000,
0.004500,-0.004600,
-0.003800,-0.002300,
-0.009100,-0.000800,
-0.010500,0.002200,
-0.008300,0.002200,
-0.006000,0.001500,
-0.005300,0.000700,
-0.008300,-0.002300,
-0.010500,-0.003000,
-0.008300,-0.005300,
-0.006800,-0.003000,
-0.006800,-0.000800,
-0.006800,0.000000,
-0.008300,-0.000800,
-0.008300,0.000000,
-0.007500,0.000000,
-0.009100,0.000700,
-0.003000,0.003000,
0.009000,0.001500,
0.019500,0.000700,
0.027700,0.002200,
0.024000,0.003700,
0.015700,0.002200,
0.006700,0.001500,
0.001500,0.003000,
0.009000,0.002200,
0.015700,0.001500,
0.007500,0.001500,
-0.013500,0.000700,
-0.027000,0.000700,
-0.033800,0.003000,
-0.026300,0.002200,
-0.009100,0.000700,
0.014200,0.000700,
0.034500,0.001500,
0.033000,0.003000,
0.025500,0.000000,
0.014200,-0.000800,
0.019500,0.000700,
0.019500,0.001500,
0.009000,0.004500,
0.005200,0.003700,
-0.005300,0.000700,
-0.012000,0.000000,
-0.015800,-0.004600,
-0.014300,-0.006800,
-0.016500,-0.005300,
-0.022500,-0.004600,
-0.024000,-0.004600,
-0.022500,-0.001500,
-0.021000,-0.001500,
-0.016500,-0.003000,
0.000700,-0.001500,
0.018000,-0.000800,
0.015700,-0.001500,
0.010500,-0.004600,
0.009700,-0.003000,
-0.003000,-0.000800,
-0.012800,0.000700,
-0.013500,0.003000,
-0.015000,0.000700,
-0.009800,-0.000800,
0.001500,0.000700,
0.011200,0.001500,
0.002200,0.002200,
-0.003000,0.001500,
0.009000,0.003000,
0.003700,0.002200,
0.003000,0.001500,
0.014200,0.003000,
0.015700,0.000700,
0.006700,0.000000,
0.005200,0.001500,
0.008200,-0.000800,
-0.003000,-0.001500,
-0.001500,0.000000,
-0.000800,0.000700,
0.003000,0.001500,
0.006000,0.003000,
0.002200,0.003000,
0.007500,0.004500,
0.004500,0.005200,
-0.003000,0.004500,
-0.004600,0.003000,
-0.004600,0.000700,
-0.008300,-0.000800,
-0.009100,0.000000,
-0.008300,-0.001500,
-0.008300,-0.002300,
-0.006800,-0.004600,
-0.008300,-0.003000,
-0.004600,-0.002300,
-0.003800,-0.000800,
-0.011300,-0.001500,
-0.006000,-0.002300,
0.001500,0.000700,
0.007500,0.002200,
0.005200,0.001500,
0.003000,-0.001500,
0.005200,-0.001500,
-0.003800,-0.001500,
0.000000,-0.001500,
0.013500,-0.001500,
0.012700,-0.002300,
0.004500,-0.002300,
0.000000,-0.003000,
0.001500,-0.003000,
0.006000,-0.001500,
0.004500,0.000000,
-0.006000,-0.000800,
-0.009800,0.000700,
-0.015800,0.000700,
-0.021800,0.000700,
-0.013500,0.001500,
-0.006000,0.001500,
0.009000,0.001500,
0.039000,0.001500,
0.066700,0.001500,
0.056200,0.000700,
0.011200,-0.000800,
-0.012800,-0.001500,
-0.021800,-0.003000,
-0.013500,-0.000800,
-0.003000,0.000000,
-0.011300,-0.001500,
-0.016500,-0.001500,
-0.020300,-0.001500,
-0.026300,-0.001500,
-0.021800,0.000700,
-0.000800,0.003700,
0.011200,0.003000,
0.019500,0.001500,
0.027700,0.000700,
0.008200,-0.000800,
-0.014300,-0.000800,
-0.013500,-0.000800,
-0.016500,-0.000800,
-0.015800,-0.000800,
-0.015800,-0.001500,
-0.006000,-0.003000,
0.013500,-0.001500,
0.009700,-0.000800,
0.006000,-0.001500,
0.010500,0.000700,
0.013500,0.000700,
0.012000,-0.000800,
0.000700,-0.000800,
-0.003800,-0.000800,
-0.003000,0.000000,
-0.003000,-0.000800,
-0.002300,0.000700,
-0.002300,0.002200,
-0.003000,0.001500,
-0.001500,0.002200,
-0.002300,0.003700,
-0.003000,0.004500,
-0.004600,0.003000,
-0.004600,0.000700,
-0.001500,0.000700,
-0.003000,0.003000,
-0.001500,0.000000,
-0.003800,-0.002300,
-0.006800,0.000700,
-0.009100,-0.000800,
-0.009100,-0.002300,
-0.008300,-0.002300,
-0.010500,-0.000800,
-0.011300,-0.000800,
-0.001500,0.000700,
0.009000,0.003000,
0.014200,0.000000,
0.012000,0.000000,
0.009000,-0.000800,
0.010500,-0.000800,
0.004500,-0.002300,
-0.003800,-0.004600,
-0.012000,-0.001500,
-0.015800,-0.000800,
-0.014300,-0.001500,
-0.000800,-0.003000,
0.020200,-0.003000,
0.030700,-0.002300,
0.025500,-0.001500,
0.009700,-0.000800,
0.009700,-0.002300,
0.003700,-0.003000,
-0.003800,-0.003000,
-0.003000,-0.001500,
-0.003800,0.000000,
0.001500,0.000700,
0.004500,0.000700,
0.003000,0.000700,
-0.003000,0.001500,
-0.002300,-0.000800,
0.000700,-0.000800,
0.001500,0.000000,
0.004500,0.000700,
-0.000800,0.003000,
-0.005300,0.001500,
-0.003000,0.000000,
-0.003800,-0.000800,
-0.003800,0.000000,
-0.002300,-0.000800,
-0.007500,-0.000800,
-0.016500,0.000700,
-0.016500,0.002200,
-0.010500,0.001500,
-0.009800,0.000700,
-0.008300,0.001500,
-0.001500,0.000700,
-0.003000,0.002200,
-0.001500,0.003000,
0.003000,0.000700,
0.012000,-0.000800,
0.021700,-0.000800,
0.024700,0.000700,
0.016500,0.000700,
-0.001500,0.000700,
-0.004600,0.000700,
-0.000800,0.000000,
0.003000,-0.001500,
0.007500,-0.004600,
0.003000,-0.001500,
0.000700,0.001500,
-0.004600,0.000700,
-0.004600,0.000000,
-0.005300,-0.000800,
-0.009800,0.000000,
-0.012800,-0.000800,
-0.015800,-0.002300,
-0.011300,-0.000800,
-0.006000,0.000000,
0.000700,0.001500,
0.001500,0.001500,
-0.010500,0.000000,
-0.024000,0.000700,
-0.030800,0.000000,
-0.032300,0.000000,
-0.025600,-0.000800,
-0.009100,-0.002300,
0.013500,-0.003000,
0.045700,-0.001500,
0.066000,0.000000,
0.048000,-0.000800,
0.033000,0.000700,
0.044200,0.000000,
0.029200,-0.001500,
0.006700,-0.001500,
-0.004600,-0.000800,
-0.013500,0.000000,
-0.007500,0.000000,
0.000000,0.001500,
0.000000,0.000700,
-0.005300,0.002200,
-0.006800,-0.000800,
-0.012000,-0.001500,
-0.014300,0.000700,
-0.015800,-0.001500,
-0.018100,-0.001500,
-0.016500,-0.001500,
-0.014300,-0.001500,
-0.012000,-0.001500,
-0.009100,-0.000800,
-0.003800,0.001500,
0.003700,0.005200,
0.010500,0.004500,
0.005200,0.003000,
0.000700,0.003000,
0.000000,0.001500,
0.000000,0.002200,
0.001500,0.000700,
0.000700,0.001500,
-0.000800,0.001500,
-0.003000,0.000700,
-0.000800,0.000700,
0.000700,-0.000800,
0.000700,-0.000800,
0.003000,-0.001500,
0.001500,-0.001500,
0.000000,-0.001500,
-0.002300,-0.000800,
-0.009100,-0.000800,
-0.008300,-0.000800,
-0.004600,-0.002300,
-0.005300,-0.001500,
-0.008300,-0.001500,
-0.005300,-0.004600,
0.002200,-0.002300,
0.007500,-0.000800,
0.004500,-0.003000,
0.001500,-0.004600,
0.008200,-0.002300,
0.018000,0.000700,
0.018000,0.003000,
0.010500,0.004500,
0.005200,0.001500,
0.000000,0.002200,
-0.006000,0.003700,
-0.010500,0.003700,
-0.006000,0.004500,
0.000700,0.006000,
0.004500,0.003700,
0.010500,0.001500,
0.016500,0.001500,
0.018000,0.001500,
0.004500,-0.001500,
-0.003000,-0.001500,
-0.003800,-0.000800,
-0.003000,-0.002300,
-0.003000,-0.000800,
-0.010500,-0.000800,
-0.023300,-0.000800,
-0.028500,-0.001500,
-0.021800,-0.001500,
-0.018100,-0.000800,
-0.008300,-0.001500,
0.019500,0.000000,
0.048000,0.002200,
0.045700,0.001500,
0.021000,-0.001500,
0.009000,-0.003000,
0.002200,-0.004600,
-0.003000,-0.004600,
-0.008300,-0.003000,
-0.009100,-0.001500,
-0.006000,0.000700,
-0.008300,0.001500,
-0.007500,0.001500,
-0.008300,0.002200,
-0.009100,0.001500,
-0.007500,0.000700,
-0.006800,0.000000,
-0.009100,0.000700,
-0.012000,0.001500,
-0.015800,0.004500,
-0.012800,0.004500,
-0.006800,0.003000,
-0.009100,-0.000800,
-0.006800,-0.001500,
0.004500,-0.001500,
0.016500,-0.001500,
0.018000,0.000000,
0.019500,-0.000800,
0.020200,-0.000800,
0.010500,-0.002300,
0.004500,-0.003000,
0.006000,-0.003000,
0.003700,-0.004600,
0.002200,-0.003000,
-0.001500,-0.001500,
-0.003000,0.000000,
-0.005300,0.001500,
-0.006800,0.000700,
-0.005300,-0.000800,
-0.006000,0.000700,
-0.005300,0.001500,
-0.005300,0.001500,
-0.010500,0.000700,
-0.014300,0.002200,
-0.012000,0.003000,
-0.009100,0.001500,
-0.009800,-0.000800,
-0.005300,0.000000,
0.006700,-0.002300,
0.001500,-0.003000,
-0.003800,-0.003800,
0.005200,-0.003000,
0.012700,-0.000800,
0.024700,-0.002300,
0.023200,0.000700,
0.010500,0.001500,
0.002200,0.000700,
0.007500,0.000700,
0.018000,0.000000,
0.012000,-0.000800,
0.006700,-0.003000,
0.003700,-0.003000,
-0.007500,0.001500,
-0.012000,0.004500,
-0.012800,0.000700,
-0.010500,-0.000800,
-0.004600,-0.001500,
-0.004600,-0.000800,
-0.005300,0.000700,
-0.006000,0.001500,
-0.006800,0.003000,
-0.009100,0.003000,
-0.005300,0.002200,
0.001500,0.000700,
0.008200,0.000700,
0.003000,0.000000,
-0.004600,0.001500,
-0.008300,0.003000,
-0.012800,0.003000,
-0.009800,0.002200,
-0.009100,0.001500,
-0.003800,0.001500,
0.009700,-0.000800,
0.021700,0.000700,
0.034500,0.000700,
0.033000,-0.000800,
0.016500,-0.001500,
0.006700,-0.000800,
-0.002300,0.000700,
-0.005300,0.000700,
-0.006000,0.000700,
-0.008300,-0.000800,
-0.005300,0.000700,
-0.000800,0.000000,
0.008200,-0.000800,
0.008200,0.000700,
0.004500,-0.001500,
-0.003000,-0.001500,
-0.007500,-0.001500,
-0.008300,-0.003000,
-0.010500,-0.003000,
-0.010500,-0.004600,
-0.012000,-0.004600,
-0.008300,-0.003800,
-0.007500,-0.003000,
-0.008300,-0.001500,
-0.006800,-0.000800,
-0.003000,0.001500,
0.005200,0.000700,
0.009000,0.000700,
0.003700,-0.000800,
-0.005300,-0.003800,
-0.006800,-0.005300,
-0.005300,-0.004600,
-0.003000,-0.003000,
0.004500,-0.002300,
0.005200,-0.000800,
0.006700,-0.000800,
0.004500,0.001500,
0.003000,-0.003000,
0.000700,-0.003000,
-0.001500,-0.000800,
-0.001500,-0.001500,
0.000000,-0.000800,
0.002200,-0.000800,
0.003000,0.000700,
0.001500,0.000700,
-0.005300,0.001500,
-0.010500,0.002200,
-0.006800,0.002200,
-0.006000,0.003700,
-0.006000,0.003000,
-0.001500,0.001500,
0.006700,0.001500,
0.010500,0.000700,
0.002200,-0.000800,
-0.001500,0.001500,
0.009000,0.001500,
0.006700,0.000700,
-0.003000,0.001500,
-0.004600,0.000700,
-0.003000,0.001500,
0.003700,0.000000,
0.010500,-0.000800,
0.014200,-0.001500,
0.024700,-0.001500,
0.023200,0.000700,
0.007500,0.000000,
-0.003000,0.001500,
-0.008300,0.001500,
-0.010500,0.000700,
-0.003800,-0.001500,
0.000700,-0.001500,
0.005200,0.000000,
0.004500,0.000000,
0.007500,0.000700,
0.012000,-0.000800,
0.004500,0.000700,
-0.003000,0.000700,
-0.004600,-0.000800,
-0.002300,-0.000800,
-0.001500,-0.000800,
-0.004600,-0.001500,
-0.007500,-0.001500,
-0.005300,-0.000800,
0.000700,-0.001500,
0.005200,-0.001500,
0.000700,0.000000,
-0.004600,-0.001500,
-0.006800,-0.000800,
-0.006800,0.001500,
-0.007500,0.003000,
-0.009100,0.003000,
-0.008300,0.004500,
-0.011300,0.005200,
-0.009800,0.004500,
-0.006800,0.004500,
-0.006000,0.005200,
-0.010500,0.003000,
-0.011300,0.003000,
0.002200,0.001500,
0.016500,-0.000800,
0.015700,-0.001500,
0.008200,-0.000800,
0.008200,-0.000800,
0.014200,-0.002300,
0.012000,-0.003000,
-0.002300,-0.000800,
-0.007500,-0.001500,
-0.012800,-0.001500,
-0.015000,-0.000800,
-0.012000,-0.001500,
-0.008300,-0.002300,
-0.003000,-0.004600,
0.006000,-0.004600,
0.017200,-0.003800,
0.017200,-0.003000,
0.012000,-0.001500,
0.007500,0.000700,
0.000700,0.000000,
-0.001500,0.000000,
-0.001500,0.000700,
0.003700,0.001500,
0.003000,0.001500,
-0.004600,0.000700,
-0.006800,0.001500,
-0.006800,0.000700,
-0.004600,-0.000800,
-0.000800,0.000700,
0.000700,-0.001500,
0.000000,-0.001500,
0.000700,-0.000800,
-0.000800,0.000000,
-0.003800,-0.001500,
-0.006800,-0.001500,
-0.006800,0.000000,
-0.004600,0.000000,
-0.002300,-0.000800,
-0.004600,-0.000800,
-0.009100,-0.001500,
-0.004600,-0.004600,
-0.002300,-0.004600,
-0.002300,-0.001500,
0.003000,-0.001500,
0.007500,-0.002300,
0.012700,-0.003000,
0.012700,-0.001500,
0.012000,0.000000,
0.015700,-0.000800,
0.010500,-0.000800,
0.001500,0.000700,
-0.001500,0.001500,
-0.003000,0.003000,
-0.000800,0.003700,
0.000700,0.003700,
0.000700,0.006000,
0.000700,0.006000,
-0.003000,0.006000,
-0.005300,0.006700,
-0.005300,0.005200,
-0.004600,0.005200,
-0.005300,0.004500,
-0.005300,0.004500,
-0.003800,0.003000,
0.000000,0.001500,
0.000700,0.000700,
-0.003000,-0.000800,
0.000000,-0.000800,
-0.000800,-0.000800,
-0.003000,-0.000800,
-0.004600,-0.003000,
-0.007500,-0.004600,
-0.008300,-0.006000,
-0.006800,-0.004600,
-0.004600,-0.005300,
-0.004600,-0.006000,
-0.003800,-0.009100,
0.002200,-0.008300,
0.012700,-0.005300,
0.016500,-0.003000,
0.004500,-0.001500,
-0.000800,-0.001500,
0.003000,-0.001500,
0.003000,-0.001500,
0.003700,-0.000800,
0.006000,0.000700,
0.005200,0.000700,
0.000700,-0.000800,
-0.001500,-0.000800,
-0.000800,0.001500,
-0.003000,0.001500,
-0.002300,0.001500,
-0.004600,0.001500,
-0.006800,0.003000,
-0.004600,0.001500,
-0.003000,0.000700,
-0.002300,0.002200,
-0.001500,0.003000,
0.000000,0.003000,
0.001500,0.002200,
0.001500,0.001500,
-0.000800,0.002200,
0.000000,0.003000,
0.003700,0.001500,
0.006700,0.003000,
0.009000,0.000700,
0.010500,-0.000800,
0.010500,0.000000,
0.007500,0.001500,
0.006700,0.002200,
0.004500,0.000700,
0.000000,0.000700,
-0.002300,-0.000800,
-0.004600,-0.002300,
-0.006000,-0.001500,
-0.006800,0.000000,
-0.005300,0.000000,
-0.000800,-0.001500,
0.002200,-0.004600,
0.000000,-0.004600,
-0.003000,-0.002300,
-0.000800,-0.002300,
0.003000,-0.000800,
0.008200,0.000700,
0.007500,0.003000,
0.005200,0.002200,
0.006700,0.000700,
0.006000,-0.000800,
-0.000800,0.001500,
-0.004600,0.002200,
-0.004600,-0.000800,
-0.006000,0.000000,
-0.002300,0.000700,
0.000700,0.000700,
-0.000800,-0.001500,
-0.003800,-0.003000,
-0.005300,-0.001500,
-0.003000,-0.003000,
-0.002300,-0.004600,
-0.004600,-0.003000,
-0.001500,-0.003000,
0.000700,-0.001500,
0.001500,-0.001500,
0.005200,-0.001500,
0.000000,0.000700,
-0.003000,-0.001500,
-0.001500,-0.000800,
-0.000800,-0.001500,
0.001500,-0.002300,
-0.000800,0.000000,
-0.001500,0.001500,
-0.003000,0.003700,
-0.008300,0.005200,
-0.009100,0.003700,
-0.010500,0.003000,
-0.009100,0.004500,
-0.006800,0.004500,
-0.003800,0.003000,
0.000700,0.002200,
0.003700,-0.000800,
0.015700,0.000700,
0.022500,0.001500,
0.012000,0.000700,
-0.006800,0.000700,
-0.012800,0.001500,
-0.011300,0.002200,
-0.006000,0.003700,
-0.003000,0.003700,
-0.006000,0.003700,
-0.001500,0.002200,
0.009000,0.000700,
0.014200,-0.003000,
0.009000,-0.003000,
0.003700,-0.001500,
0.005200,-0.003800,
0.006700,-0.004600,
-0.004600,-0.003000,
-0.010500,-0.000800,
-0.008300,0.000700,
-0.005300,0.001500,
-0.003800,0.001500,
-0.005300,0.003000,
-0.001500,0.000700,
0.000700,0.000000,
0.001500,0.001500,
0.000000,0.005200,
-0.000800,0.004500,
0.003000,0.001500,
0.002200,0.001500,
-0.003800,0.001500,
-0.004600,0.003700,
0.000000,0.003000,
-0.000800,0.001500,
-0.000800,0.000700,
-0.001500,-0.000800,
-0.003000,-0.000800,
-0.003800,-0.003000,
-0.003000,-0.005300,
0.002200,-0.005300,
0.005200,-0.002300,
0.003700,-0.003000,
0.006700,-0.001500,
0.006700,-0.003800,
0.001500,-0.004600,
0.000700,-0.001500,
0.004500,-0.000800,
0.006000,-0.000800,
0.005200,-0.001500,
0.004500,0.000000,
0.004500,0.000700,
0.003000,0.000700,
0.000700,-0.001500,
-0.000800,-0.002300,
-0.001500,0.000000,
-0.000800,0.000700,
-0.001500,0.000000,
-0.003800,-0.000800,
-0.001500,-0.001500,
0.000700,-0.002300,
0.000700,-0.003000,
0.000700,-0.004600,
-0.001500,-0.001500,
-0.006000,-0.001500,
-0.008300,-0.001500,
-0.006800,0.000700,
-0.005300,0.001500,
-0.003800,0.003000,
0.001500,0.005200,
0.006000,0.005200,
0.003000,0.003000,
0.003000,0.001500,
0.003000,0.000000,
0.003700,0.000700,
0.005200,0.000000,
0.006700,-0.000800,
0.006000,-0.001500,
0.003000,-0.003800,
0.000700,-0.001500,
-0.002300,-0.001500,
-0.003800,-0.003000,
-0.000800,-0.000800,
0.003000,-0.000800,
0.000700,-0.001500,
0.002200,-0.003000,
0.006700,-0.003000,
0.004500,-0.004600,
0.004500,-0.002300,
0.005200,-0.000800,
0.003700,-0.002300,
0.003000,-0.003800,
0.003700,-0.002300,
-0.000800,0.003000,
-0.000800,0.001500,
0.000700,0.001500,
-0.000800,0.000700,
-0.001500,-0.000800,
-0.001500,0.000700,
-0.000800,0.000700,
-0.003800,0.000700,
-0.003000,0.000700,
-0.003800,0.003000,
-0.004600,0.003000,
-0.005300,0.003700,
-0.004600,0.003700,
-0.003000,0.003000,
0.000000,0.001500,
0.004500,-0.000800,
0.002200,0.001500,
0.000700,0.001500,
0.000700,0.000700,
-0.002300,0.003000,
-0.006000,0.002200,
-0.004600,0.000700,
-0.003000,-0.003000,
-0.001500,-0.001500,
0.005200,0.002200,
0.009700,-0.001500,
0.012000,0.000000,
0.016500,0.000700,
0.010500,0.000000,
0.000000,-0.001500,
-0.003000,-0.003000,
-0.004600,-0.001500,
-0.004600,-0.000800,
-0.005300,-0.000800,
-0.002300,-0.000800,
-0.001500,0.000000,
-0.000800,0.000700,
-0.001500,0.000700,
-0.003000,-0.001500,
-0.004600,-0.001500,
-0.006800,0.001500,
-0.004600,0.001500,
-0.004600,0.000000,
-0.001500,-0.002300,
0.004500,-0.003000,
0.003000,-0.004600,
-0.000800,-0.003800,
-0.002300,-0.001500,
-0.000800,-0.002300,
-0.003800,-0.002300,
-0.007500,-0.003000,
-0.008300,-0.001500,
-0.006800,0.001500,
-0.000800,0.001500,
0.002200,0.003000,
0.003000,0.004500,
-0.001500,0.002200,
-0.001500,0.001500,
0.002200,0.001500,
0.006000,0.001500,
0.005200,-0.001500,
0.000700,-0.005300,
-0.001500,-0.006000,
-0.003000,-0.004600,
-0.000800,-0.003000,
-0.001500,-0.000800,
-0.001500,-0.001500,
0.000700,-0.002300,
0.002200,0.000700,
0.003700,0.000700,
0.004500,0.000000,
0.004500,0.004500,
0.005200,0.004500,
0.004500,0.005200,
0.000700,0.007500,
-0.001500,0.005200,
-0.000800,0.006000,
-0.000800,0.004500,
-0.003000,0.001500,
-0.005300,0.000700,
-0.003000,-0.000800,
-0.000800,0.000700,
0.000000,-0.000800,
0.001500,-0.003800,
0.005200,-0.004600,
0.008200,-0.003000,
0.004500,-0.000800,
-0.001500,0.000000,
0.000700,0.001500,
-0.000800,0.001500,
-0.002300,0.001500,
-0.001500,0.001500,
-0.004600,0.000700,
-0.005300,0.002200,
-0.005300,0.003000,
-0.001500,0.000700,
-0.000800,-0.000800,
-0.001500,-0.000800,
-0.001500,0.001500,
-0.000800,0.002200,
0.000700,0.000700,
0.003000,0.001500,
0.004500,0.004500,
0.002200,0.001500,
0.001500,-0.002300,
-0.003000,-0.002300,
-0.005300,-0.002300,
-0.002300,-0.001500,
-0.000800,-0.001500,
0.003000,-0.000800,
0.004500,0.000700,
0.003000,0.000700,
0.003000,0.004500,
0.004500,0.003700,
0.004500,0.000000,
0.001500,-0.001500,
0.000000,-0.000800,
-0.003800,0.000000,
-0.005300,-0.001500,
-0.006800,-0.002300,
-0.006800,-0.000800,
-0.005300,-0.000800,
-0.002300,-0.000800,
0.000000,0.000000,
0.001500,0.001500,
0.000700,0.001500,
0.000000,0.004500,
-0.000800,0.005200,
0.000700,0.001500,
0.003000,-0.001500,
0.003700,-0.003000,
0.001500,-0.003000,
-0.002300,-0.000800,
-0.000800,0.000700,
0.000700,-0.000800,
0.000700,-0.003000,
0.000700,-0.003000,
0.001500,-0.000800,
0.001500,0.000700,
0.000700,-0.000800,
0.001500,-0.000800,
-0.001500,-0.000800,
-0.004600,0.000700,
-0.005300,0.000700,
-0.003000,0.001500,
0.000700,0.004500,
0.001500,0.004500,
0.003000,0.006700,
0.004500,0.005200,
0.005200,0.002200,
0.003000,0.001500,
0.003000,0.000700,
0.001500,-0.002300,
0.001500,-0.003000,
-0.000800,-0.003000,
-0.003000,-0.005300,
-0.002300,-0.008300,
-0.004600,-0.009100,
-0.003800,-0.008300,
-0.001500,-0.006800,
0.000000,-0.006800,
0.004500,-0.006800,
0.008200,-0.005300,
0.004500,-0.004600,
0.000700,-0.004600,
-0.001500,-0.002300,
-0.001500,-0.000800,
0.000000,0.000000,
0.000700,0.000000,
0.002200,0.001500,
0.005200,0.003000,
0.009000,0.003000,
0.012000,0.004500,
0.008200,0.003000,
0.002200,0.002200,
0.001500,0.005200,
0.001500,0.004500,
-0.003000,0.005200,
-0.009800,0.005200,
-0.012800,0.001500,
-0.010500,0.001500,
-0.008300,0.000700,
-0.006000,0.000000,
-0.001500,0.000700,
0.003000,-0.000800,
0.009000,-0.001500,
0.017200,-0.001500,
0.015700,-0.000800,
0.007500,0.001500,
0.001500,0.000000,
-0.003000,-0.001500,
0.000700,0.000000,
0.004500,0.001500,
0.000700,0.003700,
-0.004600,0.004500,
-0.006800,0.005200,
-0.006000,0.003000,
-0.006000,0.000700,
-0.006800,0.002200,
-0.006800,-0.000800,
-0.003800,-0.001500,
-0.000800,0.002200,
-0.002300,0.005200,
-0.000800,0.006000,
0.000700,0.005200,
-0.001500,0.005200,
-0.003800,0.003700,
-0.003000,0.002200,
-0.000800,0.001500,
0.000700,-0.003000,
0.001500,-0.007500,
0.002200,-0.006000,
0.003700,-0.004600,
0.003000,-0.005300,
0.003000,-0.003800,
0.003000,-0.004600,
0.002200,-0.003000,
0.001500,-0.005300,
-0.000800,-0.006800,
-0.000800,-0.006800,
-0.004600,-0.007500,
-0.001500,-0.003000,
-0.000800,0.000700,
-0.003000,0.007500,
-0.001500,0.009000,
-0.005300,0.005200,
-0.005300,0.004500,
-0.005300,0.004500,
-0.003800,0.003000,
-0.003000,0.003000,
-0.001500,0.001500,
-0.000800,0.000700,
-0.000800,0.001500,
0.000700,-0.000800,
0.003700,-0.001500,
0.001500,-0.003000,
-0.000800,-0.002300,
-0.000800,-0.001500,
-0.003000,-0.003000,
-0.000800,-0.003000,
-0.000800,-0.004600,
-0.004600,-0.003800,
-0.003000,-0.003000,
-0.001500,-0.000800,
-0.000800,0.003000,
0.000700,0.003700,
0.000700,0.004500,
0.002200,0.004500,
0.006700,0.003000,
0.007500,0.003700,
0.008200,0.006000,
0.008200,0.004500,
0.010500,0.005200,
0.012000,0.003000,
0.009700,0.002200,
0.006700,0.002200,
0.001500,0.000700,
-0.003000,0.002200,
-0.004600,-0.001500,
-0.002300,-0.004600,
-0.000800,-0.006000,
0.000700,-0.006800,
0.002200,-0.005300,
0.003000,-0.006800,
0.002200,-0.005300,
0.000000,-0.004600,
-0.004600,-0.003000,
-0.004600,-0.000800,
-0.001500,-0.004600,
0.001500,-0.004600,
0.004500,-0.003000,
0.004500,-0.003000,
0.005200,-0.000800,
0.003700,0.000700,
0.001500,-0.001500,
0.000700,-0.001500,
-0.000800,-0.000800,
-0.003000,0.000000,
-0.004600,0.000700,
-0.003800,0.003000,
-0.003000,0.005200,
-0.003000,0.005200,
-0.000800,0.005200,
-0.000800,0.003000,
-0.003000,0.000000,
-0.003800,-0.000800,
-0.003000,-0.001500,
-0.003000,-0.002300,
-0.004600,-0.004600,
-0.006800,-0.001500,
-0.006000,0.001500,
-0.003800,0.000700,
-0.005300,0.000700,
-0.004600,0.001500,
-0.003000,0.003000,
-0.002300,0.004500,
-0.000800,0.003000,
0.000000,0.001500,
0.000000,0.001500,
0.000000,0.001500,
0.000000,0.002200,
-0.000800,0.003700,
0.000700,0.003000,
0.000000,-0.000800,
-0.000800,-0.001500,
0.000700,-0.003800,
-0.001500,-0.003800,
0.000700,-0.003000,
-0.000800,-0.000800,
-0.001500,-0.000800,
0.001500,0.000700,
0.003000,0.001500,
0.006000,0.003000,
0.006700,-0.000800,
0.004500,-0.003800,
0.000000,-0.001500,
0.000700,-0.000800,
0.000700,-0.002300,
0.000700,-0.004600,
0.000700,-0.003000,
0.001500,-0.001500,
0.003000,0.000700,
0.004500,0.003000,
0.008200,0.003000,
0.008200,0.004500,
0.006700,0.006000,
0.003000,0.005200,
-0.001500,-0.000800,
-0.003800,-0.004600,
-0.003800,-0.003000,
-0.005300,-0.000800,
-0.006000,-0.001500,
-0.006800,-0.001500,
-0.007500,-0.000800,
-0.005300,0.000700,
-0.004600,-0.000800,
0.000000,-0.001500,
0.003000,-0.001500,
0.004500,-0.002300,
0.008200,0.000000,
0.006700,0.000700,
0.003000,0.002200,
0.004500,0.003700,
0.002200,0.001500,
-0.000800,0.001500,
-0.000800,0.002200,
-0.000800,0.005200,
-0.001500,0.005200,
-0.005300,0.006700,
-0.006000,0.006700,
-0.004600,0.006000,
-0.001500,0.003700,
0.000700,0.000700,
0.001500,0.000000,
-0.000800,-0.003000,
-0.004600,-0.003800,
-0.003000,-0.005300,
-0.001500,-0.006000,
0.000700,-0.005300,
0.002200,-0.004600,
0.001500,-0.001500,
0.001500,-0.001500,
0.003700,-0.002300,
0.001500,-0.003000,
-0.002300,-0.001500,
-0.002300,-0.000800,
-0.002300,-0.000800,
-0.002300,-0.003800,
-0.001500,-0.006000,
0.002200,-0.004600,
0.008200,-0.002300,
0.006700,0.000700,
0.003000,0.000700,
0.001500,0.000000,
0.000700,-0.000800,
-0.000800,-0.000800,
-0.003000,-0.000800,
-0.003000,-0.000800,
-0.004600,0.001500,
-0.006000,0.000700,
-0.005300,0.000700,
-0.000800,0.001500,
0.003000,-0.001500,
0.003000,0.000700,
0.003000,0.001500,
0.003000,0.000700,
-0.000800,0.001500,
-0.002300,0.002200,
-0.000800,0.003000,
-0.002300,0.001500,
-0.005300,0.004500,
-0.005300,0.006000,
-0.004600,0.006700,
-0.003000,0.006700,
0.000700,0.006000,
0.000700,0.007500,
-0.001500,0.006700,
-0.003800,0.006700,
-0.004600,0.003000,
-0.001500,0.001500,
0.003000,0.004500,
0.003000,0.003000,
0.004500,-0.000800,
0.009700,-0.006800,
0.012000,-0.009100,
0.004500,-0.009800,
-0.000800,-0.009800,
0.000700,-0.009100,
-0.003000,-0.005300,
-0.005300,-0.003000,
-0.005300,-0.003000,
-0.005300,-0.001500,
-0.004600,-0.000800,
-0.001500,0.000700,
0.003000,0.003000,
0.002200,0.005200,
-0.001500,0.003700,
-0.002300,0.001500,
-0.001500,-0.001500,
0.001500,-0.003800,
0.006700,-0.003000,
0.006000,-0.003000,
0.009700,-0.002300,
0.013500,0.000700,
0.012700,0.006000,
0.012700,0.003000,
0.010500,-0.001500,
0.006700,-0.001500,
-0.000800,-0.002300,
-0.003800,-0.001500,
-0.006000,-0.000800,
-0.009100,-0.001500,
-0.010500,-0.004600,
-0.012000,-0.003000,
-0.010500,-0.002300,
-0.007500,-0.001500,
-0.000800,-0.001500,
0.000700,-0.001500,
-0.003000,-0.004600,
-0.005300,-0.007500,
-0.006000,-0.007500,
-0.004600,-0.006800,
-0.004600,-0.003000,
-0.003000,0.000000,
-0.000800,0.002200,
0.001500,0.003700,
0.002200,0.008200,
-0.000800,0.010500,
-0.000800,0.008200,
0.002200,0.009000,
0.004500,0.010500,
0.004500,0.009000,
0.005200,0.006700,
0.008200,0.009000,
0.006700,0.009000,
0.003700,0.006700,
0.001500,0.002200,
0.003000,-0.000800,
0.003000,-0.001500,
0.001500,-0.001500,
0.000700,-0.000800,
0.000000,-0.006000,
0.000700,-0.009100,
0.003000,-0.012000,
0.001500,-0.012000,
0.000000,-0.009100,
-0.000800,-0.008300,
-0.001500,-0.006800,
-0.003000,-0.006800,
-0.003800,-0.006000,
-0.001500,-0.006000,
-0.003800,-0.004600,
-0.005300,0.000000,
-0.003000,0.005200,
-0.001500,0.009000,
-0.000800,0.010500,
0.000700,0.012000,
0.003000,0.007500,
0.004500,0.003000,
0.003000,0.001500,
0.003000,-0.000800,
0.006700,-0.002300,
0.008200,-0.000800,
0.008200,0.000000,
0.003700,0.001500,
0.000000,0.001500,
-0.003800,-0.001500,
-0.003800,-0.000800,
0.000000,-0.001500,
-0.003800,0.000700,
-0.003000,0.001500,
-0.004600,-0.001500,
-0.004600,-0.004600,
-0.000800,-0.003000,
-0.000800,0.000700,
0.003000,0.004500,
0.001500,0.004500,
0.002200,0.003000,
0.003700,0.001500,
0.003000,-0.000800,
-0.000800,-0.000800,
-0.000800,0.000700,
-0.000800,-0.000800,
-0.000800,0.001500,
-0.000800,0.000700,
0.000000,0.000700,
0.000700,0.002200,
0.000000,0.000000,
-0.001500,0.001500,
-0.003000,0.000700,
-0.001500,-0.000800,
-0.003800,0.000700,
-0.003000,0.000000,
-0.000800,-0.000800,
-0.002300,-0.006800,
-0.003000,-0.009100,
-0.005300,-0.007500,
-0.003800,-0.004600,
-0.002300,-0.003000,
-0.002300,-0.002300,
-0.000800,-0.000800,
0.000700,-0.000800,
0.001500,0.002200,
-0.000800,0.004500,
0.000700,0.006700,
0.001500,0.006700,
0.001500,0.003000,
0.003000,0.000000,
-0.001500,-0.000800,
-0.002300,0.000000,
-0.003000,-0.004600,
-0.001500,-0.006000,
0.000700,-0.003800,
-0.001500,-0.003000,
-0.001500,0.000000,
-0.001500,-0.000800,
-0.000800,-0.001500,
-0.000800,0.000700,
-0.000800,-0.000800,
0.000000,-0.001500,
0.001500,-0.003000,
0.000700,-0.000800,
-0.000800,0.001500,
0.001500,0.003000,
0.003700,0.002200,
0.006000,-0.002300,
0.006700,-0.002300,
0.005200,0.002200,
0.003000,0.004500,
0.003000,-0.000800,
0.001500,-0.009800,
-0.000800,-0.009100,
-0.003000,-0.005300,
-0.003000,-0.002300,
0.000000,0.000000,
0.001500,0.002200,
0.000700,0.003000,
0.003700,0.004500,
0.003000,0.000700,
0.000700,-0.000800,
0.000000,0.002200,
-0.002300,0.000700,
-0.003000,0.005200,
-0.002300,0.006700,
0.000000,0.003000,
-0.000800,-0.000800,
-0.002300,-0.004600,
0.000700,-0.004600,
0.001500,-0.004600,
0.001500,0.000700,
0.002200,0.004500,
-0.000800,0.000000,
-0.000800,-0.006800,
-0.003000,-0.005300,
-0.005300,-0.000800,
-0.006800,0.002200,
-0.006800,0.004500,
-0.004600,0.006000,
-0.004600,0.005200,
0.000700,0.003700,
0.006000,0.002200,
0.005200,0.001500,
0.006000,0.001500,
0.006000,0.004500,
0.005200,0.008200,
0.002200,0.004500,
0.003000,0.001500,
0.002200,0.000700,
0.000000,-0.001500,
0.000700,-0.000800,
-0.000800,-0.000800,
-0.003000,0.000000,
-0.006000,-0.000800,
-0.006800,-0.000800,
-0.005300,0.003000,
-0.004600,0.006000,
-0.005300,0.006700,
-0.005300,-0.001500,
-0.003800,-0.003000,
-0.004600,0.000700,
-0.000800,-0.004600,
0.003000,-0.009100,
0.003000,-0.008300,
0.002200,-0.003000,
0.002200,-0.001500,
0.003700,-0.004600,
0.003700,-0.004600,
0.003000,-0.006000,
0.004500,-0.005300,
0.004500,0.000700,
0.002200,0.003000,
0.000700,0.003000,
-0.000800,0.004500,
0.000000,0.003000,
0.004500,-0.003000,
0.006700,-0.005300,
0.002200,-0.001500,
-0.003000,0.003700,
-0.002300,0.003000,
0.000000,-0.001500,
-0.001500,-0.003800,
-0.003800,-0.002300,
-0.004600,0.004500,
-0.004600,0.007500,
-0.002300,0.007500,
-0.001500,0.006700,
-0.001500,0.005200,
0.000700,0.005200,
0.001500,0.000700,
0.003000,-0.001500,
0.003000,-0.006800,
0.003000,-0.008300,
0.005200,-0.003800,
0.005200,-0.000800,
0.003000,-0.000800,
0.000000,-0.005300,
-0.000800,-0.004600,
-0.002300,-0.000800,
-0.003000,0.000000,
-0.003000,-0.001500,
-0.004600,-0.001500,
-0.003000,-0.000800,
0.000700,0.000700,
0.003000,0.000700,
0.001500,-0.000800,
0.003000,0.003000,
0.003000,0.002200,
0.000700,0.001500,
0.000700,0.004500,
0.000000,0.005200,
-0.001500,0.009000,
-0.002300,0.008200,
-0.000800,0.004500,
0.000000,0.003700,
-0.000800,0.002200,
0.000000,0.003000,
0.001500,-0.000800,
0.000700,-0.006000,
0.000700,-0.003000,
0.001500,0.000000,
0.000000,-0.001500,
0.003000,-0.006000,
0.003700,-0.009100,
0.001500,-0.009100,
0.000000,-0.005300,
0.000700,-0.006000,
-0.001500,-0.012000,
-0.003800,-0.009100,
-0.000800,-0.006800,
0.000000,-0.005300,
0.000000,0.003000,
-0.003000,0.011200,
-0.003000,0.012700,
-0.001500,0.003000,
-0.000800,-0.003000,
-0.001500,0.000000,
-0.000800,0.003700,
0.000000,0.000700,
-0.000800,0.000700,
-0.001500,0.004500,
-0.002300,0.000700,
-0.003000,-0.000800,
-0.005300,0.002200,
-0.006000,0.004500,
-0.007500,0.004500,
-0.006000,0.004500,
-0.000800,0.005200,
0.000700,0.003700,
-0.001500,0.003000,
-0.002300,0.000700,
-0.003800,-0.001500,
-0.002300,-0.000800,
-0.003000,-0.003000,
-0.003800,-0.005300,
-0.003000,-0.004600,
-0.001500,0.001500,
0.000700,0.005200,
0.000000,0.000000,
0.001500,-0.003000,
0.003700,-0.003800,
0.006700,-0.002300,
0.003000,0.001500,
-0.001500,0.004500,
-0.003000,0.004500,
-0.005300,0.003700,
-0.006800,0.000700,
-0.006800,-0.000800,
-0.006000,-0.004600,
-0.004600,-0.005300,
-0.001500,-0.000800,
0.001500,0.004500,
0.005200,0.003700,
0.010500,0.001500,
0.014200,0.003000,
0.012000,0.000700,
0.008200,-0.002300,
0.008200,-0.001500,
0.008200,-0.003000,
0.009000,-0.003000,
0.006700,0.001500,
0.002200,0.001500,
-0.000800,0.000700,
-0.003800,-0.001500,
-0.001500,-0.001500,
-0.003000,-0.000800,
-0.004600,-0.003800,
-0.003000,-0.005300,
-0.004600,-0.003000,
-0.005300,-0.000800,
-0.003000,-0.001500,
-0.000800,-0.000800,
-0.001500,0.004500,
-0.003000,0.008200,
-0.000800,0.006700,
0.000700,-0.000800,
-0.000800,-0.001500,
-0.000800,-0.001500,
-0.000800,-0.005300,
0.000000,-0.005300,
-0.001500,-0.004600,
-0.002300,-0.004600,
-0.000800,-0.009100,
0.000700,-0.006000,
0.003000,-0.005300,
0.004500,-0.005300,
0.003700,-0.000800,
0.003000,-0.002300,
0.005200,-0.001500,
0.003000,-0.003800,
0.000000,-0.002300,
0.000000,-0.003000,
-0.001500,-0.003000,
-0.003000,0.003700,
-0.006000,0.004500,
-0.007500,0.006700,
-0.004600,0.010500,
-0.001500,0.012000,
0.001500,0.012000,
0.006700,0.012000,
0.010500,0.007500,
0.010500,0.003000,
0.012000,-0.003000,
0.015700,-0.006000,
0.011200,-0.004600,
0.005200,-0.003000,
0.003700,0.001500,
0.001500,0.003000,
0.000700,-0.003000,
0.000700,-0.006800,
0.001500,-0.003000,
0.000000,-0.005300,
-0.001500,-0.008300,
-0.005300,-0.004600,
-0.005300,-0.004600,
-0.004600,-0.001500,
-0.006000,0.000700,
-0.001500,0.003000,
-0.002300,0.007500,
-0.000800,0.004500,
0.000700,-0.000800,
0.000700,-0.001500,
0.000000,0.002200,
-0.002300,0.001500,
-0.002300,-0.003000,
-0.003800,-0.000800,
-0.003800,0.005200,
-0.001500,0.006000,
0.000700,0.003000,
0.001500,-0.000800,
0.001500,-0.001500,
0.001500,0.002200,
0.001500,0.004500,
0.000700,0.001500,
0.000700,-0.002300,
-0.001500,-0.005300,
-0.001500,-0.003000,
0.000000,0.001500,
0.000000,0.003000,
0.000700,-0.002300,
-0.001500,-0.009100,
-0.003000,-0.008300,
-0.001500,-0.000800,
0.000700,0.003000,
0.001500,0.004500,
0.000700,0.006700,
0.001500,0.006700,
0.000700,0.000700,
0.000700,-0.004600,
0.000700,-0.000800,
0.001500,0.000000,
0.002200,-0.002300,
-0.001500,0.005200,
-0.001500,0.009000,
-0.000800,0.001500,
-0.001500,-0.008300,
-0.002300,-0.014300,
-0.001500,-0.015000,
-0.004600,-0.009800,
-0.005300,-0.003000,
-0.005300,0.002200,
-0.003800,0.007500,
-0.000800,0.003700,
0.001500,0.005200,
0.007500,0.011200,
0.012000,0.013500,
0.011200,0.015700,
0.006700,0.014200,
0.004500,0.008200,
0.001500,0.008200,
0.000700,0.009700,
0.001500,0.006700,
0.001500,0.000700,
-0.001500,0.000700,
-0.002300,-0.003000,
-0.003000,-0.006800,
-0.003000,-0.009100,
-0.001500,-0.012000,
-0.001500,-0.013500,
-0.001500,-0.015800,
-0.001500,-0.021800,
-0.001500,-0.023300,
-0.006000,-0.012800,
-0.004600,-0.003800,
-0.003000,-0.000800,
-0.003000,0.000700,
0.000000,0.007500,
0.002200,0.008200,
0.000000,0.006700,
0.000700,0.003000,
0.004500,0.003000,
0.002200,0.006000,
0.000700,0.005200,
0.001500,0.001500,
-0.001500,0.001500,
-0.001500,0.003000,
-0.000800,0.000000,
0.000000,0.002200,
0.001500,0.005200,
0.004500,0.008200,
0.006000,0.009700,
0.006000,0.008200,
0.005200,0.005200,
0.001500,-0.000800,
-0.001500,-0.004600,
-0.005300,-0.005300,
-0.007500,-0.001500,
-0.006800,-0.000800,
-0.004600,0.000000,
-0.003000,0.000700,
-0.003000,-0.003000,
-0.000800,-0.006800,
0.000700,-0.009800,
0.003000,-0.010500,
0.000700,-0.006800,
-0.000800,-0.003000,
-0.000800,0.001500,
-0.005300,0.001500,
-0.006800,0.004500,
-0.005300,0.009000,
-0.004600,0.006700,
-0.001500,0.003700,
0.001500,0.001500,
0.003000,-0.000800,
0.000700,0.001500,
-0.001500,0.003700,
-0.000800,0.000700,
0.002200,0.003000,
0.000700,0.001500,
-0.000800,-0.000800,
-0.003000,-0.001500,
-0.002300,-0.005300,
-0.001500,-0.000800,
-0.001500,0.003000,
-0.000800,0.004500,
0.002200,0.003000,
0.003700,0.001500,
0.004500,0.004500,
0.005200,0.000700,
0.004500,-0.005300,
0.004500,-0.014300,
0.004500,-0.012000,
0.003000,-0.006800,
0.001500,-0.006800,
-0.000800,-0.003000,
-0.003000,-0.001500,
-0.001500,0.001500,
-0.001500,0.000700,
-0.003800,-0.000800,
-0.003800,0.005200,
-0.003000,0.006700,
-0.002300,0.005200,
-0.000800,0.003000,
0.000700,-0.000800,
0.003000,-0.001500,
0.002200,-0.001500,
0.004500,-0.004600,
0.005200,-0.006000,
0.004500,-0.005300,
0.005200,-0.003000,
0.004500,-0.001500,
0.002200,0.000700,
0.000700,0.010500,
-0.000800,0.014200,
0.000700,0.010500,
0.001500,0.005200,
-0.001500,0.005200,
-0.001500,-0.000800,
-0.000800,-0.006800,
0.000700,-0.006800,
0.000000,-0.010500,
-0.003000,-0.014300,
-0.001500,-0.014300,
0.000700,-0.014300,
-0.000800,-0.008300,
-0.003800,-0.001500,
-0.002300,0.001500,
-0.001500,0.009000,
0.000000,0.012000,
0.000700,0.014200,
0.001500,0.012000,
0.002200,0.006700,
0.000000,0.001500,
-0.000800,-0.004600,
0.001500,-0.001500,
0.002200,-0.003000,
0.001500,-0.003800,
0.003000,0.001500,
0.006700,0.005200,
0.008200,0.010500,
0.005200,0.009000,
0.003000,0.006700,
0.006700,0.005200,
0.007500,-0.000800,
0.006700,0.000000,
0.006700,0.005200,
0.004500,0.004500,
0.001500,0.003700,
-0.001500,0.002200,
-0.004600,0.002200,
-0.006800,-0.001500,
-0.006800,-0.000800,
-0.008300,-0.001500,
-0.008300,-0.005300,
-0.009100,-0.004600,
-0.009100,-0.004600,
-0.007500,0.000000,
-0.008300,0.003000,
-0.006800,0.003000,
-0.007500,0.000000,
-0.005300,-0.004600,
-0.003000,-0.004600,
-0.000800,-0.008300,
0.000700,-0.010500,
0.002200,-0.007500,
0.003700,-0.000800,
0.004500,0.000000,
0.005200,-0.003800,
0.006700,-0.004600,
0.006700,0.001500,
0.005200,0.003000,
0.004500,-0.001500,
0.002200,-0.001500,
0.001500,-0.002300,
0.004500,-0.001500,
0.003000,0.000000,
0.003000,-0.001500,
0.001500,-0.003800,
0.000700,-0.005300,
0.001500,-0.003800,
0.000700,0.003000,
0.000700,0.003000,
0.002200,-0.001500,
0.001500,0.000700,
-0.000800,0.003700,
-0.002300,0.005200,
-0.004600,0.006700,
-0.003800,0.007500,
-0.003000,0.006700,
-0.004600,0.004500,
-0.003000,0.001500,
-0.003000,0.000000,
0.000000,0.000700,
0.001500,0.000700,
0.000700,0.001500,
0.000700,0.000000,
0.001500,-0.002300,
0.001500,-0.000800,
-0.000800,0.000000,
-0.001500,-0.004600,
-0.003000,-0.011300,
-0.001500,-0.009100,
0.000700,-0.005300,
-0.001500,-0.002300,
-0.004600,0.000700,
-0.007500,-0.000800,
-0.003800,-0.001500,
-0.001500,0.000700,
-0.001500,0.004500,
0.005200,0.004500,
0.007500,0.001500,
0.005200,-0.000800,
0.004500,-0.000800,
0.003000,-0.006800,
0.001500,-0.010500,
-0.000800,-0.008300,
-0.005300,-0.005300,
-0.006000,0.000700,
-0.004600,0.002200,
-0.007500,0.002200,
-0.006800,0.003000,
-0.006800,0.003700,
-0.004600,0.001500,
-0.003800,0.000700,
-0.005300,0.004500,
-0.000800,0.007500,
0.002200,0.009000,
0.003000,0.005200,
0.004500,0.000000,
0.004500,0.001500,
0.006000,0.003700,
0.007500,0.001500,
0.005200,-0.003800,
0.002200,-0.000800,
0.001500,0.001500,
0.006000,0.003700,
0.007500,0.005200,
0.005200,0.004500,
0.006700,0.003000,
0.006700,0.000700,
0.003700,-0.003800,
0.000700,-0.010500,
-0.000800,-0.007500,
-0.000800,-0.004600,
-0.000800,-0.002300,
-0.000800,0.000000,
0.000700,0.000000,
0.000700,0.003700,
0.000700,0.005200,
-0.001500,0.003000,
-0.003000,-0.000800,
-0.001500,-0.003000,
-0.003800,-0.003000,
-0.004600,0.005200,
-0.004600,0.008200,
-0.001500,0.004500,
-0.000800,0.004500,
0.000700,0.001500,
0.000700,-0.000800,
0.001500,-0.000800,
0.003000,-0.003800,
0.003000,-0.003800,
0.000700,0.000000,
-0.001500,0.003000,
-0.001500,0.000700,
-0.003800,-0.001500,
-0.002300,0.000000,
-0.000800,0.005200,
-0.000800,0.009000,
-0.000800,0.006700,
-0.003000,0.001500,
-0.006000,-0.001500,
-0.008300,0.000000,
-0.007500,0.000000,
-0.006000,-0.004600,
-0.003000,-0.006800,
0.000000,-0.008300,
0.000700,-0.010500,
0.000700,-0.009100,
0.000000,-0.003000,
0.001500,0.004500,
-0.000800,0.003000,
-0.003000,-0.001500,
-0.003000,-0.004600,
-0.004600,-0.006800,
-0.003000,-0.006800,
-0.003000,-0.003000,
-0.001500,0.000000,
-0.000800,0.002200,
0.000000,0.003700,
0.001500,0.000700,
0.000700,0.000700,
0.002200,0.000700,
0.000700,0.003000,
0.000700,0.001500,
0.001500,-0.003000,
0.003000,-0.007500,
0.002200,-0.008300,
0.002200,-0.005300,
0.004500,-0.004600,
0.003000,-0.005300,
0.003000,-0.001500,
0.003000,0.006700,
0.004500,0.009000,
0.005200,0.006700,
0.003700,0.005200,
0.002200,0.008200,
0.000700,0.008200,
0.000700,0.006700,
0.000700,0.004500,
0.000700,0.003700,
0.000000,0.002200,
-0.000800,-0.001500,
0.000700,0.000700,
0.003000,0.002200,
0.003700,0.001500,
0.004500,0.001500,
0.002200,0.000700,
0.000000,0.001500,
0.001500,0.002200,
0.002200,0.001500,
0.000700,-0.001500,
-0.001500,-0.005300,
-0.002300,-0.004600,
-0.001500,-0.002300,
-0.002300,0.000000,
-0.003000,0.001500,
-0.004600,0.003000,
-0.006000,0.003700,
-0.006000,0.002200,
-0.006000,-0.000800,
-0.008300,0.000700,
-0.008300,0.001500,
-0.003800,0.003000,
0.000000,0.003700,
0.000000,0.000700,
-0.001500,0.000700,
-0.000800,0.000700,
0.003000,-0.002300,
0.004500,-0.003000,
0.003000,-0.003000,
-0.000800,-0.004600,
-0.000800,-0.004600,
-0.001500,0.000000,
-0.003800,0.003000,
0.000700,0.005200,
0.000700,0.001500,
0.000700,0.000000,
0.002200,0.000700,
0.004500,0.001500,
0.005200,0.002200,
0.003700,-0.001500,
0.004500,-0.002300,
0.001500,-0.006800,
0.001500,-0.009800,
0.002200,-0.006800,
0.004500,-0.005300,
0.002200,-0.000800,
-0.003000,-0.001500,
-0.003800,-0.002300,
-0.004600,0.000000,
-0.003000,-0.000800,
-0.003000,0.000000,
-0.001500,-0.000800,
-0.000800,0.000700,
0.000700,0.000700,
0.001500,0.002200,
0.003000,0.003700,
0.003700,0.001500,
0.001500,0.000700,
0.001500,0.001500,
0.003000,0.001500,
0.001500,0.001500,
0.002200,0.000700,
0.003700,0.001500,
0.001500,-0.000800,
0.003000,-0.002300,
0.003700,-0.001500,
0.001500,-0.003800,
-0.000800,-0.005300,
-0.002300,-0.004600,
-0.001500,-0.000800,
-0.001500,0.003000,
0.000000,0.008200,
0.000700,0.009700,
0.001500,0.008200,
0.003700,0.008200,
0.002200,0.005200,
0.000700,0.001500,
0.003000,-0.000800,
0.000700,-0.002300,
0.000000,-0.003000,
0.000700,-0.004600,
0.001500,-0.003000,
0.000700,-0.003000,
-0.002300,-0.003800,
-0.005300,-0.001500,
-0.008300,-0.001500,
-0.008300,-0.003000,
-0.006800,-0.002300,
-0.005300,-0.001500,
-0.003000,-0.002300,
-0.001500,-0.001500,
0.003000,-0.002300,
0.003000,-0.003000,
0.000000,-0.003800,
-0.001500,-0.004600,
-0.001500,-0.000800,
0.000000,0.001500,
-0.000800,0.000700,
-0.000800,0.003000,
0.000700,0.001500,
0.000700,0.002200,
0.001500,0.004500,
-0.001500,0.002200,
-0.001500,-0.000800,
0.000700,-0.001500,
0.001500,-0.004600,
0.003000,-0.005300,
0.004500,-0.003800,
0.005200,-0.003800,
0.008200,-0.000800,
0.007500,0.000000,
0.006700,0.000700,
0.006700,0.001500,
0.003700,0.002200,
0.003700,0.002200,
0.001500,0.003700,
0.001500,0.004500,
0.000000,0.002200,
-0.003000,0.000700,
-0.002300,-0.000800,
-0.000800,0.000000,
0.003000,0.000000,
0.003000,0.001500,
-0.000800,0.004500,
-0.003000,0.004500,
-0.001500,0.003700,
-0.003800,-0.001500,
-0.006800,-0.004600,
-0.007500,-0.004600,
-0.009100,-0.004600,
-0.007500,-0.004600,
-0.005300,-0.004600,
-0.005300,-0.003000,
-0.004600,-0.001500,
-0.004600,0.000000,
-0.002300,0.000700,
-0.003000,-0.000800,
-0.001500,-0.001500,
0.000700,-0.003000,
0.001500,0.000700,
0.003700,0.005200,
0.004500,0.008200,
0.003000,0.005200,
0.000700,0.003000,
0.001500,0.003000,
0.003000,0.004500,
0.003000,0.005200,
0.004500,0.003700,
0.006700,0.000700,
0.006700,0.000700,
0.004500,0.001500,
0.004500,0.000700,
0.003000,0.000700,
0.000700,-0.000800,
-0.000800,-0.001500,
-0.002300,-0.004600,
-0.001500,-0.004600,
-0.002300,-0.003000,
-0.003800,-0.003000,
-0.003000,0.000000,
-0.001500,0.000000,
-0.001500,-0.000800,
-0.005300,-0.001500,
-0.006000,-0.001500,
-0.003000,-0.001500,
0.000700,0.000700,
0.004500,0.000700,
0.000700,0.000000,
0.001500,0.000000,
0.001500,-0.001500,
-0.003000,-0.001500,
-0.001500,-0.000800,
-0.000800,0.003700,
0.002200,0.006000,
0.003700,0.008200,
0.002200,0.008200,
0.002200,0.006700,
0.000700,0.006700,
-0.000800,0.003000,
-0.001500,-0.000800,
-0.000800,-0.003800,
-0.002300,-0.004600,
-0.002300,-0.002300,
-0.001500,-0.002300,
-0.002300,-0.002300,
-0.000800,-0.003800,
-0.001500,-0.003000,
-0.001500,-0.003000,
-0.000800,-0.004600,
-0.003000,-0.003800,
-0.003000,-0.005300,
-0.003800,-0.002300,
-0.003800,0.000700,
-0.000800,0.002200,
0.000700,0.000700,
0.000700,-0.002300,
0.000700,-0.003000,
0.002200,-0.003000,
0.003000,-0.003000,
0.001500,-0.002300,
0.001500,-0.000800,
0.003700,0.001500,
0.002200,-0.001500,
0.000000,-0.003000,
0.000700,-0.000800,
0.000700,-0.000800,
-0.001500,-0.003000,
0.001500,-0.003000,
0.001500,-0.004600,
0.000000,-0.005300,
-0.000800,-0.003800,
-0.000800,0.000700,
-0.000800,0.004500,
0.000000,0.006700,
-0.001500,0.006700,
-0.003000,0.004500,
-0.003800,0.005200,
-0.000800,0.008200,
0.002200,0.006700,
0.006700,0.003700,
0.008200,0.004500,
0.005200,0.005200,
0.003700,0.002200,
0.001500,0.000000,
0.003000,0.000700,
0.001500,0.000000,
0.000700,0.000700,
0.000000,-0.001500,
-0.002300,-0.004600,
-0.003000,-0.006800,
-0.003000,-0.007500,
-0.000800,-0.005300,
0.002200,-0.004600,
0.000700,-0.003000,
-0.000800,-0.000800,
0.001500,-0.000800,
0.001500,0.000000,
0.003000,0.001500,
0.003000,0.003000,
0.000700,0.003700,
0.000700,0.004500,
0.000700,0.004500,
0.000700,0.002200,
-0.000800,-0.001500,
-0.000800,-0.002300,
0.000000,-0.000800,
-0.000800,0.000700,
0.000700,0.001500,
-0.001500,0.001500,
-0.002300,0.000700,
-0.001500,0.000000,
-0.003000,0.000000,
-0.003800,0.001500,
-0.004600,0.000700,
-0.008300,0.001500,
-0.012000,0.004500,
-0.010500,0.005200,
-0.006800,0.004500,
-0.005300,0.004500,
-0.000800,0.005200,
0.001500,0.003700,
0.003000,0.000700,
0.003000,-0.000800,
0.000000,-0.003800,
-0.001500,-0.005300,
0.000000,-0.004600,
0.001500,-0.002300,
0.001500,-0.003000,
0.003700,-0.003000,
0.004500,-0.002300,
0.002200,-0.000800,
0.004500,0.002200,
0.004500,0.003700,
0.002200,0.005200,
0.000000,0.004500,
0.000700,0.005200,
0.002200,0.004500,
0.000700,0.000700,
0.000700,-0.003000,
0.001500,-0.008300,
0.001500,-0.005300,
0.003000,-0.003800,
0.000700,-0.005300,
-0.003000,-0.004600,
-0.001500,-0.000800,
-0.000800,0.003000,
-0.001500,0.003700,
0.001500,0.003000,
0.000700,0.001500,
0.000000,0.000000,
-0.000800,-0.002300,
-0.000800,-0.004600,
0.000700,-0.006800,
0.000700,-0.008300,
0.001500,-0.006000,
0.004500,-0.003000,
0.001500,-0.002300,
-0.001500,-0.004600,
-0.002300,-0.003800,
-0.006800,-0.001500,
-0.007500,0.000000,
-0.006800,0.002200,
-0.005300,0.001500,
-0.001500,-0.000800,
-0.001500,0.000700,
-0.000800,0.001500,
0.001500,-0.000800,
0.005200,-0.000800,
0.004500,0.000000,
0.007500,-0.000800,
0.009000,0.000000,
0.006000,0.001500,
0.005200,-0.001500,
0.004500,-0.004600,
0.004500,-0.003000,
0.000700,-0.001500,
-0.003800,0.000000,
-0.003000,-0.000800,
-0.002300,-0.000800,
0.000700,0.000700,
0.001500,0.003000,
0.000700,0.005200,
0.001500,0.004500,
0.003000,0.006000,
0.000700,0.006700,
0.000700,0.003700,
-0.000800,0.003000,
-0.000800,0.005200,
0.000000,0.006000,
-0.002300,0.006700,
-0.001500,0.003700,
-0.004600,0.000700,
-0.006000,-0.000800,
-0.004600,-0.003000,
-0.000800,-0.002300,
0.000700,-0.003000,
0.000000,-0.003000,
0.000000,-0.003800,
-0.000800,-0.001500,
-0.002300,-0.003000,
-0.001500,-0.008300,
-0.003800,-0.008300,
-0.003800,-0.006000,
-0.002300,-0.005300,
-0.003000,-0.004600,
-0.000800,-0.001500,
0.000000,0.002200,
0.001500,0.008200,
0.001500,0.009700,
0.000700,0.009000,
0.000700,0.009000,
-0.001500,0.007500,
-0.000800,0.008200,
-0.003000,0.006700,
-0.003000,0.003700,
-0.001500,0.001500,
0.000700,-0.003000,
0.003700,-0.006000,
0.001500,-0.004600,
0.004500,-0.002300,
0.006000,-0.004600,
0.006000,-0.006800,
0.005200,-0.009800,
0.000700,-0.008300,
-0.000800,-0.004600,
-0.003000,0.001500,
-0.005300,0.003000,
-0.004600,0.001500,
-0.002300,0.003700,
-0.005300,0.004500,
-0.005300,0.003000,
-0.003800,0.000700,
-0.000800,0.002200,
0.001500,0.001500,
0.001500,0.001500,
0.005200,0.002200,
0.010500,0.003000,
0.009700,0.006700,
0.007500,0.006700,
0.008200,0.004500,
0.005200,0.004500,
0.001500,0.002200,
0.000000,0.000700,
0.000700,-0.000800,
0.001500,-0.000800,
0.003000,-0.001500,
0.003000,-0.000800,
0.003000,-0.000800,
0.003700,-0.002300,
0.003000,-0.004600,
0.003000,-0.006000,
0.000700,-0.005300,
-0.002300,-0.005300,
-0.001500,-0.003000,
-0.003000,-0.002300,
-0.004600,0.000700,
-0.004600,0.001500,
-0.003800,0.000000,
-0.003800,-0.000800,
-0.002300,-0.001500,
-0.003000,0.001500,
-0.003000,0.003700,
-0.003800,0.005200,
-0.006000,0.005200,
-0.004600,0.004500,
-0.006000,0.004500,
-0.004600,0.003000,
-0.003000,0.004500,
-0.002300,0.003700,
-0.000800,0.003000,
-0.000800,0.002200,
-0.000800,0.001500,
-0.000800,0.000000,
-0.001500,0.000700,
-0.003000,-0.000800,
-0.003000,-0.001500,
-0.003800,-0.002300,
-0.001500,-0.003000,
-0.000800,-0.003000,
0.001500,-0.006800,
0.003700,-0.007500,
0.003700,-0.006800,
0.004500,-0.004600,
0.003700,-0.005300,
0.003000,-0.004600,
0.002200,-0.004600,
0.000700,-0.004600,
-0.000800,0.000700,
0.001500,0.002200,
0.003000,0.003000,
0.003700,0.001500,
0.003000,0.001500,
0.003700,0.001500,
0.004500,0.001500,
0.004500,0.000700,
0.005200,-0.001500,
0.004500,-0.000800,
0.003700,-0.001500,
0.003000,-0.002300,
0.003000,-0.002300,
0.003000,-0.000800,
0.000000,0.001500,
-0.001500,0.003000,
-0.003000,0.003000,
-0.005300,0.000700,
-0.005300,0.000000,
-0.003800,-0.001500,
0.000700,-0.004600,
0.001500,-0.004600,
0.003000,-0.005300,
0.003700,-0.006000,
0.003000,-0.001500,
0.000700,-0.003000,
-0.001500,-0.002300,
-0.002300,0.001500,
-0.002300,0.003000,
-0.004600,0.003000,
-0.005300,0.000700,
-0.003000,0.000700,
-0.001500,0.003000,
0.000000,0.003700,
0.001500,0.003000,
0.000000,0.001500,
0.000000,0.002200,
0.000000,0.003000,
0.000700,0.003000,
0.001500,0.000700,
0.003000,0.001500,
0.003000,0.003000,
0.003000,0.005200,
0.003000,0.004500,
0.001500,0.002200,
0.001500,0.002200,
0.000700,0.000700,
-0.001500,0.002200,
-0.003000,0.003000,
-0.005300,-0.001500,
-0.008300,-0.004600,
-0.006800,-0.004600,
-0.004600,-0.006000,
-0.003000,-0.003000,
-0.000800,-0.000800,
-0.000800,-0.000800,
-0.000800,-0.001500,
-0.000800,-0.001500,
0.001500,-0.000800,
0.001500,-0.002300,
0.000000,-0.003000,
0.000000,-0.003000,
-0.000800,-0.003000,
0.003000,-0.001500,
0.002200,-0.003000,
0.000700,-0.003000,
-0.000800,-0.001500,
-0.000800,0.003000,
-0.001500,0.003000,
-0.003000,0.001500,
-0.003000,0.002200,
-0.001500,0.003000,
-0.001500,0.001500,
-0.003000,0.001500,
-0.002300,0.000700,
-0.003800,0.001500,
-0.002300,0.001500,
-0.001500,0.004500,
0.000000,0.003700,
0.000700,0.001500,
0.000700,0.001500,
0.001500,0.000700,
0.000700,0.002200,
0.000700,0.002200,
-0.000800,0.001500,
0.000700,0.003000,
0.003000,0.003000,
0.001500,0.002200,
0.000700,0.002200,
0.000700,0.000000,
-0.000800,-0.000800,
-0.001500,-0.001500,
0.001500,-0.005300,
0.001500,-0.005300,
0.003700,-0.006800,
0.006000,-0.006800,
0.005200,-0.007500,
0.008200,-0.006000,
0.009700,-0.003800,
0.006700,-0.001500,
0.003700,-0.001500,
0.001500,-0.001500,
0.000700,-0.000800,
0.000700,-0.000800,
-0.003000,0.001500,
-0.004600,0.003000,
-0.003000,0.004500,
-0.004600,0.007500,
-0.005300,0.004500,
-0.007500,0.001500,
-0.006800,0.000700,
-0.005300,-0.000800,
-0.003800,-0.000800,
-0.003000,0.000000,
-0.003000,0.000000,
-0.003000,-0.003000,
-0.003000,-0.004600,
-0.003000,-0.003000,
-0.001500,-0.000800,
-0.003000,-0.000800,
-0.001500,0.001500,
0.000000,0.001500,
0.000000,0.001500,
0.000700,0.002200,
0.004500,0.003000,
0.005200,0.000700,
0.005200,-0.002300,
0.006700,-0.001500,
0.004500,-0.001500,
0.004500,-0.003000,
0.003000,-0.001500,
0.003000,0.002200,
0.001500,0.004500,
0.001500,0.005200,
0.003000,0.004500,
0.001500,0.005200,
0.000700,0.005200,
0.000700,0.003700,
0.001500,0.000700,
0.000700,-0.001500,
0.000000,-0.002300,
-0.001500,0.000000,
-0.001500,0.003000,
-0.000800,0.001500,
0.000000,-0.000800,
-0.004600,-0.002300,
-0.004600,-0.005300,
-0.003000,-0.004600,
-0.003000,-0.004600,
0.000700,-0.004600,
-0.000800,-0.003800,
-0.004600,-0.004600,
-0.005300,-0.003000,
-0.005300,-0.001500,
-0.003000,-0.002300,
-0.000800,-0.000800,
0.000000,-0.001500,
-0.000800,0.000000,
-0.001500,0.001500,
-0.003000,0.000700,
-0.000800,0.002200,
0.001500,0.003000,
0.000000,0.003000,
0.000700,0.002200,
0.000000,0.000700,
-0.000800,0.000700,
0.000000,-0.001500,
0.000700,-0.000800,
0.004500,0.000000,
0.004500,-0.000800,
0.003000,-0.000800,
0.001500,-0.001500,
-0.001500,-0.001500,
-0.003000,-0.001500,
-0.001500,0.000700,
0.000700,0.000700,
-0.000800,0.000000,
-0.002300,0.002200,
-0.003000,0.004500,
-0.002300,0.004500,
-0.001500,0.003000,
-0.000800,-0.000800,
-0.000800,-0.000800,
-0.000800,0.000700,
0.000700,-0.000800,
0.002200,-0.000800,
0.003000,0.000000,
0.002200,-0.000800,
0.000700,0.001500,
0.003000,0.003000,
0.003700,0.003000,
0.003000,0.003000,
0.006700,0.003700,
0.004500,0.004500,
0.000000,0.003000,
-0.001500,0.001500,
-0.003000,-0.000800,
-0.002300,-0.000800,
-0.001500,0.000700,
-0.001500,-0.000800,
0.001500,-0.001500,
0.002200,-0.003000,
0.003000,-0.005300,
0.005200,-0.004600,
0.005200,-0.001500,
0.005200,-0.001500,
0.004500,-0.001500,
0.003000,-0.000800,
0.004500,-0.000800,
0.001500,0.001500,
0.000700,0.002200,
0.003000,0.001500,
0.003000,0.000700,
0.001500,0.001500,
-0.000800,0.001500,
-0.000800,0.000700,
-0.001500,0.003000,
-0.003000,0.003000,
-0.001500,0.000700,
-0.001500,-0.003000,
0.000700,-0.006000,
0.003000,-0.003800,
0.002200,-0.000800,
0.000700,0.000000,
0.000000,0.001500,
-0.001500,-0.001500,
-0.003000,-0.001500,
0.000700,-0.002300,
-0.003000,-0.003800,
-0.005300,-0.003000,
-0.004600,-0.001500,
-0.003800,0.001500,
-0.002300,0.001500,
-0.003000,0.003000,
-0.003800,0.001500,
-0.001500,0.000700,
0.003000,0.002200,
0.005200,0.001500,
0.005200,0.002200,
0.003700,0.000700,
0.003000,0.001500,
0.001500,-0.000800,
0.003000,-0.005300,
0.000700,-0.006000,
-0.000800,-0.005300,
-0.002300,-0.003000,
-0.005300,-0.000800,
-0.004600,0.000700,
-0.007500,0.001500,
-0.008300,0.001500,
-0.009100,0.000000,
-0.006800,0.000700,
-0.005300,0.000700,
-0.005300,-0.000800,
-0.003000,-0.001500,
-0.000800,-0.001500,
0.000000,-0.001500,
0.000700,-0.000800,
0.000000,0.000000,
0.000700,0.000700,
0.004500,0.002200,
0.004500,0.003000,
0.003700,0.001500,
0.009000,0.000700,
0.010500,0.000700,
0.007500,0.000000,
0.009700,0.000700,
0.009700,0.001500,
0.007500,0.003000,
0.006700,0.003000,
0.003700,0.001500,
0.003000,0.001500,
0.003000,0.001500,
-0.001500,0.003000,
-0.006800,0.003700,
-0.008300,0.003000,
-0.007500,0.005200,
-0.009100,0.004500,
-0.009100,0.003700,
-0.004600,0.004500,
-0.003800,0.001500,
-0.004600,0.000700,
-0.003000,0.000000,
-0.003800,-0.001500,
-0.001500,-0.002300,
0.001500,-0.005300,
0.002200,-0.004600,
0.001500,-0.003000,
0.000000,-0.004600,
0.001500,-0.003800,
0.001500,-0.000800,
0.003000,0.000700,
0.005200,0.000000,
0.005200,-0.000800,
0.005200,-0.001500,
0.005200,-0.003000,
0.008200,-0.004600,
0.008200,-0.002300,
0.004500,-0.000800,
0.000700,-0.000800,
-0.000800,0.000000,
-0.001500,0.001500,
-0.003000,0.003000,
-0.003000,0.000700,
-0.003800,-0.000800,
-0.005300,0.000700,
-0.004600,0.001500,
-0.004600,0.000700,
-0.002300,-0.001500,
-0.001500,-0.002300,
-0.003000,-0.002300,
-0.002300,-0.001500,
-0.000800,-0.000800,
0.002200,0.000000,
0.001500,0.002200,
0.003700,0.002200,
0.004500,0.002200,
0.004500,0.002200,
0.006000,0.003700,
0.007500,0.003000,
0.002200,0.003700,
-0.000800,0.003000,
-0.000800,0.000700,
-0.001500,0.000700,
-0.003000,0.000700,
-0.004600,-0.000800,
-0.004600,-0.001500,
-0.004600,-0.001500,
-0.003800,-0.003800,
-0.003000,-0.001500,
-0.003000,-0.003000,
-0.004600,-0.002300,
-0.005300,-0.001500,
-0.001500,-0.000800,
0.000700,0.000700,
0.000700,0.000000,
0.000000,-0.000800,
0.001500,0.001500,
0.001500,0.001500,
0.000700,0.000700,
0.000700,-0.000800,
0.002200,-0.000800,
0.004500,0.001500,
0.003700,0.001500,
0.000700,0.002200,
0.000000,0.003000,
0.001500,0.002200,
0.000000,0.000700,
-0.000800,0.000700,
-0.000800,0.000700,
0.000700,-0.000800,
0.001500,-0.001500,
0.002200,-0.002300,
0.005200,-0.003000,
0.005200,-0.001500,
0.004500,-0.002300,
0.001500,-0.004600,
-0.000800,-0.003000,
-0.001500,-0.003800,
-0.003000,-0.002300,
-0.003000,-0.001500,
-0.003800,-0.003000,
-0.004600,-0.001500,
-0.005300,0.000700,
-0.002300,0.003000,
-0.001500,0.004500,
0.000700,0.005200,
-0.000800,0.005200,
-0.002300,0.005200,
-0.000800,0.006000,
-0.001500,0.004500,
0.001500,0.003700,
0.003700,0.000000,
0.005200,-0.000800,
0.003700,0.001500,
-0.001500,0.000000,
-0.003800,0.001500,
-0.003800,0.001500,
-0.004600,-0.000800,
-0.003800,-0.001500,
-0.001500,-0.001500,
0.002200,-0.000800,
0.003000,-0.001500,
0.001500,-0.001500,
0.000700,-0.001500,
-0.000800,-0.003000,
0.000700,-0.004600,
0.001500,-0.003800,
-0.000800,-0.003000,
-0.000800,-0.003000,
0.002200,-0.005300,
0.001500,-0.004600,
-0.004600,-0.004600,
-0.004600,-0.003800,
-0.003800,-0.003000,
-0.005300,-0.003000,
-0.002300,-0.001500,
-0.003000,-0.002300,
-0.004600,0.000000,
-0.000800,0.001500,
0.000700,0.000000,
0.004500,0.000000,
0.002200,0.003000,
0.000700,0.001500,
-0.000800,-0.000800,
-0.003000,0.000700,
-0.004600,0.001500,
-0.003800,0.001500,
-0.001500,0.001500,
0.000700,0.000700,
0.002200,0.000700,
0.003700,-0.000800,
0.003000,0.000700,
0.001500,-0.000800,
0.000000,0.001500,
0.000000,0.003700,
0.000000,0.003700,
-0.001500,0.004500,
-0.003000,0.003700,
-0.001500,0.002200,
-0.000800,-0.001500,
-0.000800,-0.003000,
0.000700,-0.003000,
0.000700,-0.001500,
0.001500,0.000700,
0.000000,0.000700,
0.001500,0.005200,
0.006000,0.003000,
0.006700,0.001500,
0.004500,0.001500,
0.001500,-0.000800,
0.001500,0.003000,
0.002200,0.003000,
0.003000,0.004500,
0.000700,0.004500,
-0.000800,0.001500,
-0.000800,0.003000,
-0.003000,0.004500,
-0.001500,0.004500,
-0.001500,0.003000,
-0.001500,0.000700,
-0.003000,-0.001500,
-0.003800,-0.001500,
-0.001500,-0.002300,
-0.000800,-0.001500,
0.000000,-0.002300,
0.001500,-0.003000,
0.003000,-0.004600,
0.003000,-0.004600,
0.002200,-0.000800,
0.003000,-0.002300,
0.004500,-0.000800,
0.005200,0.000000,
0.006700,0.001500,
0.002200,0.000700,
0.001500,-0.000800,
0.004500,-0.000800,
0.001500,-0.003000,
0.000700,-0.003800,
-0.000800,-0.003000,
-0.001500,-0.003000,
-0.005300,-0.003800,
-0.009100,-0.004600,
-0.008300,-0.003000,
-0.008300,-0.001500,
-0.007500,-0.001500,
-0.007500,-0.000800,
-0.006000,0.003000,
-0.003000,0.003700,
-0.003800,0.005200,
-0.004600,0.005200,
0.000000,0.006700,
0.006000,0.004500,
0.006700,0.001500,
0.004500,0.001500,
0.006000,0.000700,
0.005200,0.001500,
0.004500,0.000000,
0.002200,0.000700,
-0.001500,-0.000800,
-0.001500,-0.001500,
-0.001500,-0.000800,
0.001500,-0.001500,
0.004500,-0.001500,
0.001500,-0.001500,
0.004500,-0.001500,
0.005200,-0.003000,
0.003000,-0.001500,
0.004500,-0.000800,
0.000700,0.000000,
-0.000800,0.001500,
0.001500,-0.000800,
0.002200,-0.003000,
0.004500,-0.003000,
0.005200,-0.003000,
0.003000,-0.004600,
0.000700,-0.005300,
-0.001500,-0.004600,
-0.002300,-0.004600,
-0.003000,-0.004600,
-0.001500,-0.003800,
-0.001500,-0.000800,
-0.004600,0.000000,
-0.005300,-0.000800,
-0.007500,0.001500,
-0.006800,0.003000,
-0.005300,0.004500,
-0.005300,0.003000,
-0.001500,0.001500,
0.000000,0.002200,
0.000000,0.001500,
-0.000800,0.001500,
0.000000,0.003700,
0.000000,0.003000,
0.002200,0.003000,
0.005200,0.004500,
0.004500,0.002200,
0.005200,0.002200,
0.004500,0.000000,
0.002200,0.000000,
0.000700,-0.000800,
0.000700,-0.001500,
0.001500,-0.003000,
0.001500,-0.005300,
0.001500,-0.005300,
0.000000,-0.008300,
-0.000800,-0.004600,
-0.000800,-0.003800,
0.000000,-0.002300,
0.000700,-0.000800,
-0.001500,-0.001500,
-0.003000,-0.001500,
-0.003000,0.000700,
-0.004600,0.003000,
-0.002300,0.001500,
-0.000800,0.003000,
-0.003000,0.005200,
-0.001500,0.004500,
-0.000800,0.005200,
-0.002300,0.004500,
-0.001500,0.001500,
0.000000,0.001500,
0.000700,0.003000,
0.001500,0.002200,
0.001500,0.000700,
0.003000,-0.000800,
0.003000,-0.000800,
0.002200,-0.000800,
0.004500,-0.001500,
0.004500,-0.001500,
0.004500,0.000700,
0.000700,0.000700,
-0.003000,0.000700,
-0.003800,0.003000,
-0.001500,0.001500,
0.000000,0.000700,
0.000700,0.000000,
-0.003000,-0.000800,
-0.005300,-0.001500,
-0.003000,0.002200,
-0.001500,0.001500,
-0.001500,-0.000800,
-0.005300,0.000700,
-0.001500,0.003000,
0.000700,0.003000,
0.000700,0.001500,
0.002200,0.001500,
0.003000,0.003000,
0.000700,0.000700,
-0.001500,0.000700,
0.000700,0.000700,
0.001500,-0.001500,
0.000700,-0.001500,
0.001500,-0.001500,
0.003000,-0.001500,
0.003000,-0.003000,
-0.000800,-0.003000,
0.000000,-0.003000,
-0.001500,-0.004600,
-0.003000,-0.003000,
-0.004600,-0.000800,
-0.009100,-0.000800,
-0.009800,-0.002300,
-0.008300,0.000700,
-0.006000,0.001500,
-0.003000,0.002200,
-0.000800,0.003000,
0.004500,0.000700,
0.007500,0.001500,
0.009000,0.000700,
0.015700,0.000700,
0.018000,0.002200,
0.014200,0.002200,
0.005200,0.000700,
0.000700,0.001500,
0.001500,0.003700,
-0.000800,0.003000,
-0.003800,0.000700,
-0.003800,-0.001500,
-0.003000,-0.000800,
-0.005300,0.000700,
-0.003000,0.000000,
-0.004600,-0.000800,
-0.004600,-0.003000,
-0.003000,-0.006000,
-0.003000,-0.005300,
-0.003000,-0.005300,
-0.003000,-0.003000,
0.000700,-0.000800,
-0.000800,-0.001500,
-0.001500,0.000000,
-0.002300,0.000000,
0.000700,-0.000800,
0.001500,0.001500,
-0.001500,0.000000,
-0.001500,-0.000800,
-0.003000,0.000700,
-0.003000,0.003000,
-0.002300,0.001500,
-0.003000,0.000000,
-0.006800,0.000700,
-0.008300,-0.000800,
-0.003000,-0.000800,
0.000000,-0.000800,
0.003000,0.000700,
0.004500,0.001500,
0.006000,0.003000,
0.006700,0.001500,
0.004500,-0.001500,
0.001500,-0.003000,
0.003000,-0.003000,
0.005200,-0.002300,
-0.001500,0.000000,
-0.006800,0.000000,
-0.006800,-0.003000,
-0.004600,-0.001500,
0.002200,0.000000,
0.009700,0.001500,
0.014200,0.003000,
0.019500,0.002200,
0.026200,0.000700,
0.022500,0.000700,
0.014200,0.002200,
0.011200,0.000700,
0.002200,0.000700,
0.000700,0.000700,
0.001500,0.000700,
0.000700,0.000700,
-0.003000,-0.003000,
-0.006000,-0.004600,
-0.006800,-0.004600,
-0.006800,-0.005300,
-0.005300,-0.003800,
-0.009800,-0.004600,
-0.012000,-0.002300,
-0.010500,0.000000,
-0.008300,0.000700,
-0.006800,0.003000,
-0.006000,0.003700,
-0.003800,0.002200,
-0.006800,0.003000,
-0.014300,0.000000,
-0.016500,-0.003000,
-0.012800,-0.000800,
-0.011300,-0.000800,
-0.010500,-0.000800,
-0.012000,-0.000800,
-0.015800,0.000700,
-0.014300,0.003000,
-0.003000,0.003000,
0.009700,0.003700,
0.010500,0.004500,
0.006700,0.003700,
0.003000,0.002200,
0.015000,0.000700,
0.029200,0.003000,
0.029200,0.000700,
0.030700,0.000700,
0.029200,0.001500,
0.016500,0.001500,
0.004500,0.003000,
0.003000,0.003000,
0.005200,0.001500,
0.007500,0.001500,
0.003000,0.000700,
-0.002300,0.002200,
-0.006800,0.000700,
-0.009800,-0.000800,
-0.010500,0.000000,
-0.012000,0.000000,
-0.012000,-0.001500,
-0.012800,-0.001500,
-0.015000,-0.000800,
-0.018100,-0.003000,
-0.016500,-0.003800,
-0.015000,-0.003800,
-0.014300,-0.002300,
-0.009800,0.000700,
-0.003000,0.000700,
0.004500,0.000000,
0.012000,-0.001500,
0.014200,0.000000,
0.015700,0.000000,
0.012700,-0.000800,
0.004500,-0.000800,
0.001500,0.000000,
-0.001500,-0.000800,
-0.002300,-0.001500,
0.001500,-0.002300,
0.001500,0.000000,
-0.001500,0.001500,
-0.001500,0.000000,
0.001500,0.000700,
0.000700,0.002200,
-0.004600,0.000700,
-0.007500,-0.000800,
-0.005300,0.000000,
-0.002300,0.000700,
-0.002300,0.001500,
-0.001500,0.000000,
0.000700,0.000700,
0.001500,0.000700,
0.000700,0.000000,
0.003000,0.001500,
0.006700,0.000000,
0.006700,0.000700,
0.007500,-0.001500,
0.006700,-0.001500,
0.006700,0.000700,
0.006000,-0.001500,
0.005200,-0.000800,
0.006000,-0.000800,
0.005200,-0.000800,
0.001500,0.000700,
-0.001500,0.002200,
-0.005300,0.003000,
-0.003000,0.001500,
-0.003000,-0.000800,
-0.006800,-0.004600,
-0.012000,-0.003000,
-0.011300,-0.001500,
-0.010500,-0.001500,
-0.011300,-0.001500,
-0.008300,-0.002300,
-0.006800,-0.001500,
-0.002300,-0.001500,
0.005200,-0.001500,
0.008200,-0.003000,
0.006700,-0.003000,
0.009700,-0.001500,
0.012000,-0.002300,
0.011200,-0.004600,
0.013500,-0.003000,
0.013500,-0.003000,
0.014200,-0.000800,
0.009700,0.000000,
0.004500,0.000700,
0.003000,0.000700,
-0.000800,0.000700,
-0.006000,0.002200,
-0.009800,0.003000,
-0.006800,0.002200,
-0.002300,0.001500,
-0.003000,0.001500,
-0.000800,0.001500,
0.006700,0.001500,
0.006000,0.000700,
0.004500,0.002200,
0.001500,0.001500,
-0.002300,0.000700,
-0.010500,0.000700,
-0.019500,-0.000800,
-0.020300,0.000700,
-0.015800,0.000000,
-0.012800,0.000000,
-0.009800,0.002200,
-0.004600,0.001500,
-0.003800,0.004500,
0.001500,0.005200,
0.013500,0.006700,
0.016500,0.004500,
0.009000,0.001500,
-0.000800,-0.000800,
-0.002300,0.000700,
0.000700,-0.001500,
0.006700,-0.002300,
0.010500,-0.001500,
0.003700,-0.005300,
0.000700,-0.004600,
-0.002300,-0.001500,
-0.004600,-0.001500,
-0.005300,-0.001500,
-0.001500,-0.000800,
0.000700,-0.000800,
0.000700,-0.000800,
0.003700,0.000000,
0.007500,-0.003000,
0.012000,-0.003000,
0.015700,-0.002300,
0.008200,-0.001500,
-0.004600,-0.001500,
-0.002300,-0.005300,
-0.001500,-0.001500,
-0.006000,0.002200,
-0.008300,0.001500,
-0.010500,0.002200,
-0.008300,0.001500,
-0.004600,0.002200,
-0.002300,0.000700,
0.000000,0.000700,
0.000700,0.000000,
-0.000800,-0.001500,
-0.003800,-0.000800,
-0.006800,-0.000800,
-0.003000,-0.000800,
-0.003000,-0.001500,
-0.006800,-0.003000,
-0.005300,-0.000800,
0.000000,0.000000,
0.007500,0.000700,
0.010500,0.002200,
0.010500,0.003000,
0.011200,0.003000,
0.011200,0.003000,
0.009700,0.004500,
0.004500,0.003000,
-0.000800,0.004500,
-0.006800,0.004500,
-0.009100,0.001500,
-0.011300,0.000700,
-0.013500,0.001500,
-0.012000,-0.001500,
-0.007500,-0.001500,
-0.004600,-0.001500,
0.004500,-0.003000,
0.012700,-0.002300,
0.008200,-0.004600,
0.005200,-0.003800,
0.000700,-0.003000,
-0.005300,-0.000800,
0.001500,0.000700,
0.000700,0.000700,
-0.000800,0.000700,
0.006700,0.001500,
0.003000,0.002200,
0.000000,0.003000,
0.016500,0.004500,
0.027700,0.001500,
0.018700,-0.000800,
0.003000,0.000000,
-0.002300,0.000000,
-0.007500,-0.000800,
-0.005300,0.002200,
0.000700,0.003700,
-0.003000,0.003000,
-0.011300,0.003700,
-0.014300,0.001500,
-0.005300,0.003000,
-0.006800,0.003000,
-0.008300,0.001500,
-0.008300,0.000000,
-0.008300,-0.000800,
0.002200,0.001500,
0.008200,-0.000800,
0.005200,-0.001500,
0.001500,-0.000800,
0.006000,-0.000800,
0.012000,0.000700,
0.013500,-0.000800,
0.008200,0.000700,
0.002200,0.000000,
-0.000800,-0.001500,
-0.003800,-0.001500,
-0.004600,-0.001500,
-0.005300,-0.001500,
-0.004600,-0.003000,
-0.003800,-0.002300,
-0.004600,-0.001500,
-0.004600,-0.000800,
-0.002300,-0.000800,
0.000700,-0.001500,
0.000700,0.001500,
0.000000,0.003000,
-0.000800,0.002200,
0.000700,0.000700,
0.002200,0.002200,
0.000700,0.001500,
-0.000800,-0.000800,
0.006000,-0.001500,
0.009700,-0.000800,
0.006700,-0.001500,
0.006000,-0.003800,
0.003000,-0.000800,
0.001500,0.002200,
0.002200,0.001500,
0.004500,0.003000,
0.006700,0.003000,
0.004500,0.001500,
-0.008300,0.003000,
-0.015800,0.005200,
-0.020300,0.003700,
-0.018800,0.004500,
-0.012800,0.006700,
-0.010500,0.006000,
-0.003000,0.003000,
0.007500,0.000000,
0.011200,-0.001500,
0.009000,-0.003000,
0.005200,-0.004600,
0.003700,-0.005300,
0.009000,-0.004600,
0.009000,-0.003000,
0.008200,-0.004600,
0.005200,-0.006800,
-0.005300,-0.006800,
-0.015000,-0.003000,
-0.022500,-0.001500,
-0.018800,-0.004600,
-0.012800,-0.003000,
-0.001500,-0.000800,
0.009700,-0.000800,
0.012000,0.001500,
0.010500,-0.000800,
0.000700,-0.000800,
-0.010500,0.001500,
-0.015800,0.000700,
-0.012000,0.001500,
-0.003000,0.000000,
0.007500,-0.000800,
0.003700,0.002200,
0.005200,0.006000,
0.017200,0.005200,
0.015700,0.000700,
0.003000,-0.000800,
-0.004600,-0.000800,
-0.003800,-0.001500,
-0.002300,-0.003000,
0.001500,-0.003800,
0.002200,-0.005300,
0.006000,-0.005300,
0.009700,-0.003800,
0.001500,0.000000,
-0.001500,0.002200,
-0.001500,0.000700,
-0.000800,0.000700,
0.010500,0.000000,
0.015000,-0.001500,
0.005200,-0.005300,
-0.000800,-0.006800,
-0.005300,-0.005300,
-0.012000,-0.004600,
-0.015800,-0.003000,
-0.014300,-0.002300,
-0.006800,0.000700,
0.001500,0.003000,
0.008200,0.003000,
0.009000,0.003000,
0.010500,-0.000800,
0.015000,-0.004600,
0.009000,-0.003000,
0.003700,-0.001500,
0.006700,0.000000,
-0.003000,0.000700,
-0.007500,0.000700,
-0.005300,0.000700,
-0.006800,0.001500,
-0.005300,0.002200,
-0.005300,0.003000,
-0.003000,0.003000,
-0.003000,0.003000,
-0.002300,0.003000,
0.000700,0.003000,
-0.001500,0.002200,
-0.006800,0.001500,
-0.007500,0.000700,
-0.009800,0.000700,
-0.012800,0.000700,
-0.012000,0.000700,
-0.010500,0.003000,
-0.009100,0.004500,
-0.007500,0.005200,
0.000700,0.003000,
0.003000,0.002200,
-0.000800,0.001500,
-0.009800,-0.000800,
-0.013500,-0.001500,
-0.000800,-0.000800,
0.014200,-0.001500,
0.018000,-0.003800,
0.007500,-0.003000,
0.005200,0.002200,
0.014200,0.003000,
0.008200,0.000700,
-0.003000,0.000700,
-0.009100,-0.001500,
-0.006800,-0.003800,
0.004500,0.000000,
0.013500,0.004500,
0.012000,0.006700,
0.009700,0.009000,
0.003700,0.006700,
-0.012800,0.002200,
-0.015000,0.001500,
-0.012000,0.000700,
-0.015800,-0.000800,
-0.012800,-0.001500,
-0.006000,-0.005300,
0.010500,-0.006800,
0.028500,-0.006000,
0.030700,-0.005300,
0.017200,-0.002300,
0.001500,-0.000800,
0.000700,-0.000800,
0.004500,-0.001500,
0.001500,-0.000800,
-0.004600,0.000700,
-0.005300,0.000700,
0.003000,0.002200,
0.008200,0.000000,
-0.001500,-0.002300,
-0.004600,-0.000800,
-0.000800,-0.000800,
0.006700,-0.000800,
0.015000,-0.000800,
0.004500,-0.003000,
-0.006800,-0.004600,
-0.009800,-0.001500,
-0.005300,-0.000800,
-0.001500,0.000000,
-0.003800,0.000700,
-0.002300,-0.003000,
0.002200,-0.001500,
0.004500,-0.000800,
0.001500,-0.000800,
0.001500,-0.003000,
0.000700,-0.001500,
-0.000800,0.002200,
-0.003000,0.001500,
-0.004600,0.001500,
-0.011300,0.003000,
-0.016500,0.002200,
-0.017300,-0.001500,
-0.014300,-0.000800,
-0.006000,-0.001500,
0.000700,0.001500,
0.005200,-0.000800,
0.004500,-0.005300,
0.007500,-0.000800,
0.014200,0.001500,
0.006700,0.000700,
-0.003000,-0.003000,
-0.004600,-0.003000,
0.001500,-0.001500,
0.009700,-0.001500,
0.005200,-0.001500,
-0.001500,0.000700,
-0.005300,0.004500,
-0.009100,0.004500,
-0.012000,0.003700,
-0.015800,0.006000,
-0.015000,0.004500,
-0.012000,0.000700,
-0.004600,0.003000,
0.008200,0.003700,
0.023200,0.003700,
0.033000,0.005200,
0.027000,0.003000,
0.009000,0.003000,
0.000000,0.003000,
-0.003800,0.000000,
-0.006800,-0.001500,
-0.008300,-0.001500,
-0.010500,-0.002300,
-0.008300,-0.003000,
0.004500,-0.003000,
0.014200,-0.001500,
0.010500,-0.003000,
0.005200,0.000000,
0.012000,0.003000,
0.020200,0.001500,
0.009700,0.000700,
-0.003800,-0.000800,
-0.004600,-0.001500,
-0.005300,-0.003000,
-0.006800,-0.003000,
-0.018100,-0.000800,
-0.019500,-0.000800,
-0.013500,-0.000800,
-0.012000,0.001500,
-0.014300,0.002200,
-0.015800,-0.000800,
-0.010500,-0.001500,
-0.006800,-0.005300,
0.000000,-0.010500,
0.005200,-0.008300,
0.008200,-0.005300,
0.001500,-0.003000,
-0.005300,-0.003800,
-0.008300,-0.000800,
-0.012800,0.001500,
-0.009100,0.003000,
0.000000,0.006000,
0.009700,0.004500,
0.019500,0.001500,
0.019500,-0.000800,
0.009700,-0.003000,
0.000700,-0.003000,
-0.003800,-0.001500,
-0.005300,-0.000800,
0.004500,0.000700,
0.020200,0.001500,
0.039000,0.003000,
0.042000,0.005200,
0.019500,0.007500,
0.003000,0.004500,
-0.006800,0.003000,
-0.018100,0.001500,
-0.017300,0.000700,
-0.013500,0.000700,
-0.010500,-0.004600,
-0.012000,-0.004600,
-0.016500,-0.003800,
-0.015800,-0.001500,
-0.014300,-0.001500,
-0.016500,-0.002300,
-0.012800,-0.002300,
-0.011300,-0.000800,
-0.011300,0.001500,
-0.003800,0.002200,
0.000000,0.003000,
0.000000,0.000700,
-0.003800,0.001500,
0.004500,0.002200,
0.023200,0.002200,
0.029200,0.000000,
0.027000,0.000700,
0.023200,0.003000,
0.021000,0.000700,
0.020200,0.000700,
0.012000,-0.000800,
0.003000,-0.000800,
-0.003000,-0.000800,
-0.010500,-0.001500,
-0.012000,-0.001500,
-0.009800,-0.004600,
-0.011300,-0.000800,
-0.013500,0.000700,
-0.009800,0.001500,
-0.005300,0.002200,
-0.005300,-0.003000,
-0.004600,-0.001500,
-0.005300,0.001500,
-0.007500,0.010500,
-0.003000,0.010500,
0.004500,0.003000,
0.009700,0.001500,
-0.008300,-0.001500,
-0.018800,-0.001500,
-0.003800,-0.002300,
0.012000,-0.003800,
0.025500,-0.004600,
0.022500,-0.002300,
0.014200,-0.003000,
0.002200,-0.003000,
-0.006800,-0.001500,
0.000000,0.000000,
0.006000,0.000000,
0.011200,-0.001500,
0.005200,0.001500,
-0.001500,-0.000800,
-0.001500,-0.004600,
-0.006800,-0.003800,
-0.011300,-0.003000,
-0.012000,-0.002300,
-0.010500,0.001500,
-0.002300,0.000700,
0.006000,-0.003800,
0.004500,-0.004600,
0.002200,-0.006000,
-0.005300,-0.006000,
-0.011300,-0.005300,
-0.016500,-0.004600,
-0.022500,-0.001500,
-0.021800,-0.000800,
-0.016500,0.000700,
-0.004600,0.000000,
0.010500,0.003000,
0.021700,0.005200,
0.023200,0.004500,
0.017200,0.001500,
0.009000,-0.001500,
0.001500,-0.005300,
0.002200,-0.006800,
-0.001500,-0.004600,
-0.008300,-0.000800,
-0.009100,-0.000800,
-0.003800,0.000700,
-0.003000,0.001500,
-0.004600,0.000700,
0.000700,0.001500,
0.000700,0.003700,
0.000700,0.003000,
0.014200,0.003000,
0.023200,0.004500,
0.025500,0.005200,
0.016500,0.003000,
-0.000800,0.003000,
-0.003000,0.003000,
-0.003000,0.000700,
-0.014300,0.003000,
-0.018100,-0.000800,
-0.015800,-0.003800,
-0.011300,-0.004600,
-0.003000,-0.003000,
0.006000,0.001500,
0.009000,-0.001500,
0.008200,-0.001500,
0.006700,0.000000,
0.000000,-0.000800,
-0.003000,0.000700,
0.003000,0.000700,
-0.003800,0.001500,
-0.024000,0.001500,
-0.030000,0.001500,
-0.033800,0.000700,
-0.027800,0.001500,
-0.008300,0.001500,
0.005200,0.000700,
0.016500,-0.000800,
0.040500,-0.001500,
0.058500,-0.001500,
0.048700,0.001500,
0.028500,0.003000,
0.002200,0.002200,
-0.009800,0.003000,
-0.012800,0.001500,
-0.009800,0.002200,
-0.003800,0.003700,
-0.009100,0.005200,
-0.004600,0.004500,
0.009000,0.006700,
0.018000,0.005200,
0.012000,-0.001500,
0.002200,-0.003000,
-0.004600,0.000000,
-0.003000,0.001500,
-0.003000,0.000000,
0.000000,-0.003000,
0.007500,-0.003000,
0.004500,-0.001500,
-0.003000,-0.002300,
-0.003000,-0.001500,
0.000700,-0.001500,
0.000700,-0.003800,
-0.001500,-0.005300,
-0.005300,-0.004600,
-0.006000,-0.001500,
-0.009100,0.001500,
-0.012800,0.002200,
-0.016500,0.000700,
-0.016500,0.000700,
-0.011300,-0.000800,
0.000700,0.001500,
0.009000,0.001500,
0.001500,0.000000,
-0.009100,0.001500,
-0.009100,0.002200,
-0.012000,0.001500,
-0.008300,0.000700,
0.001500,0.003000,
0.003000,0.002200,
0.007500,0.003700,
0.016500,0.006700,
0.019500,0.003700,
0.012000,0.003000,
0.007500,0.002200,
-0.009800,0.000000,
-0.029300,-0.004600,
-0.023300,-0.006000,
-0.009100,-0.005300,
0.012000,-0.002300,
0.026200,-0.000800,
0.034500,-0.001500,
0.033000,0.000000,
0.024000,0.001500,
0.013500,-0.000800,
0.000700,-0.003000,
-0.009800,-0.003800,
-0.022500,-0.004600,
-0.027000,-0.003000,
-0.031500,0.000000,
-0.033800,0.000700,
-0.026300,-0.000800,
-0.025600,0.001500,
-0.012000,0.001500,
0.009000,0.000700,
0.021700,0.000700,
0.045000,-0.002300,
0.049500,-0.002300,
0.021700,0.001500,
0.005200,0.003700,
0.004500,0.003700,
0.004500,0.002200,
-0.004600,0.000700,
-0.012800,-0.000800,
-0.008300,-0.004600,
-0.005300,-0.003000,
-0.006000,0.000700,
-0.003000,0.000700,
0.003000,0.001500,
-0.000800,0.001500,
-0.006000,0.000700,
-0.009100,-0.000800,
-0.012800,-0.000800,
-0.014300,0.000000,
-0.016500,-0.003000,
-0.011300,-0.001500,
-0.005300,0.000700,
0.001500,0.002200,
0.012000,0.001500,
0.025500,0.004500,
0.032200,0.005200,
0.020200,0.004500,
-0.000800,0.003700,
-0.016500,0.000700,
-0.020300,-0.000800,
-0.016500,-0.003000,
-0.004600,-0.005300,
0.008200,-0.006800,
0.020200,-0.007500,
0.021700,-0.008300,
0.023200,-0.006000,
0.006700,-0.005300,
-0.018800,-0.003800,
-0.023300,-0.000800,
-0.030800,-0.000800,
-0.031500,0.000700,
-0.026300,0.001500,
-0.012000,0.000700,
0.005200,0.001500,
0.013500,0.002200,
0.022500,0.004500,
0.019500,0.006700,
0.010500,0.003700,
0.007500,0.000700,
0.012700,0.000700,
0.019500,0.000700,
0.012000,0.004500,
0.008200,0.002200,
-0.000800,0.001500,
-0.005300,0.001500,
-0.001500,-0.001500,
0.003000,-0.000800,
-0.001500,0.001500,
-0.011300,0.000700,
-0.014300,0.000000,
-0.012800,-0.000800,
-0.013500,-0.001500,
-0.019500,-0.003800,
-0.023300,-0.004600,
-0.019500,-0.003800,
-0.012000,-0.003800,
-0.003000,-0.003000,
0.004500,-0.001500,
0.006700,0.001500,
0.010500,0.003700,
0.008200,0.004500,
0.012700,0.003000,
0.015700,0.002200,
-0.000800,0.003700,
0.000000,0.005200,
-0.004600,0.003000,
-0.021800,0.003700,
-0.021800,0.003700,
-0.016500,0.000000,
-0.012000,-0.001500,
-0.004600,-0.003000,
0.018000,-0.003800,
0.045000,-0.004600,
0.051700,-0.005300,
0.025500,-0.004600,
0.012700,-0.004600,
0.011200,0.000700,
0.000700,0.003000,
0.014200,0.003000,
0.015700,0.006700,
0.010500,0.008200,
-0.002300,0.006000,
-0.018800,0.002200,
-0.022500,-0.003000,
-0.019500,-0.003800,
-0.005300,-0.004600,
0.000000,-0.004600,
0.000000,-0.003800,
-0.003800,-0.003800,
-0.009100,-0.004600,
-0.010500,-0.004600,
-0.003000,-0.004600,
0.015700,-0.003800,
0.018000,-0.002300,
-0.001500,0.000700,
-0.012000,0.002200,
-0.012000,0.005200,
-0.012000,0.004500,
-0.001500,0.001500,
-0.005300,0.000000,
-0.010500,-0.001500,
-0.003800,-0.001500,
0.001500,-0.003000,
-0.006800,0.000700,
-0.019500,0.003000,
-0.006000,0.003000,
0.009000,-0.001500,
0.003700,-0.002300,
-0.001500,0.000700,
-0.008300,0.000000,
-0.012000,0.000000,
0.001500,0.001500,
0.010500,0.006700,
0.014200,0.004500,
0.018000,0.003700,
0.014200,0.000700,
0.005200,-0.002300,
0.002200,-0.000800,
-0.002300,-0.003000,
-0.015800,-0.001500,
-0.009100,-0.001500,
0.000700,-0.000800,
-0.000800,0.000700,
-0.014300,0.000700,
-0.021800,0.000000,
-0.019500,-0.000800,
-0.014300,-0.000800,
-0.000800,-0.001500,
0.003000,0.000000,
0.005200,0.003000,
0.019500,0.003700,
0.014200,0.003000,
0.009000,0.000700,
0.025500,-0.001500,
0.037500,-0.000800,
0.036700,0.000000,
0.011200,0.000000,
-0.005300,-0.000800,
-0.012000,-0.005300,
-0.023300,-0.006000,
-0.019500,-0.000800,
-0.010500,0.001500,
0.000000,0.001500,
0.014200,0.002200,
0.027000,0.001500,
0.021700,0.000700,
0.006700,0.000000,
-0.009100,0.000700,
-0.024800,0.000000,
-0.021800,0.000000,
-0.016500,0.000000,
-0.021000,0.000700,
-0.015800,0.001500,
0.001500,0.000700,
0.008200,0.000000,
0.019500,-0.000800,
0.035200,0.000700,
0.020200,-0.000800,
-0.003000,-0.003800,
-0.003800,-0.003800,
0.006700,-0.000800,
0.015700,0.004500,
0.009000,0.006700,
-0.001500,0.006000,
-0.003000,0.004500,
-0.011300,0.003000,
-0.009100,0.001500,
0.001500,-0.000800,
0.008200,-0.003000,
0.009000,-0.003000,
0.003000,-0.002300,
-0.001500,-0.001500,
-0.009100,-0.002300,
-0.018100,-0.001500,
-0.029300,-0.003000,
-0.029300,-0.004600,
-0.015800,-0.003800,
-0.001500,-0.003000,
0.013500,-0.001500,
0.010500,-0.003000,
-0.008300,-0.002300,
-0.014300,-0.003000,
-0.013500,-0.004600,
-0.007500,-0.004600,
0.008200,-0.006000,
0.015700,-0.003800,
0.012700,-0.003000,
0.004500,-0.005300,
-0.008300,-0.005300,
-0.009100,-0.003000,
0.001500,-0.002300,
0.008200,-0.001500,
0.000700,0.001500,
-0.007500,0.005200,
-0.009100,0.008200,
-0.004600,0.004500,
0.012000,-0.000800,
0.014200,-0.002300,
0.001500,-0.003000,
-0.008300,-0.004600,
-0.015800,-0.003000,
-0.016500,0.000700,
-0.024000,0.004500,
-0.019500,0.004500,
-0.004600,0.003000,
0.006700,0.003000,
0.022500,0.003700,
0.015700,0.003700,
0.021000,0.004500,
0.042000,0.005200,
0.039000,0.004500,
0.012000,0.003000,
-0.008300,0.001500,
0.001500,0.003000,
0.008200,0.003700,
0.013500,0.002200,
0.008200,0.001500,
-0.008300,0.001500,
-0.006800,-0.001500,
0.001500,-0.001500,
0.007500,-0.000800,
0.003000,-0.003000,
0.004500,-0.002300,
0.002200,-0.000800,
-0.002300,0.000000,
-0.012000,0.000700,
-0.024000,0.001500,
-0.024000,0.000700,
-0.006800,-0.001500,
0.020200,-0.001500,
0.025500,0.000700,
0.013500,0.001500,
0.009000,0.006000,
0.000700,0.006700,
-0.013500,0.006700,
-0.013500,0.003000,
-0.007500,-0.005300,
-0.003000,-0.008300,
0.000000,-0.004600,
0.005200,0.000700,
0.005200,0.000700,
-0.006800,-0.003800,
-0.022500,-0.003000,
-0.023300,-0.004600,
-0.014300,-0.009100,
-0.005300,-0.007500,
-0.003000,-0.003800,
-0.003000,-0.001500,
0.005200,-0.001500,
0.004500,0.000700,
0.004500,0.003700,
0.006700,0.003000,
0.004500,0.001500,
0.002200,0.001500,
-0.000800,0.003000,
-0.001500,0.003700,
0.005200,0.006700,
0.012000,0.005200,
0.008200,0.001500,
-0.001500,0.001500,
-0.001500,0.000000,
0.006700,-0.003000,
0.006000,-0.002300,
-0.003000,-0.003000,
-0.009100,-0.003000,
-0.012000,-0.001500,
-0.006000,-0.004600,
-0.006800,-0.005300,
-0.017300,-0.005300,
-0.021800,-0.004600,
-0.023300,-0.002300,
-0.021800,-0.000800,
-0.010500,0.003000,
0.009000,0.003700,
0.014200,0.005200,
0.024000,0.006700,
0.029200,0.004500,
0.010500,0.003000,
0.000700,0.002200,
0.000000,0.003700,
0.004500,0.004500,
0.003000,0.003000,
-0.009100,0.000700,
-0.012000,-0.001500,
0.003000,-0.001500,
0.019500,0.000000,
0.017200,0.003000,
0.007500,0.003000,
-0.001500,0.000700,
-0.005300,-0.000800,
-0.008300,-0.003000,
-0.012800,-0.005300,
-0.013500,-0.006000,
-0.009100,-0.004600,
-0.001500,-0.001500,
0.014200,0.000000,
0.021700,0.000700,
0.010500,0.003000,
0.010500,0.003000,
0.002200,0.001500,
-0.009100,-0.000800,
-0.003800,-0.001500,
0.000000,0.000700,
0.000700,0.001500,
-0.008300,0.003700,
-0.010500,0.000700,
-0.004600,-0.000800,
-0.001500,0.000700,
0.000700,0.002200,
0.003700,0.003700,
0.007500,0.005200,
0.005200,0.004500,
0.005200,0.001500,
-0.001500,-0.003000,
-0.015000,-0.006800,
-0.012800,-0.006800,
0.005200,-0.006000,
0.001500,-0.004600,
-0.003000,-0.003000,
0.014200,-0.002300,
0.012000,-0.003800,
0.005200,-0.006800,
0.012000,-0.005300,
0.018700,-0.002300,
0.010500,0.000000,
-0.012800,0.000700,
-0.022500,-0.000800,
-0.015000,-0.003000,
-0.001500,-0.003800,
0.012700,-0.004600,
0.004500,-0.003000,
-0.012000,0.000700,
-0.021000,0.001500,
-0.018100,0.000700,
-0.001500,0.001500,
0.016500,0.005200,
0.046500,0.005200,
0.041200,0.003000,
0.000700,0.004500,
-0.015800,0.004500,
-0.025600,0.005200,
-0.023300,0.005200,
-0.009100,0.005200,
-0.003000,0.003000,
0.003700,0.001500,
0.006000,-0.000800,
0.006000,-0.001500,
0.003700,-0.003000,
0.001500,-0.001500,
0.005200,0.000000,
0.005200,0.003000,
0.015700,0.004500,
0.021700,0.004500,
0.007500,0.003000,
-0.006000,0.000700,
-0.006000,-0.002300,
-0.004600,-0.006000,
-0.010500,-0.006800,
-0.013500,-0.004600,
-0.013500,-0.003800,
-0.009100,-0.003000,
-0.003000,0.001500,
0.001500,0.004500,
0.009000,0.005200,
0.015700,0.003000,
0.006000,0.003700,
-0.008300,0.003700,
-0.016500,0.001500,
-0.019500,0.000700,
-0.015000,-0.003000,
0.002200,-0.004600,
0.015700,-0.004600,
0.003000,-0.003000,
-0.006800,-0.003000,
-0.009100,-0.001500,
-0.000800,0.000700,
0.009000,0.003000,
0.009000,0.003000,
0.004500,0.000700,
-0.003800,-0.002300,
0.000000,-0.003000,
0.003000,0.000700,
-0.001500,0.003700,
-0.009800,0.001500,
-0.025600,-0.000800,
-0.030000,0.000000,
-0.027000,-0.000800,
-0.019500,-0.003000,
0.001500,-0.004600,
0.015700,-0.006000,
0.020200,-0.005300,
0.020200,-0.001500,
0.024000,0.003000,
0.030000,0.005200,
0.018700,0.003700,
0.005200,0.001500,
0.001500,-0.001500,
-0.004600,-0.003000,
-0.006000,-0.003800,
-0.003000,-0.004600,
-0.009800,-0.002300,
-0.018100,0.000700,
-0.015800,0.000700,
-0.021000,-0.000800,
-0.018100,-0.000800,
0.003000,0.000000,
0.018000,0.000700,
0.030700,0.000700,
0.019500,-0.000800,
0.006700,-0.002300,
0.018000,-0.000800,
0.031500,0.003000,
0.031500,0.001500,
0.006700,0.003000,
-0.016500,0.003000,
-0.024800,0.001500,
-0.026300,0.001500,
-0.018100,-0.002300,
-0.009100,-0.004600,
0.005200,-0.003000,
0.024000,-0.000800,
0.024000,0.003000,
0.009000,0.003700,
-0.004600,0.004500,
-0.012800,0.005200,
-0.021800,0.003000,
-0.023300,0.000700,
-0.020300,0.000700,
-0.021800,-0.000800,
-0.017300,-0.001500,
-0.016500,-0.000800,
-0.003000,0.000700,
0.009000,0.004500,
0.028500,0.005200,
0.036700,0.005200,
0.014200,0.004500,
-0.005300,0.001500,
-0.012800,-0.000800,
-0.000800,0.000700,
0.005200,0.000700,
-0.003800,-0.003800,
0.001500,-0.002300,
0.015700,-0.000800,
0.018000,-0.001500,
0.010500,-0.002300,
0.005200,-0.003000,
0.000000,-0.001500,
0.005200,0.000000,
0.003000,0.001500,
-0.003000,-0.001500,
-0.003000,-0.004600,
-0.000800,-0.006800,
0.000700,-0.006800,
0.000000,-0.006000,
-0.001500,-0.006800,
-0.010500,-0.003000,
-0.009800,-0.000800,
-0.008300,0.000700,
-0.004600,0.001500,
-0.002300,0.003000,
-0.002300,0.002200,
-0.001500,-0.000800,
-0.005300,-0.001500,
-0.011300,-0.000800,
-0.021000,0.000700,
-0.019500,0.001500,
-0.014300,0.000000,
-0.006800,0.000700,
0.003000,-0.000800,
0.005200,0.000000,
0.006000,-0.000800,
-0.007500,-0.003000,
-0.008300,-0.001500,
0.012700,-0.000800,
0.024700,0.003000,
0.030700,0.006700,
0.024000,0.007500,
0.005200,0.005200,
-0.012800,0.000700,
-0.004600,-0.006000,
0.010500,-0.004600,
0.005200,0.003000,
0.004500,0.000000,
-0.000800,-0.002300,
-0.003000,-0.001500,
0.000700,0.003700,
-0.004600,0.005200,
-0.013500,0.006000,
-0.022500,0.005200,
-0.022500,0.003000,
-0.021800,0.000700,
-0.024000,0.002200,
-0.020300,0.003000,
-0.009800,-0.002300,
-0.006000,-0.004600,
-0.010500,-0.004600,
-0.015000,-0.001500,
-0.004600,-0.000800,
0.026200,-0.003000,
0.055500,-0.004600,
0.062200,-0.005300,
0.033000,-0.006000,
0.004500,-0.005300,
-0.004600,-0.001500,
-0.004600,0.000000,
0.008200,-0.003000,
0.018700,-0.005300,
0.024000,-0.003000,
0.027000,0.000000,
0.021000,0.003700,
0.003000,0.003000,
-0.003000,0.000700,
-0.001500,-0.000800,
-0.005300,0.000700,
-0.015000,0.005200,
-0.031500,0.004500,
-0.038300,0.003700,
-0.027800,0.004500,
-0.006000,0.001500,
0.003700,0.000000,
0.004500,-0.003000,
0.012700,-0.006800,
0.009700,-0.008300,
-0.003000,-0.006000,
0.001500,-0.006800,
0.025500,-0.005300,
0.033000,-0.000800,
0.009700,0.005200,
-0.016500,0.009000,
-0.023300,0.004500,
-0.018100,0.003000,
-0.013500,0.000000,
-0.009100,-0.000800,
-0.016500,0.002200,
-0.021000,0.003000,
-0.018800,0.000700,
-0.015000,0.001500,
-0.011300,0.000000,
-0.009800,-0.003000,
0.000700,-0.003800,
0.019500,-0.000800,
0.013500,0.003700,
-0.006800,0.003000,
-0.013500,0.002200,
-0.007500,0.002200,
-0.003800,0.006000,
-0.000800,0.004500,
-0.003800,0.000700,
-0.011300,0.001500,
0.000700,-0.002300,
0.023200,-0.003800,
0.042700,-0.003000,
0.053200,-0.004600,
0.048000,-0.002300,
0.018000,-0.001500,
0.000700,0.000000,
0.007500,0.002200,
-0.004600,0.003000,
0.000000,0.006700,
0.009700,0.006700,
-0.002300,0.004500,
-0.009100,0.000700,
-0.008300,0.000700,
-0.012000,0.002200,
-0.019500,-0.000800,
-0.022500,0.000000,
-0.024800,0.001500,
-0.015800,0.001500,
-0.008300,0.000700,
-0.000800,-0.002300,
0.023200,-0.001500,
0.019500,-0.000800,
-0.006800,-0.002300,
0.000000,-0.003000,
0.019500,-0.000800,
0.018700,-0.000800,
0.002200,-0.003800,
-0.015800,-0.003800,
-0.017300,-0.002300,
-0.003000,-0.001500,
0.006000,0.000000,
0.008200,0.001500,
0.018000,0.001500,
0.005200,-0.001500,
-0.011300,-0.000800,
-0.018100,0.000000,
-0.012000,-0.000800,
-0.002300,-0.001500,
0.003700,-0.003800,
0.008200,-0.003000,
0.000700,-0.000800,
-0.008300,0.000700,
-0.021800,0.003000,
-0.018800,0.005200,
0.003000,0.006700,
0.016500,0.006700,
0.011200,0.006000,
0.000700,0.005200,
-0.004600,0.000700,
-0.012800,-0.004600,
-0.010500,-0.005300,
0.001500,-0.003000,
0.005200,-0.003800,
-0.001500,-0.004600,
0.000700,-0.003000,
-0.001500,-0.005300,
-0.010500,-0.005300,
-0.009800,-0.004600,
0.003000,-0.005300,
0.023200,-0.005300,
0.018000,-0.003000,
0.007500,-0.000800,
0.003000,0.003000,
0.003700,0.006700,
0.006700,0.006700,
0.009000,0.007500,
0.031500,0.005200,
0.031500,0.002200,
0.001500,0.000700,
-0.009100,-0.000800,
-0.003800,-0.001500,
0.006000,-0.003000,
0.018000,-0.004600,
-0.001500,-0.001500,
-0.018100,0.000000,
-0.012800,-0.000800,
-0.021000,-0.003000,
-0.026300,-0.003000,
-0.021000,-0.003000,
-0.003000,-0.004600,
0.008200,-0.005300,
-0.005300,-0.003000,
-0.036800,-0.000800,
-0.035300,0.003000,
-0.006800,0.003000,
0.023200,0.001500,
0.041200,0.001500,
0.005200,-0.000800,
-0.024800,-0.001500,
-0.020300,0.000700,
0.012700,-0.000800,
0.056200,-0.000800,
0.059200,-0.000800,
0.048700,0.000000,
0.024700,0.004500,
-0.005300,0.004500,
-0.023300,0.006000,
-0.038300,0.005200,
-0.036100,0.001500,
-0.041300,0.003000,
-0.044300,0.001500,
-0.040500,0.000000,
-0.040500,0.001500,
-0.043600,0.003000,
-0.027800,0.002200,
-0.007500,-0.001500,
0.005200,0.000000,
0.024700,0.000000,
0.025500,-0.001500,
0.020200,0.000700,
0.018700,-0.000800,
0.012000,-0.001500,
0.021000,-0.003000,
0.033000,-0.002300,
0.019500,-0.000800,
0.019500,0.001500,
0.018000,0.002200,
-0.003800,0.000700,
-0.003000,-0.002300,
-0.012800,-0.004600,
-0.016500,0.000700,
-0.015800,0.002200,
-0.009100,-0.000800,
0.000700,-0.002300,
-0.007500,-0.003800,
0.003000,0.001500,
0.023200,0.002200,
0.023200,-0.000800,
0.011200,-0.003000,
0.012000,-0.005300,
0.006000,-0.004600,
-0.003000,-0.002300,
-0.002300,0.001500,
0.009000,0.004500,
0.023200,0.003000,
0.017200,0.001500,
0.012000,-0.000800,
0.010500,0.000700,
0.010500,0.000700,
0.003700,-0.000800,
-0.000800,-0.000800,
-0.006000,-0.000800,
-0.024000,-0.002300,
-0.009100,-0.003000,
0.012000,-0.002300,
0.010500,-0.001500,
0.001500,-0.000800,
-0.018100,-0.003000,
-0.020300,-0.004600,
-0.014300,-0.005300,
-0.012800,-0.003000,
-0.009100,-0.000800,
-0.003800,-0.000800,
-0.006800,0.000700,
-0.015000,-0.000800,
-0.009800,-0.000800,
0.001500,0.000700,
0.006700,0.000700,
0.002200,-0.000800,
-0.005300,0.000000,
-0.017300,0.001500,
-0.009800,0.000000,
0.006700,-0.001500,
0.022500,-0.003000,
0.033000,-0.003800,
0.030700,-0.001500,
0.016500,0.002200,
-0.009800,0.003000,
-0.018100,0.001500,
-0.019500,0.001500,
-0.017300,0.004500,
-0.012800,0.006700,
-0.010500,0.005200,
-0.008300,0.003000,
-0.010500,0.000700,
-0.012800,0.000000,
-0.019500,0.001500,
-0.001500,0.000000,
0.030700,0.001500,
0.038200,0.003000,
0.023200,0.000700,
-0.007500,0.000000,
-0.014300,-0.000800,
0.005200,-0.001500,
0.012000,-0.000800,
0.016500,-0.000800,
0.011200,-0.002300,
-0.007500,-0.002300,
-0.014300,-0.000800,
-0.020300,0.001500,
-0.030000,0.003700,
-0.031500,0.003000,
-0.005300,0.000700,
0.023200,0.000700,
0.015700,0.003000,
0.003000,0.005200,
0.003000,0.006000,
0.012700,0.004500,
0.012700,0.001500,
0.004500,0.003000,
-0.001500,0.003000,
-0.001500,-0.001500,
0.018700,-0.003800,
0.050200,-0.001500,
0.045700,-0.000800,
0.017200,-0.002300,
0.010500,-0.001500,
-0.019500,-0.003000,
-0.051100,-0.001500,
-0.035300,-0.001500,
-0.015000,-0.003800,
0.000000,0.000700,
0.008200,0.003000,
0.003700,0.002200,
-0.013500,0.002200,
-0.030800,0.002200,
-0.030800,0.003000,
-0.021800,0.000700,
-0.002300,-0.003000,
0.000700,-0.001500,
-0.002300,0.000000,
0.009000,0.000000,
0.023200,-0.000800,
0.024000,-0.000800,
0.003000,-0.001500,
-0.010500,0.000000,
-0.027000,0.000000,
-0.038300,-0.004600,
-0.021800,-0.004600,
0.001500,-0.004600,
0.015700,0.000000,
0.038200,0.003000,
0.063000,0.000000,
0.045700,0.001500,
0.010500,0.001500,
-0.011300,0.000700,
-0.009100,0.000700,
-0.012000,-0.001500,
-0.012800,-0.001500,
-0.010500,0.000700,
-0.005300,0.003000,
0.004500,0.005200,
0.004500,0.006700,
0.000700,0.005200,
0.000000,0.000700,
0.014200,-0.003000,
0.012000,-0.003000,
0.000000,-0.003000,
-0.009100,-0.005300,
-0.013500,-0.006800,
-0.008300,-0.003000,
-0.018100,-0.000800,
-0.020300,0.001500,
-0.013500,0.002200,
-0.001500,-0.001500,
0.004500,0.000000,
0.004500,0.001500,
0.020200,0.002200,
0.022500,0.000000,
0.008200,0.000000,
0.006700,0.002200,
0.009000,0.004500,
0.017200,0.005200,
0.012700,0.003000,
0.008200,0.000000,
0.006700,-0.003000,
-0.001500,-0.002300,
-0.003800,-0.002300,
-0.012800,-0.003800,
-0.006800,-0.003000,
-0.003000,-0.003000,
0.000000,-0.003000,
-0.001500,-0.003000,
-0.006800,-0.004600,
-0.000800,-0.003000,
-0.006800,0.000000,
-0.008300,-0.000800,
-0.009100,-0.001500,
-0.012800,-0.000800,
-0.013500,-0.001500,
-0.021000,-0.004600,
-0.027000,-0.005300,
-0.015000,-0.004600,
0.004500,0.000000,
0.006000,0.000700,
0.021700,0.002200,
0.048000,-0.000800,
0.039000,-0.003000,
0.000000,-0.003000,
-0.004600,-0.004600,
0.018000,-0.000800,
0.015700,-0.000800,
0.009700,-0.001500,
0.013500,-0.001500,
0.007500,-0.004600,
-0.010500,-0.004600,
-0.004600,-0.003000,
0.000000,0.000000,
-0.012000,0.003700,
-0.021800,0.005200,
-0.020300,0.000700,
-0.005300,0.001500,
-0.005300,0.006700,
-0.000800,0.008200,
0.006700,0.003700,
0.003700,0.000700,
-0.002300,0.001500,
-0.020300,0.000700,
-0.030800,0.000700,
-0.026300,0.001500,
-0.012800,0.003700,
-0.002300,0.002200,
0.003700,0.000000,
0.001500,-0.000800,
0.003700,-0.001500,
0.011200,-0.001500,
0.009000,-0.003000,
0.009000,-0.003000,
0.008200,-0.003000,
0.000000,-0.001500,
0.000700,-0.000800,
0.006000,0.003000,
0.007500,0.005200,
0.012000,0.004500,
0.014200,0.003700,
0.008200,0.004500,
-0.011300,0.003000,
-0.008300,0.002200,
0.035200,0.006700,
0.049500,0.009700,
0.032200,0.009700,
0.021700,0.003700,
-0.003000,0.000700,
-0.033000,0.002200,
-0.028500,0.001500,
-0.009100,0.001500,
-0.008300,-0.000800,
-0.012000,-0.003000,
-0.019500,-0.003000,
-0.035300,-0.003000,
-0.030800,-0.006800,
-0.011300,-0.006800,
0.015700,-0.005300,
0.024000,-0.004600,
0.009700,-0.005300,
0.002200,-0.006800,
-0.006000,-0.004600,
-0.009800,-0.001500,
-0.003000,-0.002300,
-0.000800,-0.004600,
-0.009100,-0.003000,
0.000700,-0.001500,
0.023200,-0.000800,
0.018700,-0.000800,
-0.015000,0.002200,
-0.025600,0.008200,
-0.006800,0.006700,
0.010500,0.004500,
0.021700,0.003000,
0.010500,0.003000,
0.000700,0.009000,
-0.009100,0.008200,
-0.015000,0.003700,
0.001500,0.001500,
0.013500,-0.000800,
0.019500,-0.002300,
0.014200,0.000000,
-0.009100,0.000700,
-0.023300,0.000700,
-0.021000,-0.000800,
-0.018800,-0.003000,
-0.008300,-0.003800,
0.003700,-0.005300,
0.005200,-0.001500,
0.002200,-0.003000,
0.000000,-0.004600,
-0.004600,0.000700,
-0.000800,0.000700,
0.014200,-0.000800,
0.025500,-0.001500,
0.020200,-0.003000,
0.001500,-0.003000,
-0.016500,-0.002300,
-0.020300,-0.000800,
-0.010500,-0.000800,
0.008200,0.000700,
0.005200,-0.002300,
-0.014300,-0.003000,
-0.017300,-0.001500,
-0.018100,-0.003000,
-0.009100,-0.000800,
0.007500,0.000700,
0.013500,0.006000,
0.014200,0.004500,
0.014200,0.001500,
0.009700,0.005200,
0.003700,0.005200,
0.003000,0.003000,
-0.003000,0.000700,
-0.004600,0.001500,
-0.007500,-0.000800,
-0.009100,-0.006800,
-0.010500,-0.005300,
-0.012000,-0.001500,
0.004500,-0.001500,
0.027000,-0.000800,
0.030700,0.003700,
0.010500,0.004500,
-0.004600,0.002200,
-0.008300,-0.002300,
-0.002300,-0.003000,
0.003000,-0.003000,
-0.003000,-0.003000,
-0.006800,-0.002300,
0.003000,-0.002300,
0.012000,-0.001500,
0.017200,-0.000800,
0.018000,0.000700,
0.005200,0.001500,
-0.008300,0.001500,
-0.018100,0.001500,
-0.023300,-0.000800,
-0.021800,-0.003000,
-0.020300,-0.001500,
-0.021800,-0.003000,
-0.026300,-0.002300,
-0.009800,-0.000800,
0.016500,0.000000,
0.021700,0.004500,
0.020200,0.003000,
0.021000,0.001500,
0.013500,0.002200,
0.021000,0.002200,
0.017200,0.002200,
0.000700,0.000700,
0.011200,0.001500,
0.025500,0.002200,
0.025500,0.000700,
0.008200,-0.001500,
-0.009100,0.000000,
-0.012000,0.000700,
-0.009100,0.001500,
-0.006800,0.000700,
-0.006000,0.000000,
-0.014300,0.000000,
-0.022500,-0.001500,
-0.014300,-0.003800,
-0.005300,-0.000800,
-0.006800,0.003000,
-0.006800,0.003000,
-0.001500,0.003000,
-0.001500,0.000700,
-0.002300,-0.002300,
-0.001500,-0.000800,
-0.000800,0.003000,
-0.004600,0.000700,
-0.007500,-0.004600,
0.000000,-0.006000,
0.008200,-0.007500,
0.008200,-0.008300,
0.000700,-0.005300,
-0.005300,-0.001500,
-0.004600,-0.001500,
-0.008300,-0.001500,
-0.015800,0.004500,
-0.006800,0.005200,
0.008200,0.003000,
0.005200,0.002200,
-0.004600,0.001500,
-0.012000,-0.000800,
-0.009100,-0.004600,
0.002200,-0.005300,
0.005200,-0.002300,
0.009000,-0.001500,
0.014200,-0.001500,
0.015000,0.001500,
0.012000,0.005200,
0.002200,0.003700,
-0.014300,0.001500,
-0.027000,-0.002300,
-0.021000,-0.001500,
-0.001500,0.003000,
0.006700,0.009000,
0.009000,0.010500,
0.015000,0.004500,
0.009700,-0.000800,
0.001500,-0.002300,
-0.001500,-0.000800,
0.000700,0.003000,
0.003000,0.004500,
0.008200,0.004500,
0.012700,0.001500,
0.007500,0.000700,
0.001500,-0.000800,
-0.009100,-0.003000,
-0.009100,-0.000800,
-0.000800,0.001500,
0.006700,0.000000,
0.009000,-0.000800,
0.005200,0.001500,
0.005200,0.003000,
0.006700,0.002200,
0.009700,-0.000800,
0.006700,-0.003000,
-0.003000,-0.006000,
-0.009800,-0.005300,
-0.012000,-0.002300,
-0.012000,-0.005300,
-0.009100,-0.005300,
-0.006000,-0.003000,
-0.004600,-0.000800,
-0.011300,0.002200,
-0.020300,0.006000,
-0.005300,0.004500,
0.004500,0.002200,
0.003000,0.000000,
0.003000,-0.003000,
0.009000,-0.003000,
0.009700,-0.000800,
0.011200,0.000700,
0.015700,0.001500,
0.006000,-0.000800,
-0.003800,-0.004600,
-0.005300,-0.004600,
-0.001500,-0.003000,
0.004500,-0.002300,
0.009000,-0.002300,
0.005200,-0.005300,
0.001500,-0.005300,
0.000700,-0.003000,
-0.007500,-0.001500,
-0.005300,-0.001500,
0.000700,-0.001500,
-0.001500,0.000000,
-0.005300,0.000000,
-0.009800,-0.001500,
-0.006000,-0.000800,
-0.003000,-0.001500,
-0.005300,-0.004600,
-0.006800,-0.003000,
-0.001500,-0.001500,
0.003700,0.002200,
0.005200,0.003000,
0.010500,0.004500,
0.007500,0.004500,
-0.006000,0.004500,
-0.010500,0.005200,
-0.012800,0.006000,
-0.015000,0.006000,
-0.006800,0.003000,
-0.006800,0.000700,
-0.008300,0.000700,
0.003000,0.000700,
0.021000,0.003000,
0.034500,0.001500,
0.018000,-0.000800,
0.005200,-0.002300,
0.004500,-0.003000,
0.008200,-0.004600,
0.009700,-0.000800,
0.004500,0.004500,
0.002200,0.004500,
-0.006800,0.001500,
-0.003800,0.000700,
-0.004600,0.002200,
-0.005300,0.003700,
-0.004600,0.003700,
-0.006800,0.002200,
-0.006800,0.001500,
-0.006000,0.000700,
0.005200,-0.000800,
0.010500,0.000700,
0.008200,-0.000800,
0.009000,0.000700,
0.010500,0.000700,
0.015000,-0.001500,
0.015000,0.000000,
0.017200,0.000700,
0.015000,-0.000800,
0.003000,-0.001500,
-0.008300,-0.006000,
-0.020300,-0.005300,
-0.029300,-0.001500,
-0.021000,-0.000800,
0.003000,-0.000800,
0.021700,-0.000800,
0.012700,0.001500,
-0.007500,0.000700,
-0.027000,0.000700,
-0.024800,0.000700,
-0.003800,0.001500,
-0.000800,0.003000,
-0.001500,0.002200,
0.001500,0.005200,
-0.001500,0.004500,
-0.007500,0.000000,
-0.008300,-0.001500,
-0.009100,-0.003800,
-0.012000,-0.005300,
-0.004600,-0.006800,
0.005200,-0.006800,
0.025500,-0.006800,
0.030000,-0.005300,
0.012700,-0.003000,
0.009000,0.000700,
0.001500,0.000000,
-0.011300,-0.000800,
-0.008300,-0.001500,
0.003700,0.000000,
0.003000,0.002200,
-0.005300,0.003000,
-0.016500,0.000700,
-0.018100,0.000000,
-0.007500,0.000700,
-0.004600,-0.002300,
-0.009100,-0.000800,
-0.009100,-0.001500,
-0.007500,-0.003000,
-0.009100,-0.003000,
-0.008300,-0.003000,
-0.003800,-0.004600,
0.001500,-0.007500,
0.004500,-0.004600,
0.005200,-0.001500,
0.006700,0.000700,
0.003700,0.005200,
0.003000,0.006700,
-0.000800,0.005200,
-0.004600,0.001500,
-0.003000,0.003000,
0.001500,0.001500,
0.009000,0.001500,
0.016500,0.003000,
0.014200,0.002200,
0.006700,0.001500,
0.012700,0.001500,
0.021700,0.001500,
0.033000,0.000700,
0.033000,0.000000,
0.010500,0.003000,
-0.007500,0.005200,
-0.014300,0.004500,
-0.007500,0.004500,
0.004500,0.003000,
-0.002300,0.000700,
-0.013500,0.000000,
-0.020300,-0.001500,
-0.021800,-0.002300,
-0.021800,0.000000,
-0.020300,0.000700,
-0.009100,-0.000800,
-0.004600,-0.000800,
0.003000,0.000700,
0.002200,0.002200,
0.000700,0.005200,
0.007500,0.005200,
0.012000,0.003000,
0.009700,0.001500,
0.004500,0.001500,
-0.003000,0.000000,
-0.011300,-0.001500,
-0.008300,-0.000800,
0.003000,-0.000800,
0.007500,-0.001500,
0.003000,-0.003000,
0.000700,-0.003800,
0.003000,-0.003800,
0.003000,-0.004600,
0.003700,-0.003000,
0.003700,-0.003000,
0.006700,-0.003000,
0.008200,-0.003800,
0.007500,-0.002300,
0.004500,0.000000,
0.000700,-0.000800,
0.003000,-0.000800,
0.006700,-0.001500,
0.008200,-0.003000,
0.004500,-0.002300,
0.004500,-0.001500,
0.009700,-0.000800,
0.014200,-0.001500,
0.008200,-0.003000,
0.001500,-0.002300,
-0.002300,-0.000800,
-0.010500,-0.000800,
-0.019500,0.000700,
-0.021800,0.003000,
-0.027000,0.003700,
-0.026300,0.002200,
-0.018100,0.001500,
-0.009100,0.002200,
-0.000800,0.003700,
-0.002300,0.003700,
-0.008300,0.001500,
-0.009100,0.001500,
-0.009100,0.000700,
-0.010500,0.000700,
-0.009100,0.000700,
0.002200,-0.000800,
0.012000,-0.001500,
0.009000,-0.001500,
0.002200,0.001500,
0.009700,0.000700,
0.019500,0.001500,
0.025500,0.001500,
0.024000,0.000700,
0.023200,0.001500,
0.031500,0.003000,
0.027700,0.000700,
0.015700,-0.000800,
0.004500,-0.000800,
-0.004600,0.001500,
-0.009100,0.004500,
-0.006800,0.003000,
-0.005300,0.001500,
-0.008300,0.000000,
-0.005300,0.001500,
-0.005300,0.003000,
-0.009100,0.001500,
-0.010500,-0.000800,
-0.014300,-0.002300,
-0.014300,-0.002300,
-0.015800,-0.002300,
-0.019500,-0.000800,
-0.014300,0.000000,
-0.006000,-0.001500,
-0.003800,-0.001500,
-0.003000,-0.001500,
0.001500,-0.001500,
0.006700,-0.000800,
0.005200,-0.003000,
0.003000,-0.005300,
-0.001500,-0.003800,
-0.005300,-0.004600,
-0.005300,-0.000800,
-0.004600,0.000700,
-0.003000,-0.000800,
-0.006000,0.000700,
-0.009100,0.000000,
-0.012000,0.001500,
-0.015000,0.002200,
-0.008300,0.002200,
0.012700,-0.000800,
0.024700,-0.001500,
0.009000,-0.001500,
-0.009100,-0.001500,
-0.018100,-0.001500,
-0.012000,-0.001500,
0.001500,-0.000800,
0.011200,0.000700,
0.018000,0.000000,
0.014200,-0.000800,
0.005200,0.000000,
-0.003000,-0.001500,
-0.001500,-0.001500,
0.003700,-0.000800,
0.012000,0.001500,
0.013500,0.005200,
0.010500,0.003700,
0.008200,0.003000,
0.003700,0.000000,
0.004500,-0.000800,
0.003000,0.000000,
-0.003000,-0.000800,
-0.004600,0.001500,
0.000700,0.000700,
0.004500,0.000700,
0.008200,-0.000800,
0.012000,-0.000800,
0.014200,-0.001500,
0.016500,0.001500,
0.009700,0.003000,
0.006000,0.000700,
0.006000,0.000700,
0.006700,-0.000800,
-0.000800,-0.003800,
-0.009100,-0.005300,
-0.014300,-0.003000,
-0.021800,-0.004600,
-0.020300,-0.004600,
-0.012800,-0.000800,
0.000700,-0.001500,
0.007500,0.001500,
0.008200,0.000700,
0.005200,0.000000,
-0.000800,-0.001500,
-0.003000,-0.003000,
-0.002300,-0.001500,
0.000700,0.000700,
-0.000800,0.003000,
-0.007500,0.001500,
-0.012800,0.000000,
-0.014300,-0.003000,
-0.006000,-0.001500,
0.008200,-0.003000,
0.019500,-0.003000,
0.017200,0.001500,
0.006000,0.001500,
0.001500,0.000700,
0.005200,-0.000800,
0.012000,-0.000800,
0.012700,-0.001500,
0.010500,-0.000800,
0.017200,-0.001500,
0.023200,-0.001500,
0.012000,-0.000800,
-0.001500,-0.002300,
-0.019500,-0.000800,
-0.031500,0.000700,
-0.025600,-0.001500,
-0.014300,-0.000800,
-0.006000,0.001500,
-0.008300,0.000700,
-0.014300,0.003000,
-0.014300,0.005200,
-0.012800,0.006000,
-0.008300,0.005200,
-0.004600,0.004500,
-0.003000,0.004500,
0.002200,0.004500,
0.006000,0.003000,
0.005200,0.002200,
0.004500,0.001500,
0.004500,-0.000800,
0.000700,-0.000800,
-0.006800,-0.002300,
-0.009100,-0.001500,
-0.004600,-0.000800,
0.009700,0.000000,
0.015000,0.003000,
0.015700,0.001500,
0.016500,0.000000,
0.003000,-0.001500,
-0.008300,-0.003800,
-0.001500,-0.004600,
0.000000,-0.002300,
-0.000800,0.003000,
-0.000800,0.005200,
-0.002300,0.002200,
-0.002300,0.001500,
0.000700,0.001500,
0.004500,0.003000,
-0.003000,0.003000,
-0.006000,-0.000800,
-0.005300,-0.000800,
-0.003800,0.001500,
-0.002300,0.000700,
0.000700,-0.001500,
0.006000,-0.002300,
0.003000,-0.001500,
0.001500,-0.001500,
-0.003000,-0.002300,
-0.007500,-0.002300,
-0.005300,-0.002300,
0.001500,-0.003000,
0.002200,-0.003000,
-0.006800,-0.002300,
-0.013500,-0.003000,
-0.009100,-0.003000,
0.004500,-0.001500,
0.012000,0.000700,
0.008200,0.002200,
0.000700,0.003700,
-0.003000,0.003000,
-0.012000,0.002200,
-0.018100,0.003000,
-0.018100,0.003000,
-0.013500,0.000000,
-0.008300,0.001500,
0.000700,0.002200,
0.009000,0.000700,
0.012000,0.000700,
0.007500,0.000700,
0.006000,0.001500,
0.012000,-0.003000,
0.014200,-0.001500,
0.008200,0.000000,
0.004500,-0.002300,
-0.000800,-0.004600,
-0.004600,-0.004600,
-0.003800,-0.003000,
-0.006000,-0.000800,
-0.003800,-0.000800,
-0.003800,0.000700,
-0.004600,-0.001500,
0.005200,-0.003000,
0.014200,0.000000,
0.018000,0.000700,
0.010500,0.003000,
0.002200,0.003700,
-0.002300,0.003000,
-0.000800,0.003000,
0.004500,0.000000,
0.006700,0.000700,
0.003700,0.002200,
0.001500,0.003000,
0.002200,0.000700,
0.000700,-0.000800,
0.000700,-0.002300,
-0.003800,-0.001500,
-0.006000,-0.002300,
-0.005300,-0.004600,
-0.006800,-0.001500,
-0.003000,-0.001500,
0.006700,-0.001500,
0.012700,-0.000800,
0.009700,-0.000800,
0.002200,0.000700,
-0.004600,0.000700,
-0.002300,0.000700,
-0.003000,0.000700,
-0.005300,-0.001500,
0.000700,-0.001500,
0.001500,-0.002300,
0.000000,-0.001500,
-0.003000,0.003700,
-0.002300,0.005200,
-0.002300,0.005200,
-0.003800,0.004500,
-0.003000,0.002200,
-0.001500,0.003000,
-0.000800,0.003000,
-0.002300,0.000700,
-0.001500,0.000700,
-0.001500,0.001500,
-0.005300,0.000700,
-0.009800,0.000000,
-0.012800,0.000000,
-0.008300,-0.000800,
0.001500,-0.003800,
0.009700,-0.002300,
0.012700,-0.000800,
0.018700,-0.002300,
0.018000,-0.001500,
0.000700,-0.000800,
-0.002300,0.000700,
-0.001500,-0.001500,
-0.008300,-0.003000,
-0.006000,-0.003000,
-0.012000,-0.003800,
-0.012000,-0.003000,
-0.005300,-0.000800,
-0.001500,-0.003000,
0.004500,-0.004600,
0.003700,-0.004600,
-0.000800,-0.001500,
-0.002300,0.001500,
0.000000,0.002200,
-0.001500,0.000700,
-0.005300,0.000000,
-0.007500,-0.001500,
0.000700,0.001500,
0.012000,0.003000,
0.011200,0.001500,
0.004500,0.001500,
-0.001500,0.001500,
0.000000,0.000700,
0.015000,0.000000,
0.020200,0.000700,
0.006700,0.003000,
-0.001500,0.003700,
-0.005300,0.001500,
-0.003800,0.000700,
-0.004600,0.001500,
-0.007500,0.000000,
0.001500,0.000000,
0.012700,-0.002300,
0.016500,-0.004600,
0.015700,-0.004600,
0.014200,-0.003000,
0.006700,-0.001500,
0.003000,-0.001500,
0.000700,-0.000800,
-0.006800,0.000700,
-0.009100,0.002200,
-0.012800,0.003700,
-0.014300,0.003000,
-0.017300,0.001500,
-0.017300,0.005200,
-0.014300,0.004500,
-0.009100,0.001500,
-0.004600,0.000700,
-0.004600,0.003700,
-0.005300,0.005200,
-0.006800,0.003000,
-0.001500,0.004500,
-0.001500,0.003000,
-0.005300,0.000700,
-0.004600,0.000700,
-0.000800,0.003000,
0.003000,0.004500,
0.006700,0.004500,
0.012000,0.000000,
0.014200,-0.003000,
0.010500,-0.001500,
0.007500,-0.001500,
0.006700,-0.001500,
0.006000,-0.003000,
-0.003000,-0.004600,
-0.009100,-0.006000,
-0.010500,-0.004600,
-0.009800,-0.003000,
-0.009100,-0.000800,
-0.010500,-0.000800,
-0.009100,-0.003800,
-0.009100,-0.002300,
-0.006800,-0.002300,
-0.005300,-0.002300,
-0.006800,-0.000800,
-0.003000,0.000700,
0.003000,0.001500,
0.006700,0.000700,
0.006000,0.001500,
0.006700,0.003000,
0.004500,0.001500,
0.000700,0.001500,
-0.006800,0.000700,
-0.009800,-0.001500,
-0.003000,-0.003000,
-0.004600,-0.001500,
-0.003800,-0.000800,
0.005200,0.000000,
0.009000,0.000700,
0.004500,0.000700,
0.008200,0.000000,
0.006700,-0.003800,
0.001500,-0.005300,
0.003700,-0.006000,
-0.000800,-0.006800,
-0.001500,-0.006000,
0.000700,-0.005300,
0.004500,-0.006800,
0.007500,-0.004600,
0.019500,0.001500,
0.023200,0.001500,
0.007500,0.000700,
0.004500,0.003700,
0.004500,0.005200,
0.000000,0.001500,
0.000000,0.001500,
0.000000,0.000000,
0.000000,-0.002300,
-0.003800,-0.002300,
-0.003000,-0.000800,
0.000700,0.000700,
0.000700,0.000700,
0.003000,-0.000800,
0.003000,0.002200,
0.001500,0.004500,
0.000700,0.004500,
0.001500,0.001500,
0.001500,0.001500,
0.000000,0.002200,
-0.000800,0.000700,
-0.000800,0.000700,
-0.003800,0.001500,
-0.005300,0.001500,
-0.004600,0.001500,
-0.004600,0.001500,
-0.006000,0.003000,
-0.003800,0.000700,
-0.001500,-0.000800,
-0.003000,0.000700,
-0.007500,-0.000800,
-0.006800,-0.002300,
-0.004600,-0.001500,
0.000700,-0.000800,
0.007500,0.001500,
0.011200,0.000700,
0.015700,-0.002300,
0.022500,-0.003800,
0.023200,-0.001500,
0.010500,0.004500,
-0.005300,0.006700,
-0.014300,0.005200,
-0.017300,0.001500,
-0.017300,-0.000800,
-0.018100,-0.001500,
-0.012000,-0.001500,
-0.005300,-0.000800,
0.000700,-0.001500,
-0.001500,-0.000800,
-0.018800,-0.000800,
-0.011300,-0.002300,
0.012000,-0.002300,
0.020200,0.000700,
0.025500,0.000700,
0.018000,-0.001500,
0.006700,-0.002300,
0.003000,-0.001500,
0.000700,0.000700,
0.005200,0.003000,
0.008200,0.004500,
0.006700,0.001500,
-0.008300,0.000000,
-0.023300,0.000700,
-0.023300,-0.002300,
-0.021000,-0.000800,
-0.018100,0.000000,
-0.012800,0.000000,
-0.011300,0.001500,
-0.003800,0.003000,
0.004500,0.000000,
0.001500,-0.000800,
-0.004600,-0.002300,
-0.009100,-0.004600,
-0.006800,-0.003000,
0.009000,-0.003000,
0.022500,-0.003000,
0.030000,-0.000800,
0.032200,0.000700,
0.021000,0.000000,
-0.000800,0.000700,
-0.003000,0.000700,
-0.000800,-0.000800,
0.003000,0.000700,
0.018000,0.003000,
0.014200,0.004500,
0.008200,0.003000,
0.001500,0.003700,
-0.004600,0.003000,
-0.008300,0.001500,
-0.010500,0.000000,
-0.014300,-0.000800,
-0.016500,0.001500,
-0.014300,0.000700,
-0.012000,-0.001500,
-0.004600,-0.001500,
0.008200,-0.000800,
0.014200,-0.000800,
0.000700,-0.000800,
-0.010500,-0.000800,
-0.012800,-0.001500,
-0.015000,-0.001500,
-0.009800,-0.002300,
-0.006000,-0.003000,
-0.002300,-0.003000,
-0.003000,-0.003800,
-0.004600,-0.001500,
-0.003000,0.000700,
-0.008300,0.003000,
-0.003800,0.001500,
0.005200,0.000000,
0.004500,-0.000800,
0.001500,-0.000800,
0.006700,0.000700,
0.016500,-0.000800,
0.014200,0.000700,
0.002200,0.001500,
-0.003800,0.001500,
0.000700,0.001500,
0.001500,0.001500,
-0.003800,0.000700,
-0.002300,-0.001500,
-0.000800,-0.000800,
-0.002300,-0.001500,
-0.008300,-0.001500,
-0.018100,0.000700,
-0.015000,0.000700,
-0.012000,0.000700,
-0.004600,0.001500,
0.008200,0.001500,
0.027700,0.003700,
0.026200,0.003000,
0.005200,0.002200,
0.003700,0.000700,
0.004500,0.000000,
0.000700,0.000700,
-0.000800,0.000700,
0.000700,0.003000,
0.004500,0.000700,
0.003000,0.000000,
0.000700,0.000700,
-0.004600,-0.000800,
-0.006800,0.000700,
-0.002300,0.000000,
0.003700,0.000700,
0.007500,0.000000,
0.003000,-0.001500,
-0.005300,-0.000800,
-0.015800,-0.002300,
-0.016500,-0.000800,
-0.010500,0.000000,
-0.008300,-0.001500,
-0.001500,-0.000800,
0.010500,-0.001500,
0.020200,0.000700,
0.008200,0.002200,
-0.010500,0.003000,
-0.005300,0.003000,
0.004500,0.001500,
0.009700,0.000000,
0.007500,-0.000800,
0.001500,-0.000800,
0.004500,-0.003000,
0.015700,-0.001500,
0.016500,-0.001500,
0.001500,-0.001500,
-0.006800,-0.000800,
-0.003800,-0.003000,
0.006700,-0.001500,
0.009700,0.000700,
0.006000,0.001500,
0.004500,0.001500,
-0.000800,0.000700,
-0.003000,0.000700,
-0.004600,0.002200,
-0.006800,0.001500,
-0.010500,0.000700,
-0.012800,-0.000800,
-0.012800,-0.001500,
-0.012000,-0.000800,
-0.006800,0.001500,
0.003000,0.001500,
0.015700,0.001500,
0.012700,0.001500,
-0.004600,-0.001500,
-0.023300,-0.001500,
-0.031500,-0.001500,
-0.010500,-0.000800,
0.003000,-0.003000,
0.003000,-0.006000,
0.021700,-0.005300,
0.045700,-0.003800,
0.039000,-0.003000,
0.013500,-0.003000,
0.007500,-0.002300,
0.004500,-0.002300,
-0.001500,-0.003000,
0.000000,-0.003800,
-0.003000,-0.003800,
-0.001500,-0.003000,
-0.003800,-0.001500,
-0.006800,0.000700,
-0.006000,0.000700,
-0.009100,0.001500,
-0.008300,0.000700,
-0.009100,-0.000800,
-0.009100,0.001500,
-0.011300,0.004500,
-0.012800,0.003000,
-0.012000,0.003000,
-0.012800,0.005200,
-0.015800,0.003700,
-0.020300,0.003700,
-0.021800,0.000700,
-0.012000,-0.001500,
0.005200,-0.000800,
0.010500,0.000700,
0.020200,-0.001500,
0.037500,-0.001500,
0.039700,-0.001500,
0.012700,-0.003000,
-0.009800,-0.002300,
-0.009800,-0.001500,
-0.004600,0.000700,
0.006000,0.000700,
0.009700,0.000700,
0.009700,0.000700,
0.009700,0.001500,
0.001500,0.003000,
-0.003800,0.000700,
-0.005300,-0.000800,
-0.006800,0.000700,
-0.006800,0.000700,
-0.009100,0.001500,
-0.009800,0.001500,
-0.012800,-0.000800,
-0.014300,0.000700,
-0.012800,0.001500,
-0.009800,0.000700,
-0.006800,0.000000,
0.003700,0.001500,
0.017200,0.000700,
0.012700,-0.002300,
0.005200,-0.001500,
0.003000,-0.001500,
-0.001500,-0.001500,
-0.004600,-0.000800,
-0.006000,-0.003000,
-0.005300,-0.003000,
-0.003000,0.000700,
-0.000800,0.000700,
0.000700,0.001500,
0.000700,0.002200,
0.002200,0.001500,
0.003700,0.001500,
0.004500,0.000700,
0.000700,-0.000800,
-0.006000,0.003000,
-0.011300,0.004500,
-0.015800,0.001500,
-0.008300,0.000700,
0.005200,0.001500,
0.012000,-0.000800,
0.013500,-0.000800,
0.025500,0.000700,
0.034500,0.000000,
0.024700,-0.000800,
0.003000,0.001500,
-0.007500,0.003000,
-0.007500,0.003000,
-0.008300,0.002200,
-0.008300,-0.000800,
-0.006800,0.000700,
-0.002300,0.000700,
0.000700,-0.000800,
0.008200,-0.003000,
0.009000,0.000000,
0.004500,-0.000800,
0.003000,-0.002300,
-0.003000,-0.001500,
-0.004600,-0.002300,
-0.001500,-0.000800,
-0.003000,-0.000800,
-0.004600,0.000700,
-0.004600,0.000700,
-0.005300,0.000700,
-0.007500,0.000700,
-0.009100,-0.001500,
-0.007500,0.000000,
-0.000800,0.000700,
0.005200,0.001500,
0.003700,-0.000800,
0.001500,-0.000800,
0.001500,-0.002300,
0.003000,-0.000800,
0.001500,0.003000,
-0.003000,0.002200,
-0.001500,0.001500,
-0.000800,-0.000800,
-0.003000,-0.000800,
-0.007500,-0.000800,
-0.015800,-0.002300,
-0.027000,-0.003000,
-0.031500,-0.004600,
-0.030800,-0.003000,
-0.030800,-0.004600,
-0.020300,-0.002300,
0.006700,0.000700,
0.040500,0.001500,
0.045000,0.001500,
0.030700,0.002200,
0.038200,0.003000,
0.048700,0.003000,
0.050200,0.002200,
0.038200,-0.000800,
0.016500,0.000000,
-0.000800,-0.001500,
-0.010500,-0.000800,
-0.014300,0.001500,
-0.015000,0.004500,
-0.012000,0.004500,
-0.012800,0.000700,
-0.016500,0.000700,
-0.021800,0.001500,
-0.022500,0.002200,
-0.021800,0.003000,
-0.024800,0.000700,
-0.015800,-0.000800,
0.002200,-0.001500,
0.016500,-0.001500,
0.015700,-0.001500,
0.008200,-0.000800,
0.007500,-0.000800,
0.005200,-0.002300,
0.003000,-0.001500,
-0.001500,-0.000800,
-0.006000,-0.000800,
-0.008300,-0.001500,
-0.007500,0.000000,
-0.005300,0.003000,
0.000000,0.003000,
-0.001500,0.003000,
-0.003000,0.001500,
-0.003800,-0.000800,
-0.006800,-0.002300,
0.000000,-0.004600,
0.004500,-0.001500,
0.006700,0.000700,
0.006000,-0.000800,
0.003000,-0.001500,
0.001500,-0.001500,
0.004500,-0.003000,
0.006700,-0.000800,
0.008200,0.000700,
0.009000,-0.000800,
0.005200,0.000000,
0.005200,0.000000,
0.004500,-0.001500,
0.000000,0.000000,
-0.004600,0.000700,
-0.008300,-0.000800,
-0.006800,0.001500,
-0.006800,0.001500,
-0.002300,0.000700,
0.005200,-0.000800,
0.012700,-0.003000,
0.009000,-0.002300,
-0.004600,-0.000800,
-0.012000,-0.000800,
-0.015800,0.001500,
-0.016500,0.003700,
-0.014300,0.003700,
-0.014300,0.003000,
-0.009100,0.005200,
-0.008300,0.006700,
-0.001500,0.003700,
0.000000,0.001500,
-0.009800,-0.000800,
-0.014300,0.000000,
-0.005300,-0.001500,
0.015700,-0.003800,
0.023200,-0.004600,
0.029200,-0.005300,
0.034500,-0.003000,
0.015000,-0.004600,
-0.003000,-0.003000,
-0.005300,0.000000,
-0.000800,-0.001500,
0.000700,-0.001500,
-0.002300,-0.003800,
0.006000,-0.004600,
0.013500,-0.004600,
0.012000,-0.003800,
0.007500,-0.001500,
0.010500,0.000700,
0.007500,0.000700,
0.003000,-0.003000,
0.000000,-0.001500,
-0.002300,0.001500,
-0.004600,0.003700,
-0.006000,0.003700,
-0.006000,0.002200,
-0.006800,0.003000,
0.000000,0.000700,
0.002200,0.000700,
-0.000800,0.002200,
-0.000800,0.004500,
-0.003800,0.006000,
-0.012000,0.004500,
-0.019500,0.001500,
-0.024800,0.001500,
-0.022500,0.002200,
-0.016500,-0.000800,
-0.006800,0.000700,
0.008200,0.003000,
0.024700,0.002200,
0.030700,0.002200,
0.017200,-0.000800,
0.000000,-0.001500,
-0.006000,-0.000800,
-0.007500,-0.002300,
-0.008300,-0.003800,
-0.002300,-0.006000,
0.000000,-0.006800,
0.003000,-0.004600,
0.006700,-0.001500,
0.000700,-0.000800,
-0.003000,-0.001500,
-0.009800,-0.001500,
-0.010500,-0.000800,
-0.008300,0.000700,
-0.006000,-0.000800,
-0.003000,-0.001500,
-0.003800,-0.000800,
-0.003000,0.000000,
-0.005300,-0.000800,
-0.006800,-0.002300,
-0.005300,-0.001500,
-0.003000,0.002200,
-0.002300,0.004500,
0.000700,0.004500,
0.003000,0.003000,
-0.001500,-0.001500,
-0.008300,-0.001500,
-0.006800,0.000700,
0.001500,-0.000800,
0.016500,-0.002300,
0.031500,-0.003000,
0.026200,-0.000800,
0.012700,0.001500,
0.007500,0.001500,
0.007500,0.000700,
0.006700,-0.001500,
0.001500,-0.003800,
-0.000800,-0.002300,
0.002200,-0.001500,
0.007500,-0.000800,
0.004500,0.003000,
0.000700,0.004500,
-0.002300,0.004500,
-0.002300,0.005200,
-0.001500,0.005200,
-0.005300,0.005200,
-0.006800,0.003700,
-0.002300,0.003000,
0.000700,0.003000,
0.000000,0.002200,
-0.004600,0.001500,
-0.009800,-0.000800,
-0.018800,-0.003000,
-0.028500,-0.003800,
-0.030800,-0.002300,
-0.023300,-0.002300,
-0.016500,-0.003000,
-0.010500,-0.004600,
0.008200,-0.003000,
0.036700,0.000000,
0.039000,0.000000,
0.020200,0.000000,
0.012000,0.000000,
0.006700,-0.000800,
0.009000,-0.000800,
0.015000,0.000700,
0.018000,-0.000800,
0.015000,-0.003000,
0.012000,-0.003000,
0.004500,-0.002300,
-0.002300,-0.002300,
0.000700,-0.000800,
0.000000,-0.001500,
-0.006000,-0.001500,
-0.005300,0.000000,
-0.003000,0.000700,
-0.003800,0.000700,
-0.005300,-0.001500,
-0.005300,-0.004600,
-0.003000,-0.001500,
-0.008300,0.000700,
-0.012000,-0.001500,
-0.012800,-0.000800,
-0.018100,0.002200,
-0.014300,0.003700,
-0.004600,0.007500,
0.015700,0.008200,
0.024000,0.005200,
0.012700,0.005200,
0.016500,0.003000,
0.010500,0.002200,
-0.000800,0.002200,
-0.002300,0.000000,
-0.003800,0.001500,
-0.003000,0.000000,
-0.003800,-0.000800,
-0.006000,-0.001500,
-0.008300,-0.003000,
-0.009100,-0.001500,
-0.006000,-0.003800,
-0.001500,-0.005300,
0.000700,-0.004600,
-0.003000,-0.004600,
-0.005300,-0.002300,
-0.004600,0.000000,
-0.003000,0.001500,
-0.003000,0.004500,
0.000000,0.004500,
0.000700,0.003000,
0.001500,0.003000,
0.001500,0.001500,
-0.000800,-0.000800,
-0.001500,0.000700,
-0.005300,0.000700,
-0.003800,-0.000800,
-0.001500,-0.001500,
0.000000,-0.000800,
0.003000,-0.000800,
0.003700,-0.000800,
0.000700,0.000700,
-0.000800,0.003000,
-0.001500,0.002200,
-0.000800,0.000700,
0.000700,-0.000800,
-0.000800,0.000000,
0.000000,0.001500,
0.000700,0.002200,
0.001500,-0.000800,
-0.000800,0.000000,
-0.006800,0.000700,
-0.009100,-0.004600,
-0.005300,-0.006800,
-0.000800,-0.006800,
0.003000,-0.006000,
0.007500,-0.004600,
0.017200,-0.003000,
0.025500,0.000700,
0.019500,0.003700,
0.004500,0.004500,
-0.003000,0.004500,
-0.004600,0.003700,
-0.008300,0.002200,
-0.008300,0.003000,
-0.006000,0.002200,
-0.006800,0.001500,
-0.005300,0.000700,
-0.004600,0.000700,
-0.003000,0.000700,
-0.005300,-0.000800,
-0.005300,0.000700,
-0.004600,0.001500,
-0.003800,0.001500,
0.003000,0.002200,
0.003000,0.004500,
-0.000800,0.003000,
0.000700,-0.000800,
0.003000,-0.003000,
0.000700,-0.004600,
-0.002300,-0.001500,
0.000700,0.001500,
0.003000,0.005200,
0.004500,0.006700,
0.003700,0.003000,
-0.001500,0.003700,
0.000000,0.006700,
0.004500,0.008200,
0.007500,0.007500,
0.005200,0.003700,
0.007500,0.003000,
0.006700,0.003000,
0.002200,-0.000800,
0.000000,-0.000800,
-0.004600,0.001500,
-0.003000,0.001500,
-0.002300,-0.002300,
-0.001500,-0.007500,
0.003000,-0.010500,
0.009000,-0.008300,
0.012700,-0.006800,
0.009700,-0.006000,
0.006000,-0.001500,
0.004500,-0.000800,
0.003700,0.000000,
0.000700,0.000000,
-0.001500,0.000700,
-0.004600,-0.000800,
-0.006000,0.000700,
-0.004600,0.001500,
-0.005300,0.000700,
-0.005300,0.001500,
-0.005300,-0.000800,
-0.006800,-0.001500,
-0.006000,-0.001500,
-0.006800,-0.003800,
-0.006000,-0.003800,
-0.002300,-0.002300,
-0.000800,-0.001500,
0.000700,-0.003000,
0.000700,-0.003000,
0.002200,-0.000800,
0.008200,0.000700,
0.003000,-0.000800,
-0.005300,-0.000800,
-0.006800,0.000700,
-0.008300,-0.001500,
-0.006800,-0.000800,
-0.006800,0.000000,
-0.005300,0.000700,
-0.003000,0.001500,
-0.004600,0.003000,
-0.000800,0.003700,
0.002200,0.006000,
-0.002300,0.005200,
0.003000,0.005200,
0.021700,0.005200,
0.025500,0.004500,
0.018000,0.003000,
0.012000,0.000700,
0.001500,-0.004600,
-0.004600,-0.010500,
-0.003000,-0.012000,
-0.005300,-0.007500,
-0.008300,-0.004600,
-0.007500,-0.003000,
-0.005300,-0.002300,
-0.004600,0.000700,
-0.007500,0.004500,
-0.006000,0.007500,
0.004500,0.006700,
0.006700,0.004500,
-0.001500,0.001500,
-0.003000,-0.003000,
-0.000800,-0.003800,
0.001500,-0.000800,
0.000700,-0.001500,
-0.006800,-0.000800,
-0.004600,-0.000800,
0.001500,-0.001500,
0.003000,-0.000800,
-0.004600,-0.001500,
-0.012800,-0.000800,
-0.005300,0.000700,
-0.001500,0.001500,
0.002200,0.001500,
0.005200,0.001500,
0.008200,0.000700,
0.018000,0.000700,
0.014200,0.000700,
0.003000,0.000700,
-0.003800,0.000700,
-0.005300,-0.000800,
-0.005300,0.003000,
0.000700,0.003000,
0.004500,-0.002300,
0.000000,-0.001500,
-0.005300,0.000700,
-0.007500,-0.000800,
-0.006000,0.000700,
-0.000800,-0.001500,
0.008200,-0.005300,
0.009000,-0.006000,
0.004500,-0.003000,
0.002200,-0.002300,
0.001500,-0.004600,
-0.003000,-0.003000,
-0.004600,-0.002300,
0.000700,0.000000,
0.004500,0.000700,
0.006000,-0.000800,
-0.000800,0.000700,
-0.006000,0.003000,
-0.004600,0.003000,
-0.003000,0.004500,
-0.001500,0.004500,
-0.001500,0.001500,
-0.003000,0.003000,
-0.003800,0.003700,
-0.003000,0.003000,
-0.000800,0.004500,
0.000700,0.003000,
0.001500,0.000700,
0.003000,-0.001500,
0.000700,-0.003000,
0.000700,-0.004600,
0.002200,-0.002300,
-0.001500,-0.003000,
-0.008300,-0.006000,
-0.010500,-0.003800,
-0.004600,-0.000800,
0.005200,0.002200,
0.008200,0.004500,
0.005200,0.002200,
0.009000,0.001500,
0.015700,0.003000,
0.015700,0.002200,
0.009000,0.001500,
0.004500,0.002200,
-0.000800,0.000700,
-0.005300,0.002200,
-0.006000,0.005200,
-0.008300,0.002200,
-0.007500,-0.000800,
-0.003800,-0.004600,
0.000000,-0.004600,
0.003700,-0.001500,
0.008200,-0.003000,
0.006700,-0.005300,
0.000700,-0.003000,
-0.001500,-0.003800,
-0.003800,-0.001500,
-0.004600,0.001500,
-0.007500,0.003000,
-0.011300,0.006000,
-0.009100,0.003700,
-0.003800,0.001500,
0.000000,-0.000800,
0.005200,-0.002300,
0.007500,-0.003800,
0.006700,-0.004600,
0.008200,-0.002300,
0.003700,-0.004600,
0.001500,-0.005300,
0.000000,-0.003000,
-0.002300,-0.001500,
-0.003000,0.000700,
-0.009800,0.000000,
-0.009100,-0.000800,
-0.004600,0.000700,
-0.002300,0.000700,
0.000700,0.000700,
0.001500,-0.000800,
0.005200,0.000700,
0.015000,0.002200,
0.012000,0.000700,
0.005200,0.002200,
0.006000,0.002200,
0.004500,0.003000,
0.001500,0.004500,
-0.004600,0.001500,
-0.006000,0.003000,
-0.007500,0.004500,
-0.006800,0.003700,
-0.004600,0.001500,
-0.005300,-0.003000,
-0.005300,-0.004600,
-0.006000,-0.004600,
-0.000800,-0.003000,
-0.002300,-0.001500,
-0.001500,-0.003000,
-0.001500,-0.001500,
-0.003000,0.002200,
-0.001500,0.001500,
-0.001500,0.001500,
-0.000800,0.000700,
-0.001500,0.002200,
-0.000800,0.007500,
-0.003000,0.006000,
-0.004600,0.000700,
-0.006800,0.000700,
-0.006000,0.000700,
-0.003800,0.000000,
-0.002300,0.000700,
0.000700,-0.000800,
0.000000,-0.001500,
0.000700,-0.006800,
0.000700,-0.006800,
0.000700,-0.004600,
0.002200,-0.005300,
0.000700,-0.000800,
0.000700,-0.001500,
0.001500,-0.003000,
0.001500,-0.003000,
0.002200,-0.000800,
0.003000,-0.003000,
0.003000,-0.007500,
0.001500,-0.004600,
0.003000,0.002200,
0.004500,0.008200,
0.002200,0.008200,
0.002200,0.006700,
-0.002300,0.005200,
-0.003800,-0.000800,
-0.004600,0.000700,
-0.004600,0.005200,
-0.000800,0.005200,
-0.000800,0.003700,
0.004500,0.001500,
0.009000,0.000700,
0.006700,0.000700,
0.001500,-0.000800,
0.000700,-0.000800,
-0.001500,-0.001500,
-0.002300,0.000000,
-0.001500,-0.000800,
-0.005300,-0.003000,
-0.006800,0.000000,
-0.008300,0.000700,
-0.006000,0.000000,
-0.002300,0.000000,
-0.000800,0.003000,
0.001500,0.003000,
-0.000800,-0.001500,
0.000700,-0.003000,
0.001500,-0.002300,
0.000000,-0.004600,
0.000700,-0.006800,
0.003000,-0.008300,
0.003000,-0.006800,
0.000000,-0.006000,
-0.003000,-0.000800,
-0.000800,0.005200,
0.006000,0.005200,
0.008200,0.004500,
0.004500,0.000700,
0.004500,-0.003000,
0.003700,-0.004600,
0.000700,0.001500,
0.002200,0.006000,
0.003000,0.008200,
0.002200,0.006700,
0.001500,-0.000800,
-0.001500,-0.001500,
-0.000800,0.003000,
-0.000800,0.003700,
-0.002300,-0.001500,
0.000000,-0.008300,
0.004500,-0.009100,
0.005200,-0.004600,
0.006700,0.000000,
0.009000,0.003000,
0.006700,0.003000,
0.006000,0.004500,
0.008200,0.003000,
0.005200,0.003000,
0.003000,0.000700,
0.001500,0.003000,
0.003700,0.010500,
0.004500,0.009000,
0.001500,0.003000,
-0.000800,0.000700,
-0.005300,-0.004600,
-0.007500,-0.007500,
-0.007500,-0.006800,
-0.010500,-0.005300,
-0.010500,-0.000800,
-0.010500,-0.001500,
-0.012800,-0.002300,
-0.014300,-0.001500,
-0.014300,-0.001500,
-0.014300,-0.001500,
-0.009800,-0.003000,
-0.002300,-0.000800,
0.005200,0.005200,
0.006000,0.005200,
0.008200,0.001500,
0.012000,0.006000,
0.010500,0.006700,
0.003000,0.002200,
0.000700,-0.001500,
0.006700,-0.006800,
0.010500,-0.007500,
0.005200,-0.005300,
-0.003800,-0.000800,
-0.005300,0.000000,
0.000000,0.003000,
0.006000,0.005200,
0.003000,0.001500,
-0.001500,-0.001500,
-0.000800,0.001500,
-0.002300,0.002200,
0.001500,-0.000800,
0.000700,-0.003000,
0.003000,-0.005300,
0.003000,-0.005300,
0.003000,-0.003000,
0.003000,-0.003000,
-0.002300,-0.001500,
-0.001500,-0.001500,
-0.002300,0.000700,
-0.003000,0.000700,
-0.004600,0.002200,
-0.003800,0.000000,
-0.003800,-0.004600,
-0.004600,-0.001500,
-0.007500,0.000000,
-0.004600,0.004500,
0.003700,0.003000,
0.003000,-0.003800,
-0.003000,-0.005300,
-0.006800,-0.002300,
-0.006800,-0.001500,
-0.009100,-0.000800,
-0.006800,0.001500,
-0.004600,0.003700,
-0.003000,0.008200,
-0.001500,0.004500,
0.000700,0.000700,
0.003700,0.000000,
0.003700,-0.001500,
0.003000,0.002200,
0.000700,0.003000,
0.000700,-0.002300,
0.000700,-0.006000,
0.001500,-0.003800,
0.000700,-0.000800,
-0.000800,0.003000,
0.000700,0.004500,
-0.000800,0.004500,
-0.000800,0.010500,
0.001500,0.012700,
0.000700,0.011200,
0.000000,0.000000,
0.001500,-0.010500,
0.003000,-0.007500,
0.004500,-0.003800,
0.002200,-0.001500,
-0.000800,-0.002300,
-0.001500,0.003700,
-0.005300,0.004500,
-0.001500,-0.000800,
0.003000,-0.003000,
0.005200,-0.006800,
0.003000,-0.003000,
0.000700,-0.004600,
0.003700,-0.008300,
0.008200,-0.006000,
0.009000,-0.003000,
0.002200,-0.005300,
-0.001500,-0.003000,
-0.003000,0.002200,
-0.003000,-0.002300,
-0.003800,-0.002300,
-0.003800,0.000700,
-0.000800,0.000000,
0.007500,0.001500,
0.012700,0.003000,
0.004500,-0.000800,
0.001500,0.003700,
0.001500,0.012000,
-0.000800,0.012700,
-0.002300,0.012000,
-0.004600,0.010500,
-0.003000,0.006000,
-0.001500,0.006000,
0.000700,0.004500,
-0.001500,-0.000800,
-0.006000,-0.001500,
-0.006000,-0.009100,
-0.001500,-0.009800,
-0.001500,-0.009100,
-0.003000,-0.012000,
-0.002300,-0.007500,
0.001500,-0.003800,
0.005200,0.000000,
0.003000,0.000000,
-0.000800,0.000700,
-0.003800,0.000700,
-0.003800,0.003700,
-0.004600,0.001500,
-0.002300,-0.001500,
0.002200,0.001500,
0.005200,0.002200,
0.006700,0.003000,
0.005200,0.005200,
0.006700,0.001500,
0.009000,-0.003000,
0.004500,-0.003000,
-0.001500,-0.000800,
-0.003800,0.004500,
-0.003000,0.008200,
0.000000,0.009700,
0.003000,0.001500,
0.004500,-0.005300,
0.008200,-0.004600,
0.012000,-0.005300,
0.010500,-0.003000,
0.005200,-0.004600,
0.001500,-0.006800,
-0.000800,-0.003000,
-0.003800,-0.003800,
-0.006800,-0.002300,
-0.006000,-0.004600,
-0.006000,-0.007500,
-0.006800,-0.003800,
-0.004600,-0.000800,
-0.004600,0.001500,
-0.004600,0.003700,
-0.006000,0.002200,
-0.006000,0.000000,
-0.003800,0.005200,
-0.004600,0.012000,
0.000000,0.009000,
0.000000,0.006000,
-0.003800,0.005200,
-0.004600,0.004500,
-0.002300,0.005200,
0.000000,0.000700,
0.001500,-0.002300,
0.005200,-0.002300,
0.008200,-0.003800,
0.005200,-0.001500,
0.001500,-0.000800,
-0.000800,-0.003000,
-0.003000,-0.009100,
-0.003000,-0.004600,
0.000000,-0.000800,
0.001500,-0.006000,
0.001500,-0.001500,
0.002200,0.000700,
0.004500,0.000000,
0.005200,0.000000,
0.001500,0.000700,
0.000000,-0.001500,
-0.000800,-0.006800,
-0.001500,-0.003800,
-0.003000,-0.001500,
-0.003800,0.000700,
-0.001500,0.001500,
0.000000,0.000700,
-0.000800,-0.000800,
-0.003000,-0.002300,
0.000700,-0.001500,
0.000700,0.000700,
0.000700,0.000700,
0.000000,0.001500,
-0.001500,0.000000,
0.002200,-0.004600,
0.000700,-0.004600,
0.000000,0.000000,
0.000700,0.006700,
0.002200,0.003000,
0.003700,-0.001500,
0.002200,-0.001500,
0.003000,0.000000,
0.005200,0.009000,
0.002200,0.012700,
-0.001500,0.008200,
-0.000800,0.002200,
-0.002300,-0.001500,
-0.003000,0.001500,
-0.003000,0.000000,
-0.000800,-0.012000,
0.000000,-0.015000,
0.000700,-0.008300,
0.000700,-0.002300,
0.000700,-0.000800,
0.000000,-0.003000,
-0.001500,-0.005300,
0.000700,-0.007500,
-0.000800,-0.003000,
-0.000800,-0.000800,
0.000000,0.001500,
0.000700,0.006700,
0.001500,0.007500,
-0.002300,0.004500,
-0.001500,0.000000,
0.001500,-0.003000,
0.003700,-0.001500,
0.003700,0.004500,
-0.003000,0.001500,
-0.003000,0.004500,
0.001500,0.005200,
0.004500,0.005200,
0.001500,0.008200,
-0.002300,0.005200,
-0.001500,0.000000,
-0.003800,-0.002300,
-0.002300,0.000700,
-0.001500,0.004500,
-0.003000,0.008200,
-0.002300,0.004500,
-0.004600,0.003000,
-0.003000,0.006000,
0.000000,0.006700,
-0.000800,0.004500,
0.000000,-0.005300,
0.001500,-0.016500,
0.003000,-0.018800,
0.001500,-0.011300,
0.001500,-0.004600,
0.000700,-0.003800,
0.001500,-0.008300,
0.001500,-0.007500,
0.000700,0.003000,
0.000000,0.006700,
-0.001500,0.006000,
-0.001500,0.006000,
-0.000800,0.010500,
-0.002300,0.010500,
-0.003000,0.009000,
-0.004600,0.004500,
-0.005300,0.000000,
-0.003000,-0.000800,
0.001500,0.000000,
0.000700,-0.001500,
0.001500,-0.006000,
0.004500,-0.005300,
0.005200,-0.004600,
0.005200,-0.005300,
0.004500,-0.000800,
0.004500,0.001500,
0.006700,0.008200,
0.008200,0.011200,
0.006700,0.001500,
0.003700,-0.006800,
0.000700,-0.005300,
-0.000800,-0.001500,
0.000000,0.000000,
-0.002300,-0.001500,
-0.004600,-0.006000,
-0.003800,-0.008300,
-0.000800,-0.009100,
0.001500,-0.008300,
0.001500,-0.005300,
0.003000,-0.002300,
0.005200,0.000700,
0.003000,0.001500,
0.000700,0.003700,
0.000700,0.004500,
0.001500,0.005200,
0.000000,0.006700,
-0.001500,0.006000,
-0.000800,0.009000,
-0.000800,0.011200,
-0.000800,0.008200,
0.000000,0.003000,
-0.000800,-0.004600,
0.000000,-0.007500,
-0.001500,-0.003800,
-0.005300,0.000700,
-0.003000,0.000700,
-0.002300,-0.000800,
-0.003000,-0.003000,
-0.004600,-0.004600,
-0.003800,-0.009100,
-0.000800,-0.007500,
-0.001500,-0.003000,
-0.002300,0.003000,
-0.003000,0.003000,
-0.003800,0.002200,
-0.000800,0.001500,
-0.000800,-0.001500,
0.000700,0.001500,
0.000700,0.004500,
0.000000,0.005200,
-0.000800,0.005200,
-0.001500,0.000700,
-0.002300,-0.002300,
-0.003000,-0.001500,
-0.003000,-0.003000,
-0.000800,-0.000800,
-0.000800,0.009000,
-0.001500,0.012700,
-0.002300,0.006700,
-0.001500,0.001500,
0.000700,0.001500,
0.001500,-0.005300,
0.000700,-0.006800,
-0.001500,-0.000800,
0.000000,0.003700,
0.001500,0.003000,
0.001500,-0.000800,
0.003000,-0.000800,
0.002200,-0.000800,
0.002200,0.000000,
0.003000,-0.000800,
0.003000,-0.001500,
0.000700,-0.005300,
0.003000,-0.009100,
0.003000,-0.003000,
0.001500,-0.001500,
0.003000,-0.003000,
0.000700,-0.002300,
-0.000800,-0.003800,
-0.001500,-0.003000,
-0.002300,-0.003000,
-0.000800,-0.002300,
0.001500,-0.003000,
0.001500,-0.006000,
0.000700,-0.005300,
0.003000,-0.002300,
0.001500,0.003000,
-0.000800,0.005200,
0.000000,0.009000,
0.001500,0.008200,
0.003700,0.003000,
0.005200,-0.003000,
0.006700,-0.009100,
0.004500,-0.005300,
0.004500,-0.001500,
0.004500,-0.001500,
0.003000,0.003000,
0.001500,0.006000,
0.000000,0.006000,
-0.001500,0.003000,
-0.004600,0.000000,
-0.005300,0.002200,
-0.004600,0.004500,
-0.002300,-0.000800,
-0.003000,-0.003000,
-0.003000,-0.003800,
-0.001500,-0.006800,
-0.003800,-0.006800,
-0.003800,-0.003000,
-0.004600,-0.004600,
-0.004600,-0.006800,
-0.003800,-0.008300,
-0.003000,-0.004600,
0.001500,0.004500,
0.003000,0.007500,
0.002200,0.005200,
0.003000,0.003000,
0.001500,0.001500,
-0.000800,0.000700,
-0.001500,-0.003000,
-0.001500,-0.001500,
0.000700,0.000700,
0.001500,0.003700,
0.000000,0.005200,
-0.002300,0.007500,
-0.003000,0.003700,
-0.003000,0.000000,
-0.003000,-0.000800,
-0.001500,-0.000800,
-0.001500,0.004500,
-0.000800,0.008200,
0.000700,0.006700,
0.002200,0.001500,
0.001500,-0.000800,
0.000700,-0.001500,
0.000700,-0.001500,
0.000700,-0.000800,
0.000700,0.000000,
-0.000800,0.000700,
-0.001500,0.000700,
-0.000800,0.000700,
0.000000,0.001500,
-0.001500,-0.002300,
-0.003000,-0.001500,
-0.003000,-0.000800,
-0.003800,-0.004600,
0.000000,-0.006000,
0.000000,-0.005300,
0.000700,-0.005300,
0.000700,-0.003000,
-0.000800,0.002200,
0.004500,0.003000,
0.006000,0.005200,
0.004500,0.004500,
0.003000,0.003700,
0.001500,0.003000,
-0.002300,-0.003000,
-0.003800,-0.000800,
-0.003000,0.000700,
-0.000800,-0.001500,
0.000700,-0.000800,
-0.000800,0.000700,
-0.002300,-0.001500,
-0.003000,-0.001500,
-0.004600,0.003000,
-0.004600,0.003000,
-0.000800,0.000700,
0.003000,0.000700,
0.002200,0.000000,
0.001500,-0.000800,
0.003000,-0.001500,
0.007500,-0.003000,
0.006700,-0.000800,
0.005200,-0.002300,
0.004500,-0.008300,
0.001500,-0.007500,
0.003000,-0.007500,
0.001500,-0.006800,
-0.000800,-0.001500,
-0.000800,0.000700,
0.001500,0.000700,
0.003700,0.002200,
0.001500,0.003000,
0.000700,0.003700,
-0.002300,0.004500,
-0.006000,0.001500,
-0.005300,0.001500,
-0.005300,0.004500,
-0.002300,0.002200,
-0.001500,0.005200,
-0.002300,0.003000,
0.000000,0.000000,
-0.000800,0.000700,
0.000000,-0.002300,
0.000000,-0.004600,
-0.000800,-0.003000,
-0.000800,-0.001500,
0.000700,-0.002300,
0.001500,-0.001500,
0.001500,-0.002300,
0.000000,0.000000,
-0.002300,0.000700,
-0.001500,0.000700,
0.000000,0.001500,
0.000700,-0.001500,
0.000700,-0.003000,
0.003000,-0.003000,
0.003000,-0.000800,
0.001500,0.003000,
0.003000,0.003700,
0.003000,-0.000800,
0.000000,-0.000800,
-0.000800,0.001500,
-0.001500,0.001500,
-0.002300,0.005200,
-0.001500,0.006700,
-0.004600,0.006700,
-0.004600,0.004500,
-0.003800,0.006000,
-0.003000,0.003700,
-0.001500,0.001500,
0.000700,0.000700,
0.000700,-0.000800,
0.003000,0.004500,
0.000700,0.004500,
0.000700,0.004500,
0.000700,0.003000,
0.000000,0.002200,
-0.000800,0.000700,
-0.004600,-0.003800,
-0.005300,-0.005300,
-0.006800,-0.008300,
-0.003800,-0.009800,
-0.001500,-0.009100,
0.000700,-0.006800,
0.004500,-0.004600,
0.003000,-0.002300,
0.005200,-0.000800,
0.006700,0.000700,
0.004500,0.001500,
0.003700,0.000700,
0.003000,0.005200,
0.001500,0.008200,
0.003000,0.004500,
0.002200,0.000700,
0.001500,-0.000800,
0.003000,-0.001500,
-0.000800,-0.003800,
-0.000800,-0.004600,
-0.003000,-0.004600,
-0.003800,-0.002300,
-0.002300,0.001500,
-0.000800,0.004500,
0.001500,0.004500,
-0.000800,0.003000,
-0.000800,0.000700,
-0.001500,0.000000,
-0.003800,0.000700,
-0.004600,0.000000,
-0.004600,0.002200,
-0.001500,0.004500,
-0.002300,0.003700,
-0.004600,0.000700,
-0.003800,0.000700,
-0.001500,0.002200,
-0.000800,0.001500,
0.002200,0.001500,
0.004500,-0.000800,
0.003000,-0.000800,
0.002200,0.000700,
0.003000,-0.000800,
0.004500,-0.001500,
0.000700,-0.001500,
-0.001500,-0.003000,
-0.003000,-0.001500,
-0.004600,-0.000800,
-0.004600,0.001500,
-0.003800,0.001500,
-0.002300,0.000000,
-0.001500,-0.000800,
0.000700,-0.003000,
0.000700,-0.003000,
0.000700,-0.000800,
0.000700,0.001500,
0.003000,0.001500,
0.005200,-0.001500,
0.004500,0.000000,
0.005200,-0.000800,
0.003000,-0.000800,
0.001500,-0.002300,
0.002200,-0.001500,
0.000700,0.000000,
0.000700,-0.002300,
-0.001500,-0.005300,
-0.003000,-0.007500,
-0.003000,-0.008300,
-0.003000,-0.005300,
-0.003800,-0.004600,
-0.008300,-0.005300,
-0.008300,-0.002300,
-0.005300,-0.000800,
-0.004600,-0.000800,
-0.000800,0.001500,
0.000700,0.003000,
0.000000,0.004500,
0.002200,0.003000,
0.005200,-0.000800,
0.005200,0.000700,
0.005200,-0.001500,
0.003700,-0.001500,
0.001500,0.002200,
0.000000,0.003700,
-0.001500,0.004500,
-0.000800,0.003000,
-0.001500,0.000700,
-0.003000,-0.001500,
-0.002300,-0.000800,
-0.001500,0.000000,
-0.001500,-0.000800,
-0.001500,0.000700,
-0.000800,0.003000,
-0.000800,0.003000,
0.000700,0.001500,
0.000700,0.000700,
-0.000800,0.000700,
0.000700,0.000700,
0.001500,0.002200,
-0.000800,0.004500,
0.000700,0.007500,
0.000000,0.008200,
0.002200,0.006700,
0.003000,0.003000,
0.001500,0.000700,
0.003000,0.000700,
0.003700,-0.001500,
0.005200,-0.000800,
0.004500,-0.003000,
0.003700,-0.005300,
0.006700,-0.006800,
0.003700,-0.006000,
0.003000,-0.004600,
-0.000800,-0.001500,
-0.003800,-0.000800,
-0.001500,-0.004600,
-0.003000,-0.003000,
-0.004600,-0.000800,
-0.003000,-0.000800,
-0.000800,-0.001500,
-0.003000,-0.000800,
-0.006000,0.000700,
-0.006000,0.001500,
-0.006000,0.003000,
-0.002300,0.002200,
0.000700,0.003000,
-0.000800,0.001500,
-0.000800,0.003700,
0.003000,0.004500,
0.005200,0.001500,
0.006000,0.000700,
0.007500,0.001500,
0.006700,0.003000,
0.004500,0.000700,
0.004500,-0.000800,
0.003700,-0.001500,
0.001500,-0.003000,
0.001500,-0.002300,
0.000000,-0.005300,
0.000000,-0.003000,
0.000700,-0.000800,
0.003000,-0.003000,
0.004500,-0.001500,
0.003000,-0.001500,
0.001500,-0.001500,
0.000000,-0.001500,
-0.001500,-0.001500,
-0.000800,-0.001500,
-0.000800,-0.003000,
-0.002300,-0.002300,
-0.002300,-0.000800,
-0.002300,0.000700,
-0.003800,-0.001500,
-0.006000,-0.003800,
-0.006000,-0.001500,
-0.006000,-0.000800,
-0.003000,-0.001500,
-0.000800,-0.000800,
-0.000800,0.000700,
0.001500,0.004500,
0.003700,0.006700,
0.001500,0.005200,
-0.000800,0.004500,
0.001500,0.005200,
0.004500,0.004500,
0.004500,-0.000800,
0.004500,-0.000800,
0.006700,0.000700,
0.006700,0.001500,
0.003700,-0.000800,
0.003000,-0.001500,
0.001500,0.000700,
0.002200,0.000000,
0.000000,-0.003000,
-0.001500,-0.003000,
-0.001500,0.000700,
-0.004600,0.000700,
-0.006000,-0.001500,
-0.008300,-0.002300,
-0.006800,-0.003800,
-0.005300,-0.002300,
-0.003000,-0.001500,
0.000000,-0.000800,
0.000000,0.001500,
0.001500,0.004500,
0.001500,0.004500,
0.004500,0.006700,
0.003000,0.006700,
0.001500,0.005200,
0.002200,0.003000,
0.003000,0.000700,
0.002200,-0.000800,
0.001500,-0.003000,
0.003000,-0.003000,
-0.000800,-0.005300,
-0.003800,-0.006800,
-0.004600,-0.006000,
-0.003800,-0.007500,
-0.004600,-0.006800,
-0.004600,-0.006800,
-0.002300,-0.003000,
-0.000800,0.001500,
0.002200,0.003000,
0.003000,0.004500,
0.006000,0.006700,
0.009000,0.009000,
0.006000,0.008200,
0.000700,0.007500,
-0.001500,0.006700,
-0.003000,0.004500,
-0.003000,0.004500,
-0.004600,0.004500,
-0.004600,0.003000,
-0.001500,0.000000,
-0.001500,0.000700,
-0.003000,0.003700,
0.000000,0.003000,
0.005200,-0.000800,
0.006000,-0.002300,
0.003700,-0.004600,
0.000000,-0.006000,
0.000700,-0.008300,
-0.000800,-0.005300,
-0.000800,-0.003800,
-0.001500,-0.002300,
-0.003000,0.000000,
-0.001500,0.001500,
0.003000,0.003000,
0.003000,0.001500,
-0.001500,0.000000,
-0.004600,0.002200,
-0.007500,0.003000,
-0.006800,0.001500,
-0.006800,0.004500,
-0.005300,0.003000,
-0.004600,0.003000,
-0.004600,0.001500,
-0.001500,-0.001500,
-0.003000,-0.000800,
-0.003800,-0.000800,
-0.004600,-0.003000,
-0.005300,-0.004600,
-0.005300,-0.006800,
-0.004600,-0.007500,
-0.000800,-0.005300,
0.000000,-0.003800,
0.003000,-0.002300,
0.006700,-0.003000,
0.006700,-0.003800,
0.001500,-0.003000,
-0.000800,-0.001500,
-0.003000,0.002200,
-0.003800,0.003700,
-0.003000,0.006700,
-0.003800,0.006700,
-0.002300,0.005200,
-0.002300,0.005200,
0.000700,0.003700,
0.001500,0.003000,
0.006000,0.000700,
0.008200,-0.001500,
0.005200,-0.001500,
0.006000,0.000700,
0.004500,0.000700,
0.003000,0.000000,
0.001500,-0.000800,
0.002200,-0.002300,
0.004500,-0.004600,
0.002200,-0.005300,
0.000000,-0.006800,
0.000700,-0.004600,
0.000700,-0.003000,
0.003000,0.000700,
0.005200,0.002200,
0.006700,0.005200,
0.004500,0.007500,
0.001500,0.005200,
0.000700,0.006000,
-0.000800,0.004500,
0.000700,0.005200,
0.004500,0.005200,
0.002200,0.001500,
0.000700,0.000000,
0.003000,0.000700,
0.001500,0.000700,
-0.003000,-0.001500,
-0.003000,-0.004600,
-0.003000,-0.003000,
-0.002300,0.000000,
0.000700,-0.001500,
0.003000,-0.002300,
0.000700,-0.002300,
-0.001500,-0.003000,
-0.004600,-0.004600,
-0.006800,-0.006800,
-0.005300,-0.004600,
-0.003000,-0.003000,
-0.003000,-0.001500,
-0.003000,-0.000800,
-0.003800,-0.000800,
-0.006800,0.000000,
-0.008300,0.000700,
-0.006800,-0.001500,
-0.003000,0.000700,
-0.002300,0.003000,
-0.000800,0.002200,
0.000000,0.002200,
0.000700,0.003000,
0.000700,0.004500,
-0.000800,0.003700,
-0.000800,0.006700,
0.000000,0.007500,
0.002200,0.005200,
0.000700,0.004500,
-0.000800,0.002200,
-0.000800,0.001500,
0.000700,0.000000,
0.003000,-0.000800,
0.001500,-0.001500,
0.000000,-0.001500,
-0.003000,-0.001500,
-0.002300,-0.003000,
-0.003000,-0.004600,
-0.000800,-0.003000,
-0.001500,-0.003800,
0.000000,-0.003000,
0.003000,0.000000,
0.006000,-0.003000,
0.002200,-0.000800,
0.000700,0.000700,
0.003700,-0.000800,
0.004500,0.000700,
0.003700,-0.000800,
0.004500,0.000000,
0.004500,-0.000800,
0.004500,-0.000800,
0.006000,0.000700,
0.006700,0.001500,
0.006700,0.003700,
0.006700,0.003000,
0.006000,0.003000,
0.006000,0.003000,
0.004500,0.002200,
0.003000,0.003000,
0.004500,0.000700,
0.003700,-0.002300,
0.000700,-0.001500,
-0.003000,-0.002300,
-0.006800,-0.002300,
-0.006000,-0.001500,
-0.001500,0.000000,
0.000000,0.002200,
-0.001500,0.001500,
-0.003000,0.001500,
-0.001500,0.003000,
-0.000800,0.003000,
0.001500,0.000700,
0.003000,0.000000,
0.001500,0.001500,
0.000700,0.002200,
-0.001500,-0.000800,
-0.005300,0.001500,
-0.003000,0.000700,
0.000700,-0.001500,
0.001500,-0.000800,
0.000000,-0.001500,
-0.000800,-0.000800,
-0.000800,-0.001500,
-0.001500,-0.001500,
-0.000800,-0.003000,
0.000000,-0.003000,
0.000000,-0.003000,
-0.003000,-0.003000,
-0.001500,-0.001500,
-0.003800,-0.001500,
-0.006000,0.000700,
-0.005300,-0.000800,
-0.006000,-0.001500,
-0.004600,-0.003000,
-0.004600,-0.003000,
-0.000800,-0.002300,
0.001500,-0.003000,
0.000700,-0.000800,
0.000700,-0.001500,
0.000000,-0.001500,
0.000700,-0.000800,
0.001500,-0.000800,
0.001500,0.001500,
0.000700,0.001500,
-0.001500,-0.003000,
-0.003800,-0.004600,
-0.006000,-0.003000,
-0.007500,-0.003000,
-0.004600,-0.003800,
-0.001500,-0.000800,
-0.003000,0.001500,
-0.003800,0.001500,
-0.004600,0.003700,
-0.001500,0.004500,
-0.001500,0.004500,
0.001500,0.006700,
0.002200,0.007500,
0.004500,0.006700,
0.007500,0.005200,
0.010500,0.003000,
0.012000,0.001500,
0.010500,0.000000,
0.008200,-0.000800,
0.003000,0.000700,
0.002200,0.000000,
0.001500,0.000700,
0.001500,-0.000800,
0.004500,-0.003000,
0.003700,-0.002300,
0.005200,-0.004600,
0.004500,-0.004600,
0.004500,-0.003000,
0.002200,-0.005300,
0.001500,-0.006000,
0.003700,-0.005300,
0.003000,-0.001500,
0.002200,-0.000800,
0.000700,-0.001500,
0.001500,-0.000800,
0.001500,-0.001500,
-0.000800,-0.000800,
-0.003000,0.001500,
-0.005300,0.004500,
-0.006800,0.004500,
-0.008300,0.004500,
-0.009100,0.005200,
-0.009100,0.005200,
-0.010500,0.003700,
-0.010500,0.002200,
-0.012000,0.003700,
-0.012000,0.004500,
-0.012800,0.003700,
-0.011300,0.000700,
-0.006000,-0.001500,
-0.003000,-0.000800,
-0.001500,-0.000800,
0.000000,-0.001500,
0.003000,-0.001500,
0.002200,0.000700,
0.002200,0.000700,
0.004500,-0.000800,
0.004500,-0.001500,
0.004500,0.000000,
0.001500,0.000700,
0.000000,-0.000800,
-0.000800,-0.001500,
0.000700,-0.000800,
0.003000,0.000700,
0.002200,-0.000800,
0.005200,-0.000800,
0.006700,-0.000800,
0.008200,-0.002300,
0.006700,-0.003000,
0.005200,-0.003000,
0.004500,-0.000800,
0.002200,-0.000800,
0.002200,0.001500,
-0.000800,0.000700,
0.001500,0.001500,
0.004500,0.003000,
0.003000,0.001500,
0.008200,0.000000,
0.007500,-0.003800,
0.004500,-0.003800,
0.001500,-0.003000,
0.000700,-0.001500,
0.002200,0.001500,
0.000000,0.001500,
-0.003800,0.000000,
-0.005300,0.000000,
-0.007500,0.000700,
-0.008300,-0.001500,
-0.007500,-0.001500,
-0.004600,0.000000,
-0.003000,0.000700,
-0.001500,0.000000,
-0.003000,-0.000800,
-0.004600,-0.002300,
-0.005300,-0.003800,
-0.006800,-0.006000,
-0.004600,-0.009100,
-0.003000,-0.006000,
-0.003000,-0.004600,
-0.000800,-0.003000,
-0.002300,-0.000800,
-0.003000,-0.000800,
-0.003800,-0.003000,
-0.005300,-0.003000,
-0.008300,0.000700,
-0.007500,-0.000800,
-0.004600,0.000700,
-0.002300,0.001500,
-0.002300,0.001500,
-0.003000,0.001500,
0.003000,0.003000,
0.004500,0.003000,
0.003000,0.001500,
0.003700,0.001500,
0.000700,0.001500,
0.002200,0.000700,
0.005200,-0.001500,
0.004500,-0.003800,
0.006700,-0.002300,
0.009000,-0.000800,
0.008200,0.000000,
0.009000,0.000700,
0.009700,0.003000,
0.009700,0.005200,
0.009700,0.008200,
0.007500,0.007500,
0.004500,0.006700,
0.003700,0.008200,
0.000700,0.006000,
0.000700,0.004500,
0.000700,0.002200,
-0.002300,0.000700,
-0.004600,0.001500,
-0.003800,0.000700,
-0.003800,0.000000,
-0.003000,-0.000800,
-0.000800,-0.001500,
-0.001500,-0.000800,
-0.001500,-0.001500,
0.001500,-0.001500,
0.002200,0.000000,
0.001500,0.000700,
0.000700,-0.000800,
-0.001500,0.000000,
-0.003800,0.000000,
-0.005300,-0.000800,
-0.005300,-0.001500,
-0.003000,-0.004600,
-0.000800,-0.002300,
0.000000,0.002200,
0.000700,0.001500,
-0.000800,0.001500,
-0.001500,0.003000,
-0.003000,0.001500,
-0.006000,0.000700,
-0.006000,0.000700,
-0.006000,0.000700,
-0.006800,0.000700,
-0.006000,-0.000800,
-0.003000,-0.000800,
0.000000,-0.001500,
-0.001500,-0.003000,
0.000700,-0.003000,
0.003000,-0.001500,
0.000000,-0.001500,
-0.000800,-0.001500,
0.003000,-0.003800,
0.003000,-0.004600,
0.005200,-0.001500,
0.005200,-0.004600,
0.004500,-0.006000,
0.004500,-0.002300,
0.004500,-0.003000,
0.008200,-0.003000,
0.008200,-0.003000,
0.006000,-0.001500,
0.005200,-0.002300,
0.005200,-0.001500,
0.008200,0.000000,
0.005200,-0.000800,
0.000000,-0.001500,
-0.003800,0.000700,
-0.003000,0.003000,
-0.003800,0.004500,
-0.003800,0.004500,
-0.002300,0.003700,
-0.004600,0.005200,
-0.005300,0.004500,
-0.006800,0.001500,
-0.007500,0.000700,
-0.008300,0.000700,
-0.008300,0.000700,
-0.006800,-0.000800,
-0.005300,0.000000,
-0.005300,-0.001500,
-0.004600,-0.001500,
-0.001500,-0.000800,
0.000700,-0.000800,
0.005200,0.000000,
0.005200,-0.000800,
0.001500,0.000000,
0.001500,0.000000,
0.003000,0.000000,
0.003000,0.000700,
0.005200,0.001500,
0.006700,0.003000,
0.003700,0.005200,
0.003700,0.004500,
0.004500,0.003000,
-0.003000,0.004500,
-0.007500,0.002200,
-0.007500,0.001500,
-0.009100,0.000700,
-0.007500,0.000000,
-0.004600,0.000000,
-0.002300,-0.000800,
-0.000800,0.000000,
-0.001500,0.000700,
-0.003000,0.000000,
0.000700,-0.002300,
0.003700,-0.002300,
0.006700,-0.001500,
0.006000,-0.000800,
0.005200,0.000700,
0.006700,-0.000800,
0.006000,-0.004600,
0.005200,-0.005300,
0.003700,-0.005300,
0.005200,-0.002300,
0.004500,-0.000800,
0.003000,-0.000800,
0.002200,0.000700,
0.000700,0.003000,
0.003000,0.004500,
0.001500,0.004500,
-0.000800,0.003700,
-0.003000,0.003000,
-0.001500,0.003700,
-0.000800,0.003700,
-0.001500,0.003000,
-0.005300,0.000000,
-0.006000,-0.000800,
-0.001500,-0.000800,
0.000700,0.000700,
0.002200,0.001500,
0.000000,0.000000,
-0.000800,-0.001500,
0.003000,-0.001500,
0.003000,-0.003800,
0.001500,-0.004600,
0.001500,-0.003800,
0.000700,-0.004600,
0.000000,-0.004600,
-0.001500,-0.004600,
-0.003000,-0.003800,
-0.003000,-0.001500,
-0.000800,-0.000800,
0.002200,0.001500,
0.003000,0.003000,
0.000700,0.003000,
0.003000,0.005200,
0.010500,0.005200,
0.007500,0.002200,
-0.001500,0.003000,
-0.003000,0.001500,
-0.000800,0.001500,
-0.000800,0.002200,
0.000700,0.000000,
0.001500,0.000700,
0.000700,0.000700,
0.000000,0.000000,
0.001500,-0.003000,
0.002200,-0.002300,
0.003000,-0.003800,
0.001500,-0.003800,
-0.002300,-0.000800,
-0.003000,-0.000800,
-0.002300,-0.001500,
-0.003000,0.000000,
-0.000800,0.001500,
0.000700,0.000700,
0.000000,0.000700,
-0.001500,0.001500,
-0.003800,0.003700,
-0.001500,0.004500,
-0.001500,0.001500,
0.000000,0.000700,
0.000700,0.000700,
-0.001500,0.000000,
-0.000800,-0.001500,
-0.000800,0.000700,
0.000700,0.001500,
0.000700,0.000000,
-0.003000,-0.000800,
-0.003800,-0.001500,
-0.002300,-0.000800,
-0.002300,-0.000800,
-0.003800,-0.001500,
-0.004600,-0.003800,
-0.005300,-0.003000,
-0.005300,-0.001500,
-0.004600,-0.003000,
-0.003000,-0.003000,
-0.003000,-0.000800,
-0.003000,-0.000800,
-0.004600,-0.001500,
-0.004600,-0.001500,
-0.003800,-0.000800,
-0.003800,0.000700,
-0.004600,-0.001500,
-0.006800,-0.001500,
-0.003800,-0.002300,
-0.000800,-0.001500,
0.000700,0.000000,
0.004500,0.000700,
0.009000,0.000000,
0.007500,-0.002300,
0.004500,-0.000800,
0.004500,0.000700,
0.000700,0.003000,
0.001500,0.001500,
0.002200,-0.000800,
0.003000,-0.000800,
0.005200,0.000700,
0.006000,0.000700,
0.007500,0.000000,
0.005200,-0.000800,
0.005200,-0.000800,
0.008200,-0.001500,
0.006000,-0.003000,
0.004500,-0.001500,
0.000700,0.000000,
0.000000,0.000000,
-0.000800,-0.000800,
0.000700,0.000700,
0.004500,0.000000,
0.005200,-0.000800,
0.004500,0.000000,
0.002200,0.000000,
0.002200,-0.000800,
0.001500,-0.000800,
0.001500,-0.001500,
0.003700,-0.000800,
0.003000,0.000700,
0.003000,0.000000,
0.003000,-0.000800,
0.005200,0.002200,
0.006700,0.001500,
0.005200,0.003000,
0.006000,0.003700,
0.005200,0.001500,
0.001500,0.000700,
-0.003800,0.000700,
-0.004600,0.000700,
-0.006800,-0.001500,
-0.008300,-0.003000,
-0.009100,-0.003000,
-0.012000,-0.001500,
-0.012000,-0.001500,
-0.012000,-0.003000,
-0.009800,-0.004600,
-0.009800,-0.003000,
-0.011300,-0.000800,
-0.007500,-0.000800,
-0.006800,0.001500,
-0.007500,0.001500,
-0.005300,0.003700,
-0.003000,0.005200,
0.000700,0.006000,
0.003700,0.009000,
0.000700,0.009000,
-0.004600,0.010500,
-0.006800,0.009000,
-0.005300,0.004500,
-0.002300,0.003000,
-0.000800,0.003000,
0.000000,0.001500,
0.000000,0.001500,
-0.002300,-0.000800,
-0.004600,0.000000,
-0.001500,-0.000800,
-0.000800,0.000700,
0.002200,0.000700,
0.005200,0.001500,
0.005200,0.001500,
0.006700,-0.000800,
0.008200,-0.002300,
0.008200,-0.003800,
0.006700,-0.004600,
0.006700,-0.006800,
0.006700,-0.006000,
0.006700,-0.003000,
0.005200,-0.000800,
0.001500,-0.000800,
-0.003000,-0.000800,
-0.003000,0.001500,
0.000700,0.001500,
0.003000,0.001500,
0.003000,0.001500,
-0.003000,0.000700,
-0.004600,0.000000,
-0.006000,0.000000,
-0.005300,0.001500,
-0.006800,-0.000800,
-0.008300,-0.002300,
-0.003800,-0.001500,
-0.000800,-0.000800,
0.000700,-0.001500,
0.000700,-0.000800,
0.001500,0.000700,
0.000700,-0.001500,
0.000700,-0.000800,
-0.001500,0.000700,
-0.001500,-0.000800,
0.000700,-0.000800,
-0.001500,-0.002300,
-0.000800,-0.001500,
-0.000800,-0.000800,
-0.003000,-0.000800,
-0.002300,-0.001500,
-0.000800,-0.001500,
0.001500,0.000700,
0.002200,-0.000800,
0.002200,-0.003000,
0.001500,-0.003800,
-0.000800,-0.001500,
-0.001500,-0.000800,
-0.000800,-0.001500,
0.003000,0.000700,
0.006700,-0.000800,
0.009000,0.001500,
0.007500,0.001500,
0.004500,0.000000,
0.004500,0.001500,
0.004500,0.000000,
0.003700,0.000700,
0.002200,0.000700,
0.001500,0.001500,
0.000700,0.002200,
-0.001500,0.000700,
-0.002300,0.000700,
-0.003000,0.002200,
-0.003800,0.004500,
-0.003000,0.001500,
-0.003000,0.000000,
-0.001500,-0.001500,
-0.000800,-0.000800,
0.000000,0.000700,
0.001500,-0.000800,
0.000000,-0.000800,
-0.000800,-0.000800,
-0.001500,-0.000800,
0.000000,0.000700,
-0.001500,0.000700,
-0.003000,0.000000,
-0.000800,0.001500,
-0.002300,0.001500,
-0.004600,0.002200,
-0.006000,0.000000,
-0.005300,-0.002300,
-0.003800,-0.003000,
-0.001500,-0.003000,
-0.001500,-0.003000,
-0.005300,-0.001500,
-0.004600,-0.001500,
-0.003000,-0.001500,
-0.001500,-0.001500,
0.001500,-0.003000,
0.002200,-0.000800,
0.001500,0.000700,
0.001500,-0.000800,
0.001500,-0.000800,
0.003700,0.000700,
0.003000,0.003700,
0.004500,0.003000,
0.005200,0.001500,
0.004500,0.001500,
0.004500,-0.000800,
0.003700,0.000700,
0.004500,0.001500,
0.000700,0.000700,
0.001500,-0.000800,
-0.001500,-0.000800,
-0.004600,0.000700,
-0.004600,0.001500,
-0.005300,0.001500,
-0.006000,-0.000800,
-0.008300,0.000700,
-0.006800,-0.000800,
-0.006800,0.001500,
-0.006800,0.003000,
-0.004600,0.003000,
-0.003000,0.003700,
-0.005300,0.000700,
-0.005300,0.003000,
-0.006800,0.000700,
-0.005300,-0.001500,
-0.003000,-0.000800,
0.001500,-0.003000,
0.001500,-0.004600,
0.000000,-0.004600,
0.000700,-0.003000,
0.001500,-0.001500,
0.006000,-0.003000,
0.009000,-0.003000,
0.008200,-0.001500,
0.005200,0.001500,
0.003000,0.003700,
0.001500,0.003000,
0.000700,0.001500,
0.001500,0.001500,
0.002200,0.001500,
0.001500,0.000000,
0.003700,0.001500,
0.004500,0.001500,
0.004500,-0.000800,
0.004500,0.000700,
0.006700,0.000700,
0.006000,0.000700,
0.004500,-0.000800,
0.008200,-0.000800,
0.013500,0.000700,
0.013500,0.000700,
0.010500,0.000700,
0.005200,0.002200,
0.002200,0.000700,
0.000700,0.000700,
-0.001500,0.003000,
-0.003000,0.001500,
-0.005300,0.001500,
-0.003800,0.000000,
-0.002300,0.001500,
-0.003000,0.001500,
-0.000800,0.000000,
-0.000800,-0.001500,
-0.000800,-0.002300,
0.002200,-0.001500,
0.006700,-0.003000,
0.010500,-0.002300,
0.008200,-0.001500,
0.003700,-0.000800,
0.003000,0.000700,
0.002200,0.002200,
0.000700,0.003000,
-0.003000,0.001500,
-0.005300,0.000700,
-0.004600,0.000700,
-0.004600,0.000700,
-0.005300,-0.001500,
-0.006000,-0.000800,
-0.007500,0.000700,
-0.007500,0.001500,
-0.005300,0.000700,
-0.005300,0.000700,
-0.006800,0.001500,
-0.005300,0.000700,
-0.003800,0.000700,
-0.001500,-0.000800,
-0.000800,-0.000800,
-0.000800,-0.000800,
0.001500,-0.000800,
0.003000,-0.001500,
0.001500,-0.004600,
0.001500,-0.005300,
0.000000,-0.004600,
-0.003000,-0.003000,
-0.002300,-0.000800,
-0.001500,-0.000800,
-0.000800,-0.001500,
-0.000800,-0.000800,
-0.004600,0.000700,
-0.006800,0.000700,
-0.008300,0.001500,
-0.004600,0.000700,
0.001500,-0.002300,
0.005200,-0.000800,
0.004500,-0.001500,
0.001500,-0.001500,
0.000700,-0.001500,
0.000000,-0.003000,
0.003000,-0.001500,
0.001500,0.000700,
-0.000800,-0.000800,
-0.005300,-0.000800,
-0.008300,0.001500,
-0.008300,0.001500,
-0.008300,0.003000,
-0.003000,0.004500,
0.000000,0.003700,
0.000700,0.002200,
0.001500,-0.001500,
0.000700,0.000700,
-0.000800,-0.000800,
-0.001500,-0.002300,
0.001500,0.000000,
0.005200,0.001500,
0.007500,-0.000800,
0.006700,-0.003000,
0.004500,-0.004600,
0.003000,-0.004600,
0.002200,-0.001500,
0.001500,-0.000800,
-0.001500,0.001500,
-0.004600,0.003700,
-0.003800,0.002200,
-0.003000,0.000700,
-0.002300,0.000000,
0.001500,-0.000800,
0.003000,-0.001500,
0.005200,-0.000800,
0.008200,0.001500,
0.009000,0.002200,
0.011200,0.001500,
0.012700,-0.001500,
0.014200,-0.001500,
0.012000,0.000000,
0.009000,0.000000,
0.009000,0.000700,
0.008200,0.000700,
0.006700,0.001500,
0.004500,0.003000,
-0.000800,0.005200,
-0.005300,0.005200,
-0.008300,0.003700,
-0.008300,0.005200,
-0.006800,0.005200,
-0.008300,0.003700,
-0.011300,0.003000,
-0.012800,0.004500,
-0.012000,0.001500,
-0.009100,-0.001500,
-0.009100,-0.000800,
-0.007500,-0.001500,
-0.005300,-0.001500,
-0.005300,-0.003000,
-0.004600,-0.002300,
-0.003000,-0.003000,
-0.003000,-0.004600,
0.000700,-0.004600,
-0.000800,-0.003000,
-0.001500,-0.003800,
-0.001500,-0.003000,
-0.001500,-0.003000,
0.001500,-0.001500,
-0.001500,0.000000,
-0.001500,-0.001500,
0.003700,0.001500,
0.005200,0.000000,
0.006700,0.000700,
0.008200,0.004500,
0.009000,0.003700,
0.009000,0.005200,
0.006700,0.005200,
0.004500,0.005200,
0.002200,0.003000,
-0.002300,0.001500,
-0.003000,0.001500,
-0.003800,-0.002300,
-0.003000,-0.004600,
0.000000,-0.006800,
-0.000800,-0.006800,
-0.001500,-0.007500,
-0.006000,-0.001500,
-0.009800,0.000700,
-0.005300,-0.000800,
-0.005300,0.000700,
-0.006000,0.001500,
-0.005300,0.000000,
-0.005300,-0.001500,
-0.003000,-0.001500,
0.004500,-0.002300,
0.011200,-0.000800,
0.012000,-0.001500,
0.012000,-0.000800,
0.016500,0.000700,
0.023200,0.003000,
0.018700,0.004500,
0.006700,0.005200,
0.000000,0.004500,
-0.006800,0.003700,
-0.006800,0.004500,
-0.000800,0.002200,
0.005200,0.001500,
0.012700,0.000700,
0.009000,0.000700,
0.004500,0.000000,
0.003000,-0.003000,
0.004500,-0.005300,
0.006700,-0.008300,
0.000700,-0.006000,
-0.010500,0.000000,
-0.020300,-0.003000,
-0.021800,-0.003000,
-0.018800,-0.000800,
-0.013500,-0.001500,
-0.012000,-0.000800,
-0.009100,0.000700,
-0.007500,0.000700,
0.000000,-0.000800,
0.009000,0.000000,
0.013500,0.000700,
0.010500,0.000700,
0.005200,0.000700,
0.001500,-0.000800,
-0.000800,-0.001500,
0.000700,-0.003000,
-0.000800,-0.001500,
-0.003000,0.000700,
-0.001500,0.000700,
-0.003000,0.002200,
-0.007500,0.003700,
-0.008300,0.003000,
-0.008300,0.001500,
-0.007500,0.000700,
-0.001500,-0.000800,
0.000000,-0.002300,
-0.000800,-0.003000,
-0.005300,-0.004600,
-0.006000,-0.003800,
-0.004600,-0.000800,
-0.004600,-0.002300,
-0.003000,0.000000,
-0.002300,-0.000800,
-0.001500,-0.003000,
-0.001500,-0.003000,
-0.003000,-0.001500,
-0.006000,0.000000,
-0.007500,-0.001500,
-0.007500,-0.001500,
-0.004600,0.000700,
0.001500,0.000700,
0.010500,0.001500,
0.018000,0.004500,
0.014200,0.004500,
0.014200,0.002200,
0.019500,0.001500,
0.018000,0.000000,
0.010500,-0.001500,
0.002200,0.003000,
0.000700,0.003700,
0.004500,-0.000800,
0.004500,0.003000,
0.003700,0.003000,
-0.001500,0.003000,
-0.009100,0.001500,
-0.014300,-0.001500,
-0.016500,-0.005300,
-0.015000,-0.008300,
-0.012000,-0.006800,
-0.008300,-0.001500,
-0.002300,-0.000800,
0.006000,0.000000,
0.012000,0.005200,
0.006700,0.006000,
-0.004600,0.001500,
-0.004600,-0.000800,
-0.006000,0.000000,
-0.004600,0.002200,
0.000700,0.002200,
0.001500,0.001500,
0.007500,0.000700,
0.012700,-0.001500,
0.018700,-0.003000,
0.010500,-0.002300,
0.000000,-0.000800,
-0.003000,0.003700,
-0.005300,0.009000,
-0.005300,0.010500,
-0.002300,0.007500,
-0.001500,0.000700,
-0.003000,-0.005300,
-0.002300,-0.006000,
-0.002300,0.000700,
-0.000800,0.003000,
0.001500,0.001500,
0.004500,0.000000,
0.005200,0.000000,
0.003000,0.000000,
0.003000,0.000700,
0.004500,-0.003000,
0.004500,-0.005300,
-0.000800,-0.009100,
-0.004600,-0.010500,
-0.008300,-0.003000,
-0.009100,-0.000800,
-0.003800,0.000700,
0.001500,0.003000,
0.006000,0.004500,
0.005200,0.001500,
0.003000,0.000700,
0.002200,0.001500,
0.001500,0.004500,
-0.001500,0.005200,
-0.003800,0.000700,
-0.003000,-0.003000,
-0.003000,-0.001500,
-0.002300,0.004500,
-0.000800,0.004500,
-0.000800,0.001500,
-0.001500,0.002200,
-0.000800,0.003000,
-0.000800,0.000700,
0.000700,-0.003000,
0.000700,-0.004600,
0.003700,-0.001500,
0.006000,-0.001500,
0.003000,0.000000,
0.001500,0.003000,
-0.003000,0.000700,
-0.002300,0.001500,
-0.002300,0.003700,
-0.002300,0.003000,
-0.001500,0.000700,
-0.006800,-0.001500,
-0.008300,0.000700,
-0.005300,-0.000800,
0.003000,-0.003000,
0.003700,-0.003000,
-0.000800,-0.003800,
-0.000800,-0.003000,
0.003000,-0.002300,
0.011200,0.002200,
0.017200,0.003000,
0.018000,0.001500,
0.011200,0.003000,
0.004500,0.003700,
0.000000,0.005200,
-0.002300,0.006000,
0.000000,0.006000,
-0.000800,0.005200,
-0.003000,0.002200,
-0.008300,-0.000800,
-0.009100,-0.003000,
-0.009800,-0.003000,
-0.011300,0.000700,
-0.007500,-0.000800,
-0.007500,-0.003000,
-0.004600,-0.004600,
-0.005300,-0.004600,
-0.007500,-0.001500,
-0.006800,0.000700,
-0.008300,0.000000,
-0.005300,-0.004600,
0.000700,-0.005300,
0.006700,-0.001500,
0.010500,-0.001500,
0.015700,-0.003800,
0.014200,-0.003000,
0.008200,-0.001500,
0.008200,-0.001500,
0.004500,0.000000,
0.000000,0.003000,
-0.000800,0.004500,
-0.003000,0.004500,
-0.002300,0.003000,
-0.004600,0.003000,
-0.004600,0.000700,
-0.003800,0.000000,
-0.003000,-0.001500,
-0.000800,-0.005300,
0.001500,-0.004600,
0.003000,-0.004600,
0.001500,-0.003000,
0.000700,-0.000800,
0.002200,0.002200,
0.003000,0.004500,
0.003000,0.001500,
0.001500,-0.001500,
-0.003000,-0.005300,
-0.004600,-0.004600,
-0.003000,-0.001500,
-0.002300,-0.000800,
0.003000,0.000700,
0.008200,0.003700,
0.006700,0.004500,
0.006700,0.000700,
0.007500,-0.003000,
0.008200,-0.001500,
0.008200,-0.000800,
0.003000,-0.001500,
0.003700,-0.000800,
0.003000,-0.002300,
-0.000800,-0.002300,
-0.002300,0.000000,
-0.004600,0.001500,
-0.003800,0.002200,
-0.003000,-0.001500,
-0.003800,-0.005300,
-0.005300,-0.003000,
-0.004600,0.000700,
-0.008300,0.005200,
-0.014300,0.000700,
-0.018100,-0.004600,
-0.019500,-0.003800,
-0.015000,-0.004600,
-0.012000,-0.001500,
-0.008300,-0.001500,
-0.002300,-0.000800,
0.003000,0.000700,
0.005200,0.001500,
0.004500,0.004500,
0.004500,0.004500,
0.001500,0.003000,
0.000700,0.002200,
0.000700,0.000700,
-0.000800,0.001500,
0.002200,0.002200,
0.010500,-0.003000,
0.014200,-0.005300,
0.012700,-0.009800,
0.012000,-0.011300,
0.012000,-0.005300,
0.012000,-0.004600,
0.013500,0.002200,
0.009000,0.005200,
0.004500,0.006700,
0.006700,0.006000,
0.006000,0.005200,
0.002200,0.005200,
-0.000800,0.003700,
-0.000800,0.003700,
-0.001500,0.003000,
-0.006000,0.003000,
-0.012000,0.000700,
-0.016500,-0.003800,
-0.020300,-0.002300,
-0.020300,0.001500,
-0.019500,0.003700,
-0.015800,0.003000,
-0.003000,0.001500,
0.019500,0.000700,
0.029200,0.001500,
0.015700,0.000700,
0.012700,0.001500,
0.016500,0.003000,
0.010500,0.000700,
0.012000,-0.001500,
0.016500,-0.001500,
0.015700,-0.001500,
0.009700,-0.004600,
0.004500,-0.003800,
-0.001500,-0.003000,
-0.006000,0.000700,
-0.005300,0.002200,
-0.003000,0.000000,
-0.004600,-0.001500,
-0.004600,-0.001500,
-0.004600,-0.001500,
-0.006800,-0.000800,
-0.006800,-0.000800,
-0.006800,-0.000800,
-0.006800,0.002200,
-0.006800,0.005200,
-0.006800,0.004500,
-0.006800,0.003000,
-0.004600,0.003700,
-0.000800,0.001500,
0.002200,0.000700,
0.006000,0.001500,
0.004500,0.001500,
0.000700,-0.003000,
-0.000800,-0.003000,
-0.003800,0.000000,
-0.008300,-0.001500,
-0.010500,-0.001500,
-0.007500,-0.000800,
-0.005300,-0.000800,
-0.003000,0.001500,
-0.003000,-0.000800,
-0.001500,-0.001500,
0.009000,-0.001500,
0.015700,-0.003000,
0.006000,0.000700,
-0.005300,0.000000,
-0.006000,-0.000800,
-0.008300,0.000700,
-0.007500,-0.000800,
-0.005300,-0.000800,
-0.007500,-0.001500,
-0.009100,-0.003000,
-0.010500,-0.006000,
-0.006000,-0.008300,
-0.003800,-0.005300,
-0.005300,0.000000,
-0.003000,0.003000,
-0.005300,0.004500,
-0.012000,0.006000,
-0.012800,0.003700,
-0.011300,0.000700,
-0.008300,0.000000,
-0.004600,-0.000800,
0.005200,-0.000800,
0.012700,-0.001500,
0.010500,-0.003000,
0.016500,-0.004600,
0.027700,-0.003000,
0.023200,-0.001500,
0.009000,0.000700,
0.003700,0.000700,
-0.002300,0.000700,
-0.001500,0.001500,
0.003000,0.007500,
0.004500,0.006000,
0.006000,-0.001500,
0.006000,-0.004600,
0.004500,-0.001500,
-0.003800,0.000000,
-0.011300,-0.000800,
-0.016500,0.000700,
-0.015800,0.003000,
-0.014300,0.000700,
-0.014300,-0.000800,
-0.010500,0.001500,
-0.003000,0.003700,
0.006000,0.004500,
0.012000,0.008200,
0.018000,0.007500,
0.012700,-0.000800,
0.003000,-0.001500,
0.000000,0.003000,
-0.000800,0.005200,
-0.003800,0.003000,
-0.008300,0.001500,
-0.009800,0.000700,
-0.008300,-0.003000,
-0.003000,-0.003000,
0.003000,-0.004600,
0.012000,-0.004600,
0.016500,-0.002300,
0.011200,-0.000800,
0.008200,-0.000800,
0.004500,-0.001500,
-0.003000,0.000700,
-0.010500,0.000700,
-0.008300,0.000700,
-0.006000,0.001500,
-0.007500,-0.000800,
-0.004600,-0.001500,
-0.005300,-0.000800,
-0.007500,-0.003000,
-0.007500,-0.003800,
-0.003000,-0.001500,
-0.001500,0.000700,
-0.000800,-0.002300,
0.000700,-0.004600,
-0.000800,0.000700,
0.003700,0.005200,
0.007500,0.004500,
-0.000800,0.003000,
-0.010500,0.003000,
-0.009100,0.003000,
-0.006800,0.003000,
-0.001500,0.004500,
0.000700,0.003000,
0.002200,0.000000,
0.006700,-0.002300,
0.010500,-0.001500,
0.009000,0.000000,
-0.000800,0.000000,
-0.012000,0.001500,
-0.014300,-0.001500,
-0.007500,-0.003000,
-0.006000,-0.000800,
0.003000,0.003000,
0.009700,0.004500,
0.014200,0.000700,
0.016500,-0.001500,
0.012700,-0.003000,
0.009000,-0.004600,
0.000700,-0.004600,
-0.006800,-0.003000,
-0.008300,0.000000,
-0.003000,0.001500,
0.005200,0.001500,
0.012700,0.001500,
0.015000,0.003000,
0.015000,0.002200,
0.012700,0.000700,
0.010500,-0.003800,
-0.000800,-0.004600,
-0.012000,-0.003000,
-0.012000,-0.003800,
-0.012000,-0.003000,
-0.005300,-0.003000,
0.003000,-0.003000,
0.004500,-0.003000,
0.001500,-0.003800,
-0.002300,-0.001500,
-0.004600,0.001500,
-0.010500,0.004500,
-0.014300,0.004500,
-0.008300,0.003700,
-0.001500,0.003000,
0.000700,0.001500,
0.005200,0.001500,
0.004500,0.003700,
0.003700,0.005200,
0.011200,0.006700,
0.012700,0.006000,
0.009000,0.004500,
0.004500,-0.000800,
0.003700,-0.004600,
0.005200,-0.003000,
0.011200,-0.001500,
0.006000,0.001500,
-0.006800,0.001500,
-0.005300,0.000000,
-0.003000,-0.000800,
-0.003000,-0.001500,
-0.008300,-0.000800,
-0.012800,0.000700,
-0.008300,0.000000,
-0.006800,-0.000800,
-0.005300,0.000700,
0.007500,0.000700,
0.012700,0.001500,
0.006000,0.001500,
0.012700,0.000000,
0.014200,-0.000800,
0.006000,0.000000,
0.005200,-0.002300,
0.001500,-0.003800,
-0.008300,-0.001500,
-0.010500,-0.000800,
-0.006800,0.003000,
0.001500,0.003000,
0.017200,0.000700,
0.031500,0.002200,
0.031500,0.002200,
0.012700,0.000000,
0.003000,-0.003000,
0.010500,-0.001500,
0.011200,0.000000,
0.006000,0.001500,
0.001500,0.002200,
-0.006800,0.000700,
-0.013500,-0.001500,
-0.012800,-0.001500,
-0.012800,-0.001500,
-0.018800,-0.000800,
-0.025600,-0.001500,
-0.029300,-0.003000,
-0.027000,-0.000800,
-0.022500,0.000700,
-0.017300,0.000700,
-0.009100,-0.003000,
-0.002300,-0.003800,
-0.001500,-0.003000,
0.003700,-0.001500,
0.005200,-0.003000,
-0.002300,-0.000800,
-0.008300,0.001500,
-0.005300,0.000700,
0.002200,0.000700,
0.009000,0.000700,
0.009700,0.001500,
0.010500,0.003700,
0.018000,0.000700,
0.019500,0.000700,
0.009700,0.000000,
0.000700,0.000700,
-0.005300,-0.000800,
-0.005300,-0.001500,
-0.003800,-0.001500,
-0.005300,-0.002300,
-0.008300,-0.003000,
-0.010500,-0.004600,
-0.010500,-0.001500,
-0.009800,0.001500,
-0.011300,0.004500,
-0.012800,0.006700,
-0.006800,0.009000,
-0.003000,0.009700,
-0.003000,0.007500,
-0.008300,0.005200,
-0.014300,-0.000800,
-0.008300,-0.000800,
-0.000800,0.000700,
0.003700,-0.000800,
0.004500,0.000700,
0.009000,0.000700,
0.019500,-0.000800,
0.027000,-0.004600,
0.027000,-0.003000,
0.020200,-0.001500,
0.012000,-0.004600,
0.006700,-0.003800,
0.003000,-0.003000,
0.006000,-0.002300,
0.010500,-0.002300,
0.003700,-0.002300,
0.001500,-0.002300,
0.000000,0.000700,
-0.006800,0.002200,
-0.005300,0.000700,
-0.004600,0.001500,
-0.005300,-0.000800,
0.000000,-0.003000,
-0.000800,-0.001500,
-0.000800,0.001500,
0.004500,0.003000,
-0.000800,0.004500,
-0.009100,0.004500,
-0.010500,0.003000,
-0.009800,0.001500,
-0.004600,0.000000,
0.006700,0.000700,
0.014200,0.000700,
0.009700,-0.001500,
-0.003800,-0.002300,
-0.016500,0.000000,
-0.018100,0.003000,
-0.012800,0.001500,
-0.005300,-0.001500,
0.000700,-0.001500,
0.005200,-0.002300,
0.005200,-0.002300,
-0.004600,-0.002300,
-0.010500,-0.002300,
-0.010500,-0.003000,
-0.011300,-0.001500,
-0.015800,0.000000,
-0.013500,-0.000800,
-0.003800,0.000700,
0.005200,0.000000,
0.012000,0.001500,
0.009000,0.001500,
0.008200,-0.000800,
0.012700,0.000700,
0.015700,-0.000800,
0.011200,-0.000800,
0.003700,-0.000800,
0.003700,-0.000800,
0.006700,-0.001500,
0.012700,0.001500,
0.012000,0.003000,
0.003000,0.003000,
-0.006000,0.001500,
-0.015000,-0.002300,
-0.012000,-0.003000,
-0.009100,-0.000800,
-0.013500,0.003700,
-0.015800,0.004500,
-0.019500,0.000000,
-0.009800,-0.000800,
0.008200,-0.000800,
0.015000,-0.000800,
0.019500,-0.001500,
0.021700,-0.003000,
0.015700,-0.001500,
0.009000,-0.001500,
0.000700,-0.000800,
-0.001500,0.000700,
0.009000,-0.000800,
0.021000,-0.000800,
0.020200,-0.001500,
0.016500,-0.003000,
0.014200,-0.003000,
0.005200,-0.000800,
-0.008300,0.001500,
-0.014300,0.003000,
-0.014300,0.001500,
-0.015800,0.000000,
-0.012800,-0.003000,
-0.009100,-0.006000,
-0.010500,-0.004600,
-0.003000,-0.002300,
0.000000,-0.001500,
-0.009100,-0.001500,
-0.014300,-0.003800,
-0.006800,-0.001500,
0.003000,0.000000,
-0.003000,0.000700,
-0.006800,-0.000800,
-0.001500,0.001500,
0.005200,0.002200,
0.004500,0.001500,
-0.006800,0.003000,
-0.012800,0.003700,
-0.012800,0.004500,
-0.012000,0.003000,
-0.009800,0.001500,
-0.011300,0.001500,
-0.012000,0.003000,
-0.018100,0.003700,
-0.016500,0.003000,
-0.009100,0.003700,
-0.003800,0.003000,
0.009700,0.001500,
0.015700,0.001500,
0.016500,0.002200,
0.014200,0.003000,
0.009000,0.000700,
0.008200,0.000700,
0.006700,0.000700,
0.008200,-0.000800,
0.015000,-0.000800,
0.014200,-0.000800,
0.000000,0.000000,
-0.005300,0.000000,
0.000700,-0.004600,
0.007500,-0.006800,
0.006700,-0.003800,
0.007500,-0.002300,
0.009000,0.000700,
0.006000,0.003700,
0.001500,0.003000,
0.000000,0.005200,
0.009000,0.004500,
0.017200,-0.000800,
0.025500,-0.000800,
0.021700,-0.003000,
0.012000,-0.002300,
0.003700,-0.003000,
-0.003800,-0.003000,
-0.006000,-0.002300,
-0.011300,-0.003000,
-0.014300,-0.004600,
-0.007500,-0.003000,
-0.002300,-0.001500,
-0.010500,-0.003000,
-0.016500,-0.001500,
-0.015800,0.000000,
-0.020300,-0.002300,
-0.017300,-0.000800,
-0.014300,0.000700,
-0.006800,-0.001500,
0.004500,0.000000,
0.008200,0.000700,
0.009700,0.000700,
0.010500,0.000000,
0.012700,0.003000,
0.006000,0.006000,
0.008200,0.005200,
0.016500,0.004500,
0.003700,-0.000800,
-0.006800,-0.003000,
-0.009100,-0.002300,
-0.011300,-0.003000,
-0.003800,-0.001500,
0.005200,-0.000800,
0.008200,-0.001500,
0.008200,-0.000800,
0.014200,0.000700,
0.013500,0.001500,
0.004500,0.002200,
-0.007500,0.003000,
-0.024000,0.004500,
-0.027000,0.005200,
-0.015800,0.002200,
-0.005300,0.001500,
0.010500,0.000700,
0.034500,-0.000800,
0.046500,-0.003800,
0.032200,-0.004600,
0.022500,-0.001500,
0.006700,-0.001500,
-0.008300,0.000000,
-0.008300,0.000700,
-0.009100,0.001500,
-0.001500,0.001500,
-0.000800,0.000700,
-0.009100,0.004500,
-0.018100,0.006000,
-0.020300,0.004500,
-0.021800,0.001500,
-0.028500,-0.001500,
-0.028500,-0.002300,
-0.023300,-0.003000,
-0.013500,-0.006000,
-0.003000,-0.005300,
0.006000,-0.004600,
0.009000,-0.004600,
0.015000,-0.000800,
0.010500,-0.000800,
-0.005300,0.000000,
-0.011300,0.001500,
-0.014300,-0.001500,
-0.012800,-0.001500,
-0.006800,0.000000,
-0.002300,0.000000,
-0.003000,-0.000800,
-0.005300,0.000000,
-0.001500,0.000700,
0.012000,0.000700,
0.014200,0.003000,
0.009700,0.003700,
0.016500,0.003000,
0.016500,0.002200,
0.019500,0.003000,
0.012700,0.003000,
0.001500,0.001500,
-0.001500,-0.000800,
-0.012800,-0.000800,
-0.014300,0.001500,
-0.012800,0.003000,
-0.012800,0.005200,
-0.009100,0.002200,
0.000700,0.001500,
0.008200,-0.000800,
0.005200,-0.002300,
0.004500,-0.000800,
0.006000,-0.001500,
0.017200,-0.002300,
0.019500,-0.004600,
0.003700,-0.003000,
-0.019500,-0.002300,
-0.024000,-0.003000,
-0.009100,-0.003000,
-0.009100,-0.000800,
0.004500,0.000000,
0.029200,-0.001500,
0.048700,0.000700,
0.046500,0.002200,
0.018000,0.003000,
-0.004600,0.003000,
-0.012800,0.000000,
-0.013500,0.000700,
-0.009100,-0.001500,
-0.009100,-0.000800,
-0.011300,-0.000800,
-0.004600,0.000000,
0.005200,0.000000,
0.004500,-0.001500,
0.000700,-0.000800,
0.001500,-0.002300,
0.006700,-0.000800,
0.006000,-0.000800,
0.002200,0.000700,
-0.008300,0.001500,
-0.015800,0.003000,
-0.015800,0.003700,
-0.012800,0.002200,
-0.008300,0.003700,
-0.002300,0.003000,
0.004500,0.003000,
0.000700,0.003000,
-0.007500,0.001500,
-0.008300,0.000700,
-0.006800,0.000000,
-0.007500,-0.000800,
-0.006800,0.002200,
-0.001500,0.002200,
0.009000,0.000000,
0.021700,-0.001500,
0.027700,-0.000800,
0.028500,-0.001500,
0.019500,-0.003000,
-0.001500,-0.000800,
-0.026300,-0.002300,
-0.034600,-0.001500,
-0.033800,0.000700,
-0.032300,0.000000,
-0.023300,-0.001500,
-0.007500,-0.004600,
0.006700,-0.002300,
0.012000,-0.000800,
0.008200,0.001500,
-0.004600,0.000000,
-0.005300,0.000000,
0.008200,-0.001500,
0.013500,-0.001500,
0.001500,-0.000800,
0.012700,0.000700,
0.024700,0.003000,
0.015700,0.003000,
0.011200,0.002200,
0.024000,0.000700,
0.029200,-0.001500,
0.018000,-0.002300,
0.019500,-0.001500,
0.010500,0.000700,
0.005200,0.000700,
-0.006800,0.001500,
-0.020300,0.001500,
-0.018100,0.002200,
-0.020300,0.003000,
-0.015000,0.003000,
-0.012000,0.004500,
-0.010500,0.002200,
-0.011300,-0.000800,
-0.006800,-0.001500,
-0.001500,-0.001500,
-0.006800,-0.002300,
-0.012000,-0.003000,
-0.009100,-0.004600,
-0.008300,-0.007500,
-0.008300,-0.006800,
-0.001500,-0.003000,
-0.005300,-0.004600,
-0.009800,-0.005300,
-0.007500,-0.003000,
0.000000,-0.003800,
0.009700,-0.003000,
0.009000,0.000000,
0.012000,0.000000,
0.018700,-0.000800,
0.015000,-0.001500,
0.003000,0.000700,
0.005200,0.003000,
0.015700,0.003700,
0.018700,0.001500,
0.024700,0.001500,
0.027700,0.003700,
0.020200,0.004500,
0.005200,0.002200,
-0.008300,0.001500,
-0.010500,0.001500,
-0.008300,0.001500,
-0.007500,0.003000,
-0.005300,0.004500,
0.013500,0.004500,
0.021700,0.001500,
0.001500,0.003000,
-0.015800,0.003000,
-0.026300,0.001500,
-0.027800,0.003000,
-0.015000,0.003000,
-0.004600,0.001500,
-0.001500,-0.000800,
0.000700,-0.000800,
0.000000,-0.000800,
0.003000,-0.001500,
-0.001500,-0.000800,
-0.016500,0.000700,
-0.019500,0.002200,
-0.017300,0.000000,
-0.003000,-0.001500,
0.006700,-0.001500,
0.000000,-0.001500,
0.004500,-0.002300,
0.018000,-0.003000,
0.026200,-0.001500,
0.012000,-0.003000,
-0.007500,-0.002300,
-0.019500,-0.001500,
-0.026300,-0.000800,
-0.015800,-0.001500,
-0.004600,-0.002300,
-0.009100,-0.001500,
-0.015000,-0.003800,
-0.006800,-0.002300,
-0.006000,-0.001500,
-0.015800,-0.000800,
-0.020300,-0.000800,
-0.013500,-0.001500,
0.003700,-0.000800,
0.025500,-0.000800,
0.039700,0.001500,
0.046500,0.003000,
0.040500,0.003000,
0.012700,0.005200,
0.000700,0.004500,
-0.012800,0.002200,
-0.021800,0.001500,
-0.019500,0.002200,
-0.013500,0.003000,
0.006000,0.002200,
0.011200,0.001500,
0.011200,-0.000800,
0.019500,-0.002300,
0.034500,-0.001500,
0.035200,-0.001500,
0.018000,-0.000800,
0.008200,0.000700,
0.000000,0.000700,
-0.006800,0.000000,
-0.005300,0.003700,
-0.010500,0.001500,
-0.014300,0.000000,
-0.014300,0.000700,
-0.020300,-0.001500,
-0.025600,-0.004600,
-0.029300,-0.006800,
-0.027000,-0.006000,
-0.014300,-0.006800,
-0.007500,-0.006000,
-0.012800,-0.003000,
-0.016500,-0.002300,
-0.015800,-0.001500,
-0.006800,0.000700,
0.001500,0.000700,
0.000700,-0.000800,
-0.006000,0.001500,
-0.008300,0.004500,
0.006000,0.003000,
0.015700,0.004500,
0.009000,0.004500,
0.008200,0.003000,
0.012700,0.000700,
0.015000,0.001500,
0.012700,0.001500,
0.009000,0.001500,
0.004500,0.002200,
-0.000800,0.001500,
-0.003000,0.001500,
-0.006800,0.000700,
-0.014300,0.000700,
-0.013500,0.002200,
-0.006800,0.001500,
0.004500,0.000700,
0.002200,-0.000800,
-0.010500,0.002200,
-0.012000,0.000000,
-0.003000,-0.001500,
-0.003000,0.000000,
-0.004600,-0.000800,
0.012000,0.000700,
0.022500,-0.001500,
0.012700,0.000000,
0.002200,0.000700,
-0.003000,0.000700,
0.004500,0.001500,
0.005200,0.001500,
-0.005300,0.000700,
-0.017300,0.000000,
-0.033800,0.000700,
-0.033800,0.000700,
-0.016500,0.000700,
-0.000800,0.003000,
0.014200,0.004500,
0.045700,0.003700,
0.053200,0.003000,
0.016500,0.000000,
-0.005300,-0.003000,
-0.025600,-0.001500,
-0.030800,-0.000800,
-0.006000,-0.002300,
0.009000,-0.001500,
0.020200,-0.001500,
0.027000,-0.002300,
0.028500,-0.002300,
0.023200,0.000700,
0.024000,0.002200,
0.019500,0.003000,
0.008200,0.004500,
0.000700,0.004500,
-0.018100,0.003000,
-0.023300,0.000700,
-0.015000,-0.000800,
-0.006800,-0.003000,
-0.007500,-0.001500,
-0.008300,-0.003000,
-0.008300,-0.005300,
-0.006800,-0.005300,
0.002200,-0.004600,
0.013500,-0.003800,
0.024000,-0.001500,
0.038200,0.000700,
0.035200,-0.001500,
0.002200,-0.002300,
-0.014300,-0.003000,
-0.018100,-0.001500,
-0.012000,0.000000,
-0.006000,-0.001500,
-0.014300,-0.001500,
-0.020300,-0.002300,
-0.019500,-0.001500,
-0.004600,-0.001500,
-0.009100,-0.001500,
-0.018100,0.001500,
-0.010500,-0.000800,
-0.014300,-0.001500,
-0.015800,0.000000,
-0.008300,-0.000800,
-0.000800,-0.002300,
0.012000,0.000000,
0.037500,0.000000,
0.035200,0.000700,
0.008200,0.001500,
-0.012000,-0.000800,
-0.016500,-0.000800,
-0.003800,-0.000800,
0.010500,0.001500,
0.018000,0.003000,
0.015000,0.004500,
0.013500,0.004500,
0.013500,0.003700,
0.008200,0.004500,
0.004500,0.003000,
-0.004600,0.002200,
-0.017300,0.002200,
-0.014300,0.003000,
-0.004600,0.001500,
0.008200,-0.000800,
0.021700,0.000000,
0.015700,-0.001500,
0.000700,-0.003800,
0.005200,-0.006800,
0.010500,-0.008300,
-0.006000,-0.005300,
-0.008300,-0.003800,
-0.007500,0.000700,
-0.000800,0.003700,
0.012700,0.001500,
0.014200,0.002200,
0.007500,0.001500,
0.004500,0.000700,
0.009000,0.001500,
0.022500,0.003000,
0.025500,0.003700,
0.003700,0.003000,
-0.024000,0.001500,
-0.043600,0.003000,
-0.051100,0.001500,
-0.045800,0.000700,
-0.040500,0.002200,
-0.029300,0.003000,
-0.015800,0.003700,
-0.013500,0.000700,
-0.011300,-0.000800,
-0.005300,0.000700,
0.003700,0.003000,
0.007500,0.001500,
0.009000,-0.001500,
0.015700,-0.001500,
0.029200,-0.001500,
0.043500,-0.003800,
0.043500,-0.003000,
0.030000,-0.001500,
0.004500,-0.001500,
-0.011300,-0.003000,
-0.029300,-0.002300,
-0.018100,-0.001500,
0.003700,0.000700,
-0.004600,0.001500,
-0.001500,-0.000800,
0.001500,-0.000800,
-0.004600,-0.001500,
0.001500,-0.003000,
0.018000,-0.001500,
0.018000,-0.000800,
0.008200,-0.000800,
-0.002300,0.000000,
0.001500,0.000000,
0.010500,0.001500,
0.000700,0.002200,
-0.008300,0.001500,
-0.010500,0.001500,
0.019500,-0.000800,
0.051700,-0.001500,
0.042000,-0.000800,
0.025500,-0.000800,
0.021700,0.000000,
0.010500,0.000700,
-0.010500,0.001500,
-0.018100,0.000700,
-0.020300,-0.000800,
-0.022500,-0.000800,
-0.017300,-0.000800,
-0.022500,0.001500,
-0.030800,0.001500,
-0.038300,0.003000,
-0.029300,0.000700,
-0.034600,-0.002300,
-0.039000,-0.001500,
-0.006000,-0.000800,
0.018000,-0.000800,
0.046500,-0.002300,
0.066700,0.000700,
0.063000,0.004500,
0.063000,0.004500,
0.052500,0.003700,
0.021700,0.000000,
0.008200,0.000000,
-0.008300,-0.000800,
-0.036800,-0.000800,
-0.054000,-0.003000,
-0.062300,-0.005300,
-0.051800,-0.005300,
-0.040500,-0.005300,
-0.037500,-0.002300,
-0.038300,-0.003000,
-0.030000,-0.001500,
-0.016500,-0.002300,
-0.013500,-0.004600,
-0.010500,-0.000800,
-0.003000,0.002200,
0.007500,0.000700,
0.017200,-0.000800,
0.019500,0.000000,
0.009000,0.001500,
0.003000,0.001500,
-0.007500,0.003700,
-0.009800,0.004500,
0.011200,0.005200,
0.043500,0.004500,
0.048000,0.001500,
0.035200,0.001500,
0.026200,0.003000,
0.006700,0.001500,
-0.005300,-0.002300,
-0.018100,-0.004600,
-0.018100,-0.004600,
-0.006800,-0.001500,
0.005200,-0.001500,
0.000700,0.000000,
-0.019500,0.001500,
-0.015800,0.000700,
-0.003800,0.001500,
-0.001500,0.000700,
-0.004600,0.001500,
-0.004600,0.000700,
0.009000,-0.000800,
0.028500,0.000000,
0.028500,-0.002300,
0.012000,-0.000800,
-0.000800,0.002200,
-0.009800,0.001500,
-0.012800,0.000000,
-0.013500,-0.002300,
-0.007500,-0.000800,
0.001500,0.000700,
-0.002300,0.003000,
-0.012800,0.000700,
-0.008300,0.001500,
0.010500,0.002200,
0.016500,0.002200,
0.021000,0.003000,
0.027000,0.001500,
0.018000,0.000700,
0.003000,0.000000,
0.001500,0.003000,
0.015700,0.003700,
0.024000,0.006000,
0.024700,0.006700,
0.010500,0.004500,
-0.005300,0.000700,
-0.010500,-0.003000,
-0.024000,-0.006800,
-0.027800,-0.005300,
-0.018100,-0.000800,
-0.007500,-0.001500,
-0.001500,-0.001500,
-0.003800,-0.001500,
-0.014300,-0.001500,
-0.021000,-0.000800,
-0.010500,-0.000800,
0.013500,0.000700,
0.027700,0.003000,
0.004500,0.003000,
-0.017300,-0.001500,
-0.027800,-0.003000,
-0.028500,-0.003800,
-0.005300,-0.004600,
0.017200,-0.006800,
0.021700,-0.006000,
0.012000,-0.005300,
0.000700,-0.005300,
-0.012800,-0.003000,
-0.012000,-0.004600,
-0.001500,-0.003000,
-0.001500,-0.000800,
-0.006800,0.002200,
-0.012000,0.000000,
-0.008300,-0.001500,
0.005200,0.000000,
0.027700,0.001500,
0.030000,0.003700,
0.021700,0.003000,
0.014200,0.003700,
0.020200,0.002200,
0.051700,0.000700,
0.047200,-0.000800,
0.008200,0.000700,
-0.015800,0.003700,
-0.027800,0.006000,
-0.027800,0.008200,
-0.026300,0.006700,
-0.039800,0.005200,
-0.034600,0.003000,
-0.039800,0.003000,
-0.046500,0.003700,
-0.014300,0.003000,
0.000700,0.001500,
0.000700,0.003000,
0.001500,0.001500,
-0.003000,0.000700,
0.006700,-0.001500,
0.019500,-0.003000,
0.028500,-0.002300,
0.027000,-0.004600,
0.022500,-0.003000,
0.015700,-0.003000,
0.005200,-0.001500,
0.004500,-0.002300,
0.003000,-0.001500,
0.004500,0.003000,
0.001500,0.001500,
-0.013500,0.002200,
-0.031500,0.001500,
-0.046500,0.003000,
-0.033000,0.003000,
0.004500,0.001500,
0.023200,-0.000800,
0.014200,-0.001500,
0.021700,-0.001500,
0.017200,-0.000800,
-0.010500,-0.004600,
-0.011300,-0.006000,
-0.000800,-0.005300,
0.005200,-0.002300,
0.000700,0.001500,
-0.012000,-0.000800,
-0.009800,0.000700,
0.010500,0.000700,
0.026200,0.000700,
0.039000,0.001500,
0.045700,-0.001500,
0.029200,-0.001500,
0.003700,0.000700,
-0.024000,0.002200,
-0.045000,0.000000,
-0.049500,-0.000800,
-0.049500,0.001500,
-0.036100,-0.000800,
-0.024000,-0.003000,
-0.015000,-0.001500,
-0.009100,-0.000800,
-0.000800,-0.001500,
0.018000,0.000700,
0.027700,0.002200,
0.027000,0.003000,
0.018700,0.003700,
0.014200,0.000700,
0.015700,-0.000800,
0.021000,-0.002300,
0.018000,-0.000800,
-0.004600,-0.001500,
0.012000,0.000000,
0.045000,0.000700,
0.048000,-0.003000,
0.036000,-0.003000,
0.009000,-0.001500,
-0.010500,0.000000,
-0.003800,0.003000,
-0.015000,0.009700,
-0.027800,0.014200,
-0.027000,0.010500,
-0.039000,0.005200,
-0.039000,0.000700,
-0.009800,-0.002300,
0.027700,-0.005300,
0.024000,-0.006000,
0.011200,-0.003000,
0.003000,0.001500,
-0.024000,0.000700,
-0.024000,-0.001500,
-0.009800,-0.003800,
-0.000800,-0.004600,
-0.005300,-0.003000,
-0.013500,-0.001500,
-0.019500,-0.000800,
-0.027000,0.000700,
-0.003000,-0.000800,
0.015000,-0.003000,
0.010500,-0.001500,
0.004500,0.000000,
0.000000,0.000700,
0.004500,0.001500,
-0.004600,0.003000,
-0.011300,-0.000800,
-0.004600,-0.005300,
0.001500,-0.006000,
0.003000,-0.003000,
-0.005300,-0.000800,
-0.006000,0.000000,
0.000000,-0.000800,
0.010500,-0.001500,
0.035200,-0.003000,
0.051000,-0.003000,
0.049500,0.000000,
0.031500,0.001500,
0.019500,0.003000,
0.008200,0.001500,
0.002200,0.001500,
0.006000,0.004500,
0.008200,0.004500,
0.016500,0.003700,
0.009000,0.001500,
-0.001500,0.001500,
-0.006800,0.001500,
-0.017300,0.000700,
-0.023300,0.000700,
-0.033000,-0.000800,
-0.039800,-0.002300,
-0.032300,-0.000800,
-0.015800,0.000700,
-0.000800,0.000700,
0.012000,0.002200,
0.024000,0.005200,
0.016500,0.002200,
0.008200,-0.000800,
0.004500,-0.003800,
-0.016500,-0.004600,
-0.020300,-0.006800,
-0.008300,-0.006800,
-0.000800,-0.005300,
-0.009100,-0.006800,
-0.021000,-0.006800,
-0.011300,-0.006000,
-0.003000,-0.004600,
-0.000800,0.001500,
0.005200,0.004500,
0.010500,0.003000,
-0.004600,0.005200,
-0.012000,0.009000,
-0.012000,0.011200,
-0.015000,0.010500,
-0.012000,0.011200,
-0.012000,0.009700,
-0.006800,0.003700,
-0.016500,0.000700,
-0.040500,-0.000800,
-0.032300,-0.003000,
0.016500,-0.003000,
0.048000,0.000000,
0.039700,0.006000,
0.033000,0.009000,
0.035200,0.005200,
0.015700,-0.000800,
-0.014300,-0.003800,
-0.030000,-0.004600,
-0.016500,-0.003800,
0.003000,-0.006800,
0.012700,-0.008300,
0.013500,-0.002300,
0.010500,0.000700,
0.012000,-0.000800,
0.020200,0.001500,
0.033000,-0.000800,
0.030700,-0.000800,
0.012000,-0.000800,
0.003700,-0.003000,
-0.003000,-0.000800,
-0.004600,-0.000800,
0.020200,0.002200,
0.023200,0.004500,
0.009000,0.003000,
0.003000,0.004500,
-0.006000,0.003000,
0.000000,0.003000,
0.000000,0.000700,
-0.006000,-0.003800,
-0.007500,-0.005300,
-0.006000,-0.005300,
-0.010500,-0.009100,
-0.008300,-0.012800,
-0.004600,-0.009800,
-0.012000,-0.005300,
-0.009800,-0.003000,
-0.008300,0.001500,
0.018000,0.003000,
0.060700,0.005200,
0.048000,0.006700,
0.009700,0.003000,
-0.021800,0.001500,
-0.044300,0.002200,
-0.024000,0.000700,
0.003700,-0.003000,
0.009700,-0.000800,
0.013500,0.003000,
0.004500,0.002200,
-0.015800,0.003000,
-0.016500,0.001500,
0.004500,0.001500,
0.005200,0.001500,
-0.005300,0.003000,
-0.009100,-0.001500,
-0.018100,-0.006000,
-0.016500,-0.005300,
-0.009100,-0.004600,
-0.004600,-0.000800,
0.000700,0.000000,
-0.001500,-0.001500,
-0.009100,0.003000,
0.003700,0.008200,
0.020200,0.005200,
0.012700,0.001500,
0.001500,0.003700,
-0.004600,0.003000,
-0.004600,0.001500,
-0.008300,0.001500,
-0.021800,0.000700,
-0.034600,0.000000,
-0.033000,-0.001500,
-0.012800,-0.001500,
-0.012800,0.000700,
-0.030800,0.000700,
-0.021000,0.000000,
0.006700,0.001500,
0.024000,0.001500,
0.019500,0.000700,
0.008200,0.000700,
0.003000,-0.000800,
0.005200,-0.001500,
0.006700,-0.002300,
0.005200,-0.003000,
-0.006000,-0.004600,
-0.018100,-0.005300,
-0.018100,-0.004600,
-0.015800,-0.001500,
-0.009100,0.000000,
0.008200,0.000700,
0.009700,0.003000,
0.002200,0.003000,
0.009700,0.005200,
0.017200,0.006700,
0.015000,0.002200,
0.010500,0.000700,
-0.003000,-0.000800,
-0.005300,-0.005300,
0.008200,-0.006800,
0.017200,-0.006800,
0.007500,-0.005300,
0.012000,-0.000800,
0.019500,0.002200,
-0.003000,0.003000,
-0.019500,0.004500,
-0.019500,0.001500,
-0.004600,-0.000800,
-0.004600,0.002200,
-0.025600,0.002200,
-0.033800,0.000700,
-0.028500,0.001500,
-0.006800,0.003000,
-0.002300,0.003000,
-0.001500,0.002200,
0.012700,0.003000,
0.003700,0.004500,
0.004500,0.002200,
0.030700,-0.001500,
0.043500,-0.004600,
0.030700,-0.004600,
0.012000,-0.000800,
-0.004600,-0.004600,
-0.009100,-0.011300,
-0.004600,-0.010500,
-0.012000,-0.005300,
-0.006000,-0.000800,
0.000700,0.003000,
0.012700,0.006000,
0.031500,0.003000,
0.033000,-0.001500,
0.014200,-0.003800,
-0.015800,-0.000800,
-0.020300,0.000000,
-0.001500,-0.000800,
0.012700,-0.000800,
0.018000,0.000000,
0.016500,0.001500,
0.008200,0.001500,
-0.006800,0.000700,
-0.026300,0.000000,
-0.037500,0.000000,
-0.027800,0.000000,
-0.020300,-0.000800,
-0.025600,0.000000,
-0.031500,-0.000800,
-0.015800,0.000000,
0.000700,-0.000800,
0.005200,0.000700,
0.019500,0.001500,
0.033700,-0.000800,
0.027700,0.000000,
0.008200,-0.000800,
-0.005300,-0.003000,
-0.003000,-0.001500,
-0.009800,-0.001500,
-0.020300,-0.001500,
-0.009100,-0.003000,
0.003000,-0.003000,
-0.005300,0.001500,
-0.016500,0.006700,
-0.012800,0.006000,
0.003000,0.005200,
0.023200,0.003000,
0.036700,0.000700,
0.040500,0.001500,
0.024000,0.000000,
0.007500,0.000000,
0.001500,0.000700,
-0.006800,0.000700,
-0.010500,-0.000800,
-0.012800,-0.001500,
-0.015000,-0.003000,
-0.012800,-0.003800,
-0.006800,-0.002300,
-0.003000,-0.001500,
-0.003000,0.000700,
-0.000800,0.000700,
-0.001500,0.003000,
-0.002300,0.003700,
0.010500,0.001500,
0.029200,0.000700,
0.036000,-0.001500,
0.030700,-0.000800,
0.010500,0.001500,
-0.003800,0.001500,
0.001500,0.002200,
0.006700,0.002200,
0.003000,0.000700,
-0.012800,0.000000,
-0.019500,0.000700,
-0.018800,0.000000,
-0.030000,-0.000800,
-0.024000,-0.000800,
-0.027000,-0.001500,
-0.028500,0.002200,
-0.017300,0.004500,
-0.005300,0.001500,
0.003000,0.000700,
0.003000,-0.000800,
0.006700,-0.002300,
0.006700,-0.003800,
0.008200,-0.003800,
0.002200,-0.003800,
-0.013500,-0.004600,
-0.009800,0.000700,
0.004500,-0.000800,
0.009000,-0.001500,
0.009700,0.000700,
0.018000,-0.000800,
0.018000,-0.000800,
0.006700,0.001500,
0.005200,0.002200,
0.000700,-0.001500,
-0.008300,-0.002300,
-0.012000,-0.001500,
-0.017300,0.000000,
-0.020300,0.001500,
-0.009100,-0.000800,
0.006000,0.000700,
0.005200,0.000700,
0.003000,0.001500,
0.000700,0.000700,
0.000700,0.001500,
0.012700,0.000700,
0.013500,0.000000,
-0.000800,0.003000,
-0.004600,0.002200,
0.000700,0.001500,
0.010500,0.005200,
0.008200,0.008200,
-0.006800,0.005200,
-0.009100,0.002200,
-0.015000,0.001500,
-0.021800,0.000000,
-0.022500,-0.000800,
-0.018100,0.003000,
-0.015800,0.005200,
-0.014300,0.001500,
-0.020300,-0.001500,
-0.018800,-0.000800,
-0.000800,-0.003800,
0.009000,-0.004600,
0.006700,-0.003800,
-0.000800,-0.006800,
-0.003000,-0.005300,
0.002200,-0.005300,
0.016500,-0.003800,
0.019500,-0.003800,
0.012700,-0.005300,
0.017200,-0.003000,
0.014200,-0.003000,
0.014200,-0.001500,
0.012700,0.000000,
0.006700,-0.001500,
0.000700,0.000000,
-0.007500,0.001500,
-0.001500,0.003000,
0.006700,0.003700,
0.008200,0.003700,
0.008200,0.003700,
0.008200,0.000700,
0.006700,0.001500,
0.003000,0.003700,
-0.000800,0.001500,
-0.006000,0.000700,
-0.007500,0.000000,
-0.001500,0.000000,
0.003000,-0.001500,
0.014200,-0.003000,
0.030700,-0.001500,
0.033000,-0.002300,
0.018000,-0.000800,
0.007500,0.001500,
0.009000,0.001500,
-0.001500,-0.001500,
-0.023300,-0.001500,
-0.023300,-0.002300,
-0.013500,-0.002300,
-0.012800,0.001500,
-0.015000,0.003000,
-0.016500,0.000700,
-0.000800,0.002200,
0.018000,0.000700,
0.019500,-0.000800,
0.012700,-0.000800,
0.009000,0.000700,
0.003700,0.002200,
-0.001500,0.003000,
-0.003000,0.001500,
-0.005300,0.000000,
-0.005300,-0.001500,
-0.006800,-0.000800,
-0.006000,0.003000,
-0.008300,0.002200,
-0.015800,0.000700,
-0.019500,0.000700,
-0.009100,0.000000,
0.007500,0.000000,
0.004500,0.000000,
-0.001500,-0.000800,
0.003000,-0.000800,
-0.011300,-0.001500,
-0.024800,-0.001500,
-0.027000,0.001500,
-0.024000,0.004500,
-0.007500,0.002200,
0.003700,0.000700,
0.004500,-0.002300,
0.004500,-0.002300,
0.005200,0.000000,
0.010500,0.000000,
0.010500,-0.003000,
0.005200,-0.002300,
-0.005300,-0.001500,
-0.016500,-0.003000,
-0.027800,-0.002300,
-0.021800,-0.003000,
0.003000,-0.002300,
0.033000,0.000700,
0.047200,0.001500,
0.035200,-0.000800,
0.021000,-0.000800,
0.015700,0.000000,
0.012000,-0.000800,
0.006700,-0.002300,
0.009000,-0.003000,
0.012700,-0.001500,
0.010500,-0.003000,
0.003000,-0.001500,
-0.000800,0.000000,
-0.000800,-0.000800,
-0.006000,-0.001500,
-0.009100,-0.003000,
-0.008300,-0.002300,
-0.011300,-0.000800,
-0.015800,-0.000800,
-0.014300,-0.000800,
-0.011300,-0.003000,
-0.005300,-0.003800,
-0.005300,-0.000800,
-0.007500,0.003000,
-0.003800,0.004500,
-0.006000,0.005200,
-0.004600,0.005200,
-0.000800,0.005200,
0.002200,0.006700,
0.008200,0.007500,
0.004500,0.005200,
-0.004600,0.004500,
-0.006000,0.004500,
0.005200,0.003000,
0.009000,0.003700,
0.006700,0.003000,
-0.000800,0.000700,
-0.006800,0.000700,
-0.014300,-0.000800,
-0.020300,-0.000800,
-0.009800,-0.001500,
-0.001500,-0.003000,
0.004500,-0.001500,
0.002200,-0.001500,
-0.001500,-0.001500,
-0.002300,-0.000800,
-0.000800,0.000000,
0.009000,-0.000800,
0.016500,-0.000800,
0.026200,-0.001500,
0.024000,-0.003000,
0.012700,-0.000800,
0.006700,-0.000800,
0.005200,-0.001500,
-0.003800,-0.003000,
-0.006800,-0.003800,
-0.006800,-0.001500,
-0.008300,-0.000800,
-0.002300,0.000700,
0.000700,0.003700,
0.006700,0.003000,
0.009000,0.001500,
0.007500,-0.000800,
0.006700,-0.003000,
0.001500,-0.000800,
-0.004600,-0.000800,
-0.008300,-0.000800,
-0.013500,-0.002300,
-0.017300,-0.001500,
-0.021000,0.003000,
-0.029300,0.002200,
-0.024000,0.001500,
-0.006800,0.002200,
0.008200,0.002200,
0.004500,0.002200,
-0.003800,0.000700,
-0.006800,-0.002300,
-0.006800,-0.000800,
0.001500,0.001500,
0.007500,0.000000,
0.007500,-0.000800,
0.004500,0.000000,
0.004500,-0.000800,
0.005200,-0.001500,
0.008200,-0.001500,
0.010500,-0.002300,
0.012000,-0.003000,
0.010500,-0.001500,
0.008200,-0.001500,
0.008200,-0.004600,
0.002200,-0.001500,
0.003700,0.000000,
0.000700,-0.000800,
-0.006000,0.001500,
-0.009100,0.000700,
-0.012000,0.000700,
-0.008300,0.000700,
-0.006800,0.003000,
-0.001500,0.001500,
-0.001500,0.000700,
-0.006800,0.001500,
-0.007500,0.000700,
-0.001500,0.000700,
0.008200,0.000700,
0.009000,0.000700,
0.006000,-0.001500,
0.001500,-0.000800,
0.000700,-0.001500,
0.000000,-0.004600,
-0.004600,-0.003800,
-0.006800,-0.003800,
-0.003000,-0.003800,
0.003000,-0.003800,
0.003700,-0.003000,
0.001500,-0.000800,
-0.000800,0.000700,
0.000700,0.000000,
0.010500,0.001500,
0.009000,0.002200,
0.001500,0.000700,
0.003000,-0.000800,
0.007500,-0.001500,
0.000700,-0.000800,
-0.003000,0.000700,
-0.002300,0.001500,
-0.003000,0.001500,
-0.004600,0.000700,
0.002200,0.003700,
0.010500,0.001500,
-0.002300,-0.000800,
-0.023300,0.005200,
-0.025600,0.006700,
-0.013500,0.003000,
-0.002300,0.000700,
-0.003000,0.000700,
-0.007500,-0.000800,
-0.006800,-0.003000,
-0.006000,-0.002300,
0.003000,-0.001500,
0.011200,-0.000800,
0.012700,-0.000800,
0.010500,-0.000800,
0.004500,-0.000800,
0.003000,0.000000,
0.000000,-0.001500,
-0.003800,-0.000800,
-0.011300,-0.002300,
-0.019500,0.000000,
-0.016500,0.003000,
-0.008300,0.001500,
-0.002300,0.002200,
0.003000,0.002200,
0.007500,0.000700,
0.009700,-0.000800,
0.009000,-0.001500,
0.009700,0.000700,
0.015700,0.001500,
0.018000,0.000000,
0.015000,-0.000800,
0.005200,-0.001500,
0.000700,0.000000,
0.002200,-0.000800,
-0.000800,-0.000800,
-0.004600,0.000700,
0.000700,0.000700,
0.008200,0.001500,
0.017200,-0.000800,
0.045700,-0.003000,
0.046500,0.000000,
0.027700,0.000700,
0.012700,0.001500,
-0.015000,0.005200,
-0.024000,0.005200,
-0.021000,0.004500,
-0.016500,0.003000,
-0.009100,0.000000,
-0.016500,-0.001500,
-0.019500,-0.000800,
-0.017300,0.000000,
-0.013500,-0.003000,
-0.012000,-0.004600,
-0.013500,-0.005300,
-0.009800,-0.005300,
-0.006000,-0.004600,
-0.001500,-0.000800,
0.005200,0.000700,
0.012700,-0.002300,
0.012700,0.000000,
0.003000,0.002200,
0.000000,0.003000,
0.003000,0.001500,
0.002200,0.001500,
0.003000,0.001500,
0.001500,0.001500,
-0.001500,0.000700,
-0.000800,-0.002300,
-0.001500,0.000000,
-0.003800,0.000000,
-0.006800,-0.004600,
-0.006800,-0.004600,
-0.001500,-0.003800,
0.003700,-0.003000,
0.011200,-0.003000,
0.012700,-0.004600,
0.003000,-0.002300,
-0.000800,-0.003800,
0.000700,-0.005300,
0.003000,-0.002300,
-0.001500,-0.001500,
-0.009100,0.000700,
-0.009100,0.001500,
-0.012000,0.003000,
-0.010500,0.004500,
0.002200,0.006000,
0.014200,0.006000,
0.016500,0.004500,
0.012700,0.003000,
0.015000,0.003000,
0.010500,0.003000,
0.009000,0.003700,
0.015000,0.003700,
0.010500,0.003000,
0.005200,0.007500,
0.000700,0.008200,
0.002200,0.005200,
0.005200,0.004500,
0.006700,0.001500,
0.004500,-0.001500,
-0.000800,-0.002300,
0.000700,-0.002300,
-0.003800,-0.000800,
-0.006000,-0.000800,
-0.009800,-0.004600,
-0.010500,-0.005300,
-0.005300,-0.004600,
0.006700,-0.003800,
0.007500,-0.001500,
0.004500,0.000700,
0.006700,-0.001500,
0.001500,-0.001500,
-0.012000,0.000700,
-0.019500,-0.001500,
-0.017300,0.000700,
-0.018100,0.002200,
-0.016500,0.001500,
-0.012000,0.000700,
-0.010500,-0.000800,
-0.010500,-0.002300,
-0.009100,-0.000800,
-0.009800,-0.001500,
-0.018100,0.000700,
-0.015800,0.001500,
-0.008300,0.000000,
-0.003000,0.000700,
-0.001500,0.000000,
-0.005300,-0.000800,
-0.017300,0.000700,
-0.026300,0.001500,
-0.013500,0.000000,
0.003700,-0.000800,
0.018700,0.000700,
0.025500,0.000000,
0.038200,0.000700,
0.049500,0.000700,
0.027700,-0.003800,
0.007500,-0.003000,
0.000000,-0.001500,
-0.006000,-0.002300,
-0.004600,-0.001500,
-0.003800,-0.002300,
-0.001500,-0.002300,
0.003700,-0.003000,
0.008200,-0.000800,
-0.005300,0.000000,
-0.023300,0.001500,
-0.030800,0.002200,
-0.026300,-0.002300,
-0.008300,-0.000800,
0.008200,-0.000800,
0.011200,-0.002300,
0.006000,-0.002300,
0.014200,0.000700,
0.019500,0.002200,
0.012000,0.002200,
0.001500,-0.000800,
-0.002300,-0.001500,
-0.015800,0.000700,
-0.023300,0.000000,
-0.018800,-0.000800,
-0.008300,0.002200,
0.003000,0.003700,
-0.002300,0.003000,
-0.013500,0.000700,
-0.033800,-0.000800,
-0.032300,0.000700,
-0.021800,-0.001500,
-0.021800,-0.001500,
-0.004600,0.000000,
0.029200,0.000700,
0.062200,0.003700,
0.063000,0.003000,
0.057000,0.001500,
0.040500,0.001500,
0.009700,0.001500,
-0.000800,-0.000800,
-0.001500,-0.001500,
0.006700,0.000000,
0.024000,0.000000,
0.035200,0.002200,
0.035200,0.004500,
0.021700,0.005200,
-0.000800,0.000700,
-0.017300,-0.001500,
-0.024000,-0.001500,
-0.042800,-0.002300,
-0.055500,-0.003000,
-0.053300,-0.000800,
-0.045000,0.000700,
-0.032300,-0.000800,
-0.014300,-0.002300,
0.009000,-0.003000,
0.023200,-0.003000,
0.036000,-0.003000,
0.036700,-0.004600,
0.034500,-0.004600,
0.043500,-0.002300,
0.046500,-0.001500,
0.039000,-0.001500,
0.039000,-0.001500,
0.030700,-0.004600,
0.012000,-0.003000,
0.003700,-0.001500,
-0.012800,-0.000800,
-0.024000,0.003000,
-0.037500,0.003700,
-0.040500,0.000700,
-0.035300,0.000700,
-0.030800,0.003000,
-0.024000,0.003000,
-0.025600,0.000700,
-0.020300,0.001500,
-0.020300,0.004500,
-0.020300,0.002200,
-0.024000,0.000700,
-0.030800,0.001500,
-0.030000,0.001500,
-0.010500,-0.000800,
0.011200,0.000000,
0.020200,0.001500,
0.027700,0.000700,
0.018000,0.000000,
0.006700,0.002200,
0.030000,0.002200,
0.044200,0.001500,
0.024700,0.000700,
0.009000,0.002200,
-0.005300,0.002200,
-0.009100,0.001500,
-0.012800,0.002200,
-0.016500,0.001500,
-0.010500,-0.000800,
-0.003000,-0.003000,
0.003700,-0.000800,
0.004500,-0.001500,
0.001500,-0.003000,
-0.009100,-0.002300,
-0.011300,-0.001500,
-0.001500,0.000000,
0.006700,0.000700,
0.011200,0.002200,
0.004500,0.000700,
0.001500,-0.001500,
0.000700,-0.001500,
-0.007500,-0.000800,
-0.014300,0.000700,
-0.018100,0.000000,
-0.018100,-0.000800,
-0.009800,-0.001500,
0.004500,-0.001500,
0.015000,0.000700,
0.023200,0.003000,
0.029200,0.003000,
0.020200,0.001500,
0.006700,0.000700,
0.004500,0.000700,
0.004500,0.000700,
0.003000,0.000700,
0.006000,0.000700,
0.005200,0.003700,
-0.008300,0.001500,
-0.021000,-0.002300,
-0.027800,0.000700,
-0.021800,-0.000800,
-0.004600,-0.000800,
0.006700,-0.000800,
0.016500,-0.001500,
0.021000,-0.003000,
-0.001500,-0.003800,
-0.017300,-0.002300,
-0.016500,-0.000800,
-0.015800,-0.003000,
-0.013500,-0.003800,
-0.009100,-0.003000,
0.008200,-0.001500,
0.012000,0.000000,
0.013500,-0.000800,
0.012700,-0.000800,
0.005200,0.000700,
0.009700,0.000000,
0.009000,-0.000800,
0.006700,0.000000,
0.001500,-0.000800,
-0.006800,-0.001500,
-0.008300,-0.002300,
-0.011300,-0.003800,
-0.009800,-0.002300,
-0.004600,-0.002300,
-0.004600,-0.003000,
-0.003000,-0.001500,
0.007500,-0.000800,
0.014200,0.000700,
0.019500,0.000700,
0.010500,0.001500,
-0.000800,0.003000,
-0.003000,0.003000,
-0.015800,0.001500,
-0.029300,0.000000,
-0.025600,0.000700,
-0.001500,0.001500,
0.024700,0.001500,
0.039700,-0.000800,
0.042000,-0.001500,
0.030000,0.000700,
0.014200,0.000700,
0.012000,0.000700,
0.013500,0.002200,
0.009000,0.001500,
-0.000800,0.001500,
-0.010500,0.000700,
-0.010500,0.000000,
-0.012800,0.000700,
-0.012000,0.001500,
-0.008300,0.003000,
-0.003000,0.001500,
-0.001500,0.003000,
-0.006800,0.001500,
-0.009100,-0.000800,
-0.012000,-0.000800,
-0.012800,-0.003000,
-0.006000,-0.003800,
-0.000800,-0.000800,
-0.005300,0.000000,
-0.006800,-0.001500,
-0.002300,-0.001500,
-0.004600,-0.001500,
-0.003000,-0.001500,
0.000700,0.003000,
-0.001500,0.001500,
-0.008300,0.001500,
-0.000800,0.002200,
0.012000,0.000700,
0.016500,0.003000,
0.016500,0.000700,
0.010500,-0.000800,
-0.009100,-0.000800,
-0.021800,-0.000800,
-0.028500,0.001500,
-0.041300,0.002200,
-0.045800,0.000700,
-0.043600,-0.000800,
-0.042800,-0.003000,
-0.042000,-0.003000,
0.002200,-0.000800,
0.048000,0.000000,
0.058500,-0.001500,
0.072700,-0.003800,
0.072700,0.000700,
0.050200,-0.000800,
0.030000,-0.003000,
0.012000,-0.002300,
-0.002300,-0.003000,
-0.011300,-0.002300,
-0.014300,-0.001500,
-0.014300,-0.000800,
-0.012800,0.000700,
-0.009100,0.001500,
-0.001500,0.003000,
0.004500,0.003000,
0.000700,0.004500,
-0.000800,0.003700,
-0.000800,0.001500,
-0.003000,-0.000800,
0.000700,-0.000800,
0.001500,-0.000800,
-0.003800,-0.001500,
-0.007500,-0.002300,
-0.009100,-0.001500,
-0.013500,-0.000800,
-0.020300,-0.000800,
-0.019500,-0.000800,
-0.015800,0.001500,
-0.015800,0.003000,
-0.006000,0.003700,
0.002200,0.003700,
0.003000,0.001500,
0.000700,-0.000800,
0.003700,-0.002300,
0.005200,-0.003000,
-0.003800,-0.003800,
-0.003000,-0.000800,
-0.005300,-0.001500,
-0.004600,-0.000800,
-0.000800,-0.001500,
-0.006800,-0.002300,
-0.006800,-0.004600,
-0.008300,-0.003000,
-0.006800,0.000700,
-0.007500,0.001500,
-0.014300,0.001500,
-0.014300,0.000700,
-0.005300,0.001500,
-0.005300,0.003700,
-0.006000,0.002200,
0.005200,-0.000800,
0.008200,0.001500,
0.009000,-0.000800,
0.023200,0.001500,
0.030700,0.005200,
0.025500,0.003000,
0.019500,0.004500,
0.008200,0.004500,
0.003000,0.003700,
0.008200,0.003700,
0.005200,0.001500,
0.003700,-0.000800,
0.006700,0.000000,
0.009000,-0.001500,
0.009000,-0.003800,
0.009000,-0.002300,
0.003000,-0.002300,
-0.005300,0.000000,
-0.012800,0.000000,
-0.014300,-0.003000,
-0.012000,-0.003800,
-0.009100,-0.003000,
-0.005300,0.000000,
-0.002300,0.001500,
-0.004600,0.000700,
-0.009100,0.000000,
-0.020300,-0.000800,
-0.028500,-0.000800,
-0.019500,-0.001500,
-0.004600,-0.000800,
0.015700,0.000700,
0.029200,-0.000800,
0.026200,0.000700,
0.006700,0.002200,
-0.012800,0.003000,
-0.018100,0.001500,
-0.010500,0.000700,
0.016500,0.000700,
0.035200,0.002200,
0.029200,0.003700,
0.015000,0.003000,
0.005200,0.002200,
0.004500,0.003000,
0.006700,0.000000,
0.003700,-0.003000,
-0.002300,-0.002300,
-0.000800,-0.001500,
0.000700,-0.003000,
0.001500,-0.003000,
0.000700,-0.001500,
-0.004600,-0.002300,
-0.008300,-0.003000,
-0.009100,-0.004600,
-0.008300,-0.004600,
-0.005300,-0.000800,
-0.008300,-0.000800,
-0.016500,-0.001500,
-0.027000,-0.001500,
-0.022500,0.000000,
-0.006800,-0.000800,
-0.001500,0.000700,
0.016500,0.000000,
0.051700,-0.000800,
0.058500,0.000700,
0.036700,-0.001500,
0.013500,-0.000800,
-0.000800,-0.000800,
-0.007500,-0.001500,
-0.012800,0.000700,
-0.005300,0.000700,
0.007500,0.003000,
0.018000,0.001500,
0.009700,0.000000,
-0.006000,-0.000800,
-0.017300,-0.001500,
-0.024000,-0.000800,
-0.022500,-0.000800,
-0.006000,0.001500,
0.025500,0.001500,
0.038200,0.000700,
0.027700,0.003000,
0.021000,0.004500,
0.024700,0.004500,
0.014200,0.003700,
0.001500,0.001500,
-0.000800,0.000700,
-0.004600,0.001500,
-0.002300,0.002200,
-0.005300,0.000700,
-0.006800,-0.000800,
-0.009100,0.000000,
-0.012800,0.001500,
-0.012000,0.000700,
-0.014300,0.002200,
-0.012800,0.003700,
-0.012000,0.003700,
-0.015800,0.003000,
-0.018800,0.002200,
-0.018800,0.002200,
-0.024000,0.000700,
-0.033000,0.001500,
-0.027000,0.003000,
-0.016500,0.002200,
-0.010500,0.000700,
0.008200,-0.000800,
0.026200,-0.001500,
0.024700,-0.003000,
0.010500,-0.003800,
-0.000800,-0.005300,
-0.009100,-0.005300,
-0.019500,-0.005300,
-0.028500,-0.004600,
-0.028500,-0.003000,
-0.026300,-0.004600,
-0.020300,-0.001500,
-0.008300,-0.000800,
0.008200,0.001500,
0.018700,0.000700,
0.013500,0.000700,
0.016500,-0.001500,
0.029200,-0.000800,
0.023200,0.002200,
0.005200,0.003700,
-0.006800,0.003000,
-0.023300,0.001500,
-0.033000,0.000700,
-0.035300,0.001500,
-0.029300,0.000700,
-0.006800,-0.000800,
0.023200,-0.002300,
0.044200,-0.003000,
0.035200,-0.003000,
0.018000,-0.000800,
0.015700,0.001500,
0.012700,0.002200,
0.015700,0.002200,
0.009700,0.000700,
0.003000,-0.000800,
0.010500,-0.001500,
0.018000,-0.001500,
0.020200,0.000700,
0.011200,0.000700,
-0.000800,0.002200,
-0.008300,0.000000,
-0.015800,-0.003000,
-0.016500,-0.001500,
-0.019500,-0.001500,
-0.020300,-0.001500,
-0.016500,0.000000,
-0.012800,0.001500,
-0.008300,0.000700,
-0.003000,0.001500,
0.000700,0.001500,
0.000700,-0.000800,
0.001500,-0.003000,
0.003700,-0.003000,
-0.000800,-0.003000,
-0.003800,-0.005300,
-0.003000,-0.003800,
-0.004600,-0.001500,
-0.003000,-0.000800,
0.005200,0.001500,
0.011200,0.003000,
0.014200,0.001500,
0.022500,0.002200,
0.016500,0.000700,
0.003000,0.000000,
-0.009100,-0.000800,
-0.015800,-0.003000,
-0.009800,-0.001500,
-0.005300,-0.001500,
-0.004600,-0.001500,
0.003000,-0.000800,
0.001500,0.000700,
-0.003800,0.000700,
0.003700,-0.000800,
0.006700,-0.000800,
0.000000,-0.002300,
-0.006800,-0.002300,
-0.009100,-0.000800,
-0.008300,0.000000,
-0.008300,-0.000800,
0.000700,0.001500,
0.015000,0.003000,
0.015700,0.002200,
0.006700,0.002200,
-0.000800,0.001500,
-0.012800,0.003700,
-0.021800,0.003000,
-0.037500,0.001500,
-0.042800,0.001500,
-0.021800,0.000000,
0.006700,0.000000,
0.029200,0.000000,
0.053200,0.000700,
0.069000,0.000700,
0.051000,-0.001500,
0.023200,-0.000800,
0.007500,-0.000800,
0.000000,-0.000800,
-0.009800,-0.001500,
-0.012800,-0.001500,
-0.005300,-0.001500,
0.003000,-0.003000,
0.007500,-0.002300,
0.006700,-0.003000,
0.004500,-0.004600,
-0.004600,-0.000800,
-0.008300,0.003000,
-0.009100,0.004500,
-0.009100,0.003700,
-0.009100,0.003000,
-0.012000,0.002200,
-0.018800,0.000700,
-0.027000,-0.000800,
-0.029300,0.001500,
-0.027000,0.003000,
-0.012000,-0.001500,
0.014200,-0.002300,
0.033000,0.000700,
0.035200,0.001500,
0.021700,0.002200,
0.023200,0.003000,
0.018000,0.003000,
0.004500,0.001500,
-0.001500,0.000000,
-0.003000,0.000000,
0.003000,-0.000800,
0.003000,-0.002300,
-0.000800,-0.001500,
-0.006000,-0.000800,
-0.005300,0.000700,
-0.005300,0.001500,
-0.004600,0.001500,
-0.001500,-0.000800,
-0.004600,-0.001500,
-0.012800,-0.000800,
-0.012800,0.000700,
-0.008300,0.000000,
-0.010500,-0.000800,
-0.006800,0.000700,
-0.000800,0.000700,
0.007500,0.000700,
0.006700,0.000700,
0.000700,0.000700,
0.001500,0.001500,
-0.003800,0.000700,
-0.006800,-0.001500,
0.001500,0.000000,
0.012000,-0.001500,
0.017200,-0.004600,
0.014200,-0.004600,
0.006700,-0.002300,
-0.004600,0.000000,
-0.021000,-0.000800,
-0.029300,-0.001500,
-0.031500,-0.000800,
-0.023300,0.000000,
-0.001500,0.000700,
0.018700,0.000700,
0.035200,0.001500,
0.038200,0.000000,
0.031500,-0.001500,
0.025500,-0.003800,
0.006700,-0.003800,
-0.007500,-0.003000,
-0.005300,-0.005300,
-0.007500,-0.001500,
-0.012800,0.003000,
-0.016500,0.004500,
-0.019500,0.003000,
-0.021000,0.001500,
-0.014300,0.003000,
-0.010500,0.004500,
-0.008300,0.005200,
0.001500,0.005200,
0.017200,0.005200,
0.023200,0.001500,
0.009000,-0.000800,
-0.002300,-0.004600,
-0.005300,-0.006800,
-0.007500,-0.006800,
-0.008300,-0.005300,
-0.010500,-0.004600,
-0.012000,-0.002300,
-0.009800,-0.000800,
-0.001500,0.000700,
0.005200,0.002200,
0.009000,0.000700,
0.008200,0.001500,
0.003700,0.000700,
0.000000,0.002200,
-0.003000,0.003000,
-0.005300,-0.002300,
-0.003800,-0.000800,
-0.001500,-0.000800,
0.011200,-0.003800,
0.018000,-0.003000,
0.008200,-0.001500,
0.001500,-0.000800,
0.000000,-0.002300,
-0.001500,-0.002300,
0.000000,-0.000800,
0.000700,-0.001500,
-0.003800,-0.001500,
-0.009100,0.000000,
-0.015800,0.000000,
-0.023300,0.000700,
-0.027000,0.000700,
-0.029300,-0.000800,
-0.019500,-0.000800,
-0.003000,-0.001500,
0.010500,-0.000800,
0.021700,0.001500,
0.033700,0.001500,
0.040500,0.003000,
0.023200,0.001500,
0.000700,-0.000800,
-0.000800,0.000700,
0.009000,0.000700,
0.012700,-0.000800,
-0.000800,-0.002300,
-0.010500,-0.003000,
-0.008300,-0.001500,
-0.008300,-0.001500,
-0.005300,-0.000800,
-0.009800,0.000700,
-0.008300,0.000700,
-0.000800,0.001500,
0.001500,0.003000,
0.005200,0.005200,
0.006700,0.006700,
0.015000,0.006700,
0.020200,0.004500,
0.009700,0.001500,
-0.005300,0.000000,
-0.006000,-0.001500,
-0.005300,-0.002300,
-0.000800,-0.002300,
0.002200,0.000000,
-0.005300,0.000000,
-0.003000,0.000000,
-0.000800,0.001500,
0.003000,0.003000,
0.004500,0.004500,
-0.004600,0.003000,
-0.010500,0.001500,
-0.014300,0.000000,
-0.014300,0.002200,
-0.012000,0.005200,
-0.011300,0.003000,
-0.009100,0.002200,
-0.003000,0.002200,
0.006700,0.000000,
0.003000,-0.001500,
-0.000800,-0.004600,
0.006000,-0.002300,
0.008200,-0.000800,
0.009000,-0.000800,
0.010500,-0.000800,
0.009000,0.000700,
0.005200,0.001500,
0.000000,0.000700,
0.006700,0.000000,
0.007500,0.000700,
-0.001500,-0.000800,
-0.003800,-0.003000,
-0.003000,-0.004600,
-0.002300,-0.001500,
0.005200,-0.001500,
0.016500,-0.003000,
0.009700,-0.002300,
-0.006000,-0.000800,
-0.010500,0.002200,
-0.012800,-0.001500,
-0.009800,-0.000800,
-0.006800,0.000000,
-0.008300,-0.000800,
-0.005300,-0.001500,
-0.003800,-0.001500,
0.001500,-0.003800,
0.006000,-0.005300,
0.007500,-0.003800,
0.009700,-0.003800,
0.012000,-0.003800,
0.012000,-0.004600,
0.014200,-0.002300,
0.014200,0.000000,
0.006700,0.000000,
0.000700,-0.000800,
-0.000800,-0.000800,
0.000700,-0.000800,
0.000000,-0.003000,
-0.003000,-0.001500,
0.000000,-0.001500,
0.001500,-0.001500,
0.001500,0.002200,
-0.001500,0.001500,
-0.005300,0.001500,
-0.006800,0.000700,
-0.009100,0.000700,
-0.009800,0.000000,
-0.008300,-0.000800,
-0.010500,-0.000800,
-0.012800,0.000000,
-0.016500,0.003000,
-0.016500,0.003700,
-0.018100,0.003000,
-0.013500,0.002200,
-0.002300,0.001500,
0.004500,0.001500,
0.010500,0.000000,
0.012700,0.000700,
0.014200,0.000700,
0.015000,-0.001500,
0.010500,-0.002300,
0.005200,-0.001500,
0.004500,-0.003000,
-0.001500,-0.003000,
-0.003000,-0.000800,
0.003000,0.003000,
0.009700,0.001500,
0.009000,-0.000800,
0.006700,-0.000800,
0.004500,-0.001500,
-0.005300,-0.002300,
-0.008300,-0.001500,
-0.008300,-0.003000,
-0.007500,-0.002300,
-0.004600,-0.002300,
0.000000,-0.001500,
0.000700,0.000700,
-0.001500,-0.000800,
-0.000800,-0.002300,
0.002200,-0.001500,
0.003000,0.000700,
0.001500,0.003000,
0.002200,0.006000,
0.001500,0.008200,
0.000700,0.009000,
0.000000,0.006700,
-0.002300,0.006700,
-0.001500,0.006700,
-0.001500,0.001500,
-0.001500,-0.000800,
0.003000,-0.001500,
0.006700,-0.003800,
0.008200,-0.004600,
0.005200,-0.005300,
0.005200,-0.004600,
0.006700,-0.003000,
0.005200,-0.001500,
0.002200,-0.000800,
-0.001500,0.001500,
-0.005300,0.003700,
-0.014300,0.003000,
-0.024000,0.005200,
-0.025600,0.005200,
-0.019500,0.006700,
-0.015800,0.006700,
-0.009100,0.005200,
0.004500,0.005200,
0.019500,0.005200,
0.029200,0.002200,
0.027700,-0.000800,
0.026200,-0.001500,
0.020200,0.000000,
0.008200,-0.000800,
-0.001500,-0.005300,
-0.003000,-0.006000,
-0.002300,-0.006000,
-0.003800,-0.003000,
-0.003000,-0.003000,
-0.000800,-0.003800,
0.003000,-0.004600,
0.009000,-0.004600,
0.007500,-0.005300,
-0.003000,-0.006800,
-0.010500,-0.003000,
-0.012000,-0.001500,
-0.009100,0.001500,
-0.006000,0.000700,
-0.000800,0.001500,
0.001500,0.000000,
-0.003800,-0.001500,
-0.008300,0.003000,
-0.008300,0.003000,
-0.006800,0.005200,
-0.006800,0.008200,
-0.003000,0.009000,
0.001500,0.012000,
0.000000,0.006700,
-0.000800,0.003000,
0.003700,0.004500,
0.007500,0.003000,
0.009000,0.000700,
-0.000800,-0.001500,
-0.001500,-0.000800,
0.003000,0.002200,
0.005200,0.001500,
0.003700,0.000000,
-0.003800,0.001500,
-0.005300,-0.000800,
-0.004600,-0.005300,
-0.002300,-0.006000,
0.000000,-0.006000,
0.002200,-0.005300,
0.004500,-0.002300,
0.003700,-0.001500,
0.003000,-0.004600,
0.006700,-0.005300,
0.006700,-0.004600,
-0.003000,-0.001500,
-0.008300,0.001500,
-0.008300,0.001500,
-0.012000,0.003000,
-0.010500,0.004500,
-0.008300,0.004500,
0.000700,0.003000,
0.006700,0.000700,
0.005200,-0.000800,
0.004500,0.001500,
0.005200,0.001500,
0.003700,0.001500,
0.006700,0.002200,
0.006700,0.002200,
0.003000,0.002200,
0.006700,0.001500,
0.009700,0.000700,
0.012000,-0.000800,
0.004500,-0.002300,
-0.009800,-0.003000,
-0.011300,-0.003000,
-0.010500,-0.000800,
-0.008300,0.000700,
-0.005300,0.000700,
-0.005300,0.000700,
-0.002300,0.001500,
-0.003800,0.001500,
-0.001500,0.000000,
0.000000,0.001500,
-0.004600,0.005200,
-0.004600,0.006000,
-0.002300,0.004500,
-0.001500,0.005200,
-0.003000,0.001500,
-0.003000,-0.000800,
-0.003000,-0.001500,
-0.002300,-0.003000,
-0.000800,0.000700,
-0.000800,0.001500,
-0.002300,0.000000,
-0.000800,-0.000800,
0.001500,-0.001500,
0.000000,-0.004600,
0.001500,-0.006800,
0.003000,-0.009800,
0.004500,-0.008300,
0.007500,-0.003000,
0.009000,-0.004600,
0.008200,-0.003800,
0.005200,-0.003000,
0.003000,-0.001500,
-0.000800,0.001500,
-0.004600,0.001500,
-0.005300,0.000700,
-0.006000,0.002200,
-0.003800,0.002200,
0.000000,0.005200,
0.003000,0.004500,
0.001500,0.001500,
0.001500,0.000700,
0.004500,-0.000800,
0.003000,0.000700,
0.004500,0.000700,
0.003000,0.001500,
0.006700,-0.003000,
0.007500,-0.005300,
0.006000,-0.003000,
0.006000,-0.001500,
0.005200,0.000700,
0.008200,0.003000,
0.007500,0.000000,
0.000700,-0.001500,
-0.003000,-0.001500,
-0.003000,-0.000800,
-0.002300,0.000000,
-0.001500,-0.003000,
-0.001500,0.000000,
-0.003000,0.000700,
-0.004600,0.000000,
-0.005300,-0.001500,
-0.004600,-0.005300,
0.001500,-0.002300,
0.007500,-0.003000,
0.009000,-0.003800,
0.008200,-0.005300,
0.006700,-0.004600,
0.003000,-0.003000,
-0.005300,-0.001500,
-0.007500,0.001500,
-0.009800,0.003000,
-0.012000,0.004500,
-0.009100,0.004500,
-0.004600,0.004500,
-0.000800,0.006000,
-0.001500,0.005200,
0.000700,0.004500,
0.000000,0.000700,
0.000700,-0.000800,
0.001500,0.004500,
-0.002300,0.006700,
-0.002300,0.005200,
-0.005300,0.003000,
-0.009100,-0.003000,
-0.009800,-0.003800,
-0.012000,-0.001500,
-0.012000,0.000000,
-0.010500,-0.001500,
-0.008300,-0.003000,
-0.010500,-0.006000,
-0.011300,-0.004600,
-0.010500,-0.000800,
-0.006800,-0.000800,
-0.003000,0.001500,
0.000700,0.001500,
0.007500,0.000700,
0.017200,-0.001500,
0.036000,-0.001500,
0.048700,0.001500,
0.041200,0.000700,
0.027000,-0.000800,
0.014200,-0.001500,
0.007500,-0.004600,
-0.000800,-0.006800,
-0.004600,-0.005300,
-0.003800,-0.004600,
-0.003000,-0.003000,
-0.001500,-0.000800,
-0.003000,0.001500,
-0.005300,0.003000,
-0.005300,0.003700,
-0.003000,0.003700,
-0.003000,0.001500,
-0.000800,0.000700,
-0.001500,0.000700,
-0.003000,0.000000,
-0.005300,0.002200,
-0.004600,0.002200,
-0.002300,0.002200,
-0.002300,0.000700,
-0.002300,-0.000800,
-0.005300,-0.004600,
-0.005300,-0.008300,
-0.003000,-0.006800,
0.000700,-0.005300,
0.003000,-0.003800,
0.001500,-0.003000,
-0.000800,-0.001500,
-0.001500,-0.003000,
-0.001500,-0.005300,
-0.004600,-0.003000,
-0.005300,0.001500,
-0.003800,0.003000,
-0.001500,-0.000800,
-0.000800,-0.005300,
-0.000800,-0.003000,
-0.001500,-0.001500,
-0.003000,-0.003000,
-0.003000,-0.002300,
-0.000800,-0.003000,
-0.000800,-0.001500,
0.000000,0.000700,
0.001500,0.000000,
0.000700,-0.000800,
-0.003000,-0.000800,
-0.003800,0.001500,
-0.004600,0.003700,
-0.005300,0.003700,
-0.003000,-0.001500,
0.001500,-0.008300,
0.001500,-0.008300,
0.003000,-0.005300,
0.006700,-0.000800,
0.007500,-0.001500,
0.006000,-0.001500,
0.004500,-0.000800,
0.003000,0.001500,
0.003000,0.006000,
0.001500,0.007500,
-0.001500,0.008200,
-0.004600,0.009700,
-0.008300,0.006700,
-0.006800,0.005200,
-0.004600,0.004500,
-0.004600,0.002200,
-0.001500,0.003000,
0.000700,0.000700,
0.001500,0.000700,
0.000700,0.003000,
0.004500,0.003000,
0.003700,0.002200,
0.004500,0.005200,
0.006000,0.009700,
0.002200,0.010500,
0.003700,0.007500,
-0.000800,0.006000,
-0.004600,0.006700,
-0.005300,0.008200,
-0.006800,0.007500,
-0.004600,0.005200,
-0.005300,0.007500,
-0.009800,0.006700,
-0.014300,0.004500,
-0.014300,0.003000,
-0.009800,0.005200,
-0.002300,0.006000,
0.000700,0.004500,
0.000700,-0.000800,
0.002200,-0.003800,
0.005200,-0.001500,
0.007500,-0.000800,
0.012000,-0.000800,
0.010500,-0.005300,
0.003000,-0.006800,
-0.002300,-0.003800,
-0.005300,-0.004600,
-0.003800,-0.007500,
-0.000800,-0.003000,
-0.000800,-0.001500,
-0.001500,-0.004600,
-0.000800,-0.003000,
0.002200,-0.003000,
0.003000,0.000700,
0.001500,0.001500,
0.003000,0.001500,
0.004500,0.003000,
0.005200,0.004500,
0.007500,0.008200,
0.006700,0.007500,
0.006700,0.006700,
0.005200,0.006000,
0.004500,0.004500,
0.004500,0.002200,
0.006700,-0.000800,
0.008200,0.001500,
0.005200,0.003000,
0.004500,0.001500,
0.003000,0.000700,
0.001500,-0.003000,
0.002200,-0.000800,
0.002200,-0.000800,
-0.000800,-0.000800,
-0.004600,0.002200,
-0.006800,0.003000,
-0.005300,0.000700,
-0.006800,-0.003800,
-0.010500,-0.004600,
-0.012000,-0.007500,
-0.012000,-0.007500,
-0.012000,-0.009100,
-0.010500,-0.007500,
-0.009100,-0.005300,
-0.007500,-0.007500,
-0.003000,-0.006800,
0.001500,-0.009800,
0.004500,-0.008300,
0.004500,-0.009100,
0.006700,-0.011300,
0.009000,-0.006800,
0.004500,-0.009800,
0.003000,-0.009100,
0.004500,-0.008300,
-0.000800,-0.006800,
-0.003000,-0.004600,
-0.003800,-0.003800,
-0.001500,-0.004600,
0.001500,-0.001500,
0.005200,0.002200,
0.006700,0.000000,
0.006700,-0.001500,
0.011200,-0.002300,
0.012000,-0.004600,
0.009000,-0.002300,
0.003700,-0.000800,
0.004500,0.000000,
0.005200,0.000700,
-0.004600,-0.000800,
-0.008300,-0.002300,
-0.008300,-0.004600,
-0.010500,-0.006800,
-0.010500,-0.003800,
-0.008300,-0.003000,
-0.006800,-0.000800,
-0.004600,-0.000800,
-0.002300,-0.000800,
-0.005300,-0.001500,
-0.004600,0.000700,
-0.003000,0.000700,
0.000000,-0.000800,
0.005200,-0.003000,
0.006000,-0.003000,
0.006700,-0.001500,
0.009000,-0.001500,
0.010500,0.000000,
0.008200,0.000700,
0.003700,0.000000,
-0.000800,0.000700,
-0.001500,0.000700,
-0.000800,0.000000,
-0.002300,0.002200,
-0.001500,-0.000800,
-0.003000,-0.002300,
-0.000800,0.001500,
-0.001500,0.004500,
-0.000800,0.006700,
0.000000,0.004500,
-0.000800,0.001500,
0.001500,0.003000,
-0.001500,0.005200,
-0.001500,0.006000,
-0.000800,0.003000,
0.003000,-0.000800,
0.004500,-0.006000,
0.007500,-0.008300,
0.012000,-0.005300,
0.012000,-0.001500,
0.006000,-0.000800,
-0.000800,0.000700,
-0.003000,0.001500,
-0.005300,0.000700,
-0.004600,0.003000,
-0.005300,0.006000,
-0.002300,0.007500,
-0.003000,0.007500,
-0.005300,0.009700,
-0.003800,0.011200,
-0.003800,0.009000,
-0.002300,0.006000,
-0.002300,0.003000,
-0.002300,0.001500,
-0.004600,0.001500,
0.002200,0.004500,
0.011200,0.006700,
0.009000,0.003000,
-0.003000,0.002200,
-0.006800,0.007500,
-0.004600,0.012000,
-0.006000,0.009000,
-0.002300,0.004500,
-0.004600,0.001500,
-0.003000,-0.000800,
-0.000800,-0.003000,
0.000700,-0.006000,
0.003000,-0.005300,
0.003000,-0.001500,
0.002200,-0.000800,
0.003700,-0.004600,
0.006700,-0.007500,
0.005200,-0.007500,
0.005200,-0.006800,
0.006000,-0.004600,
0.007500,-0.005300,
0.006000,-0.000800,
0.003700,0.001500,
0.003000,0.001500,
-0.001500,0.003700,
-0.008300,0.003000,
-0.012000,0.004500,
-0.012000,0.006700,
-0.010500,0.008200,
-0.006800,0.006700,
-0.006000,0.002200,
-0.003000,-0.000800,
-0.000800,0.001500,
-0.001500,0.004500,
-0.004600,0.003000,
-0.008300,0.003000,
-0.006000,0.003000,
-0.000800,0.003000,
0.002200,0.000700,
0.008200,-0.004600,
0.012000,-0.006000,
0.009000,-0.003000,
0.004500,0.001500,
0.005200,0.003000,
0.006700,0.001500,
0.003000,-0.003000,
-0.005300,-0.006000,
-0.006800,-0.002300,
-0.005300,0.001500,
-0.005300,0.001500,
-0.004600,0.001500,
-0.001500,0.003000,
0.000700,0.005200,
0.000000,0.006000,
-0.003000,0.004500,
-0.003800,0.006000,
-0.003800,0.005200,
-0.004600,0.000700,
-0.006000,-0.001500,
-0.003000,-0.001500,
0.000000,-0.000800,
0.000700,-0.005300,
-0.001500,-0.005300,
-0.004600,-0.000800,
-0.005300,0.001500,
-0.001500,-0.001500,
0.006700,-0.006800,
0.008200,-0.003800,
0.003700,-0.003000,
0.003000,-0.007500,
0.004500,-0.006800,
0.006000,-0.003000,
0.008200,0.000700,
0.007500,0.001500,
0.006700,0.004500,
0.006000,0.004500,
0.003000,0.000700,
0.002200,0.000700,
0.001500,0.004500,
0.002200,0.003700,
0.000700,0.003000,
-0.000800,0.003000,
-0.001500,-0.002300,
-0.002300,-0.004600,
-0.003800,-0.004600,
-0.004600,-0.003000,
-0.003000,-0.000800,
-0.001500,-0.000800,
-0.000800,-0.003000,
0.000000,-0.001500,
-0.003800,0.000700,
-0.005300,0.001500,
-0.003800,0.000700,
-0.001500,-0.003800,
-0.000800,-0.001500,
-0.000800,0.003000,
0.001500,0.005200,
0.006700,0.004500,
0.006700,0.004500,
0.005200,0.006700,
0.006000,0.006000,
0.005200,0.003700,
0.004500,-0.001500,
0.003700,-0.006800,
0.000700,-0.003800,
-0.000800,-0.002300,
0.000000,-0.003000,
0.000000,-0.005300,
0.002200,-0.003800,
0.003000,-0.003000,
0.002200,-0.003000,
0.003000,-0.001500,
0.004500,-0.002300,
0.001500,0.000700,
0.000000,0.003000,
0.000700,0.001500,
0.001500,0.000700,
0.000700,0.002200,
0.000700,0.003700,
-0.000800,0.006000,
-0.005300,0.006700,
-0.005300,-0.000800,
-0.005300,-0.006800,
-0.005300,-0.008300,
-0.004600,-0.006800,
-0.007500,-0.003000,
-0.004600,0.003000,
0.001500,0.009000,
0.012700,0.006700,
0.012700,0.001500,
0.002200,-0.000800,
-0.001500,-0.000800,
-0.005300,-0.000800,
-0.008300,0.000700,
-0.009100,0.003000,
-0.009800,0.003000,
-0.009100,-0.000800,
-0.008300,-0.001500,
-0.005300,-0.004600,
-0.003800,-0.003000,
-0.000800,-0.003000,
0.000700,-0.006800,
-0.001500,-0.006800,
-0.004600,-0.006800,
-0.003800,-0.002300,
-0.003000,0.001500,
-0.001500,0.000700,
-0.000800,-0.003800,
0.000700,-0.004600,
0.005200,-0.000800,
0.008200,0.001500,
0.006000,0.005200,
0.005200,0.005200,
0.005200,0.005200,
0.004500,0.009700,
0.005200,0.009000,
0.005200,0.004500,
0.003700,0.001500,
0.003000,0.000000,
0.001500,0.002200,
0.003000,0.005200,
0.006700,0.005200,
0.006700,-0.000800,
0.006700,-0.003000,
0.006700,-0.004600,
0.001500,-0.004600,
-0.002300,-0.006800,
-0.001500,-0.012000,
-0.003000,-0.012000,
-0.005300,-0.006800,
-0.008300,-0.004600,
-0.006000,-0.000800,
-0.004600,0.004500,
-0.003000,0.006700,
-0.007500,0.012000,
-0.006000,0.015700,
-0.005300,0.012700,
-0.006800,0.008200,
-0.004600,0.001500,
-0.005300,-0.000800,
-0.003000,0.001500,
-0.000800,0.004500,
-0.000800,-0.001500,
-0.000800,-0.013500,
-0.002300,-0.015800,
-0.004600,-0.008300,
-0.001500,-0.005300,
-0.000800,-0.005300,
-0.001500,-0.004600,
0.001500,-0.002300,
0.003700,-0.001500,
0.003700,-0.001500,
0.004500,0.001500,
0.008200,0.006700,
0.010500,0.009000,
0.010500,0.006700,
0.009000,0.002200,
0.007500,-0.002300,
0.005200,-0.006800,
0.003700,-0.009100,
0.004500,-0.005300,
0.005200,0.003700,
0.005200,0.010500,
0.001500,0.011200,
-0.001500,0.009700,
-0.000800,0.005200,
-0.001500,-0.003000,
-0.003000,-0.010500,
-0.002300,-0.010500,
-0.000800,-0.005300,
-0.000800,-0.004600,
0.001500,-0.001500,
0.000700,0.001500,
0.000700,0.000700,
0.000000,0.002200,
-0.004600,-0.001500,
-0.005300,-0.001500,
-0.004600,0.000000,
-0.001500,0.001500,
-0.003000,0.000700,
-0.001500,-0.000800,
-0.001500,-0.000800,
-0.004600,-0.003000,
-0.003800,-0.001500,
-0.005300,0.004500,
-0.005300,0.006700,
-0.003800,0.001500,
-0.003000,-0.000800,
-0.002300,0.004500,
-0.001500,0.005200,
0.000000,0.000700,
-0.000800,-0.000800,
0.004500,-0.004600,
0.006700,-0.008300,
0.007500,-0.011300,
0.008200,-0.011300,
0.006000,-0.003800,
0.002200,-0.001500,
0.000700,0.000000,
0.002200,0.005200,
-0.000800,0.008200,
0.000000,0.008200,
0.000700,0.006000,
0.000000,0.004500,
0.001500,0.006700,
-0.001500,0.012000,
-0.004600,0.012700,
-0.005300,0.010500,
-0.006800,0.009700,
-0.004600,0.010500,
-0.000800,0.000700,
0.002200,-0.012000,
0.007500,-0.015000,
0.008200,-0.012000,
0.005200,-0.005300,
0.002200,-0.004600,
0.002200,-0.002300,
0.000700,0.001500,
-0.002300,-0.003000,
-0.003800,-0.006000,
-0.005300,-0.006000,
-0.006000,-0.005300,
-0.006000,-0.004600,
-0.003000,-0.003000,
-0.001500,-0.000800,
-0.003000,-0.001500,
-0.000800,-0.000800,
0.001500,0.003000,
0.003700,0.006000,
0.002200,0.006000,
0.000700,0.006000,
-0.000800,0.008200,
-0.000800,0.007500,
-0.000800,0.003000,
-0.002300,0.000700,
-0.003000,-0.000800,
-0.003000,-0.005300,
-0.002300,-0.008300,
-0.002300,-0.011300,
-0.000800,-0.008300,
-0.001500,-0.002300,
-0.001500,-0.002300,
0.001500,0.001500,
0.003000,0.001500,
0.006700,0.003000,
0.008200,0.008200,
0.007500,0.009000,
0.006700,0.009000,
0.006000,0.003700,
0.006000,-0.002300,
0.001500,-0.001500,
-0.001500,0.001500,
-0.001500,0.003000,
0.000700,-0.001500,
0.000000,-0.001500,
-0.001500,-0.004600,
-0.000800,-0.005300,
-0.003000,0.000700,
-0.003800,0.000000,
-0.003000,0.000700,
-0.004600,-0.004600,
-0.003000,-0.006800,
-0.001500,-0.001500,
-0.001500,0.002200,
-0.003000,0.006000,
-0.003000,0.000700,
-0.001500,-0.001500,
-0.001500,-0.001500,
-0.001500,-0.003000,
-0.002300,0.000700,
0.000700,0.002200,
0.003000,-0.000800,
0.001500,-0.000800,
0.000700,0.006000,
0.001500,0.006000,
0.000700,-0.000800,
-0.002300,-0.001500,
-0.005300,0.001500,
-0.005300,-0.002300,
-0.004600,-0.004600,
-0.003800,-0.002300,
-0.001500,-0.002300,
-0.000800,-0.001500,
0.000700,-0.000800,
0.000700,-0.001500,
0.001500,-0.006800,
0.005200,-0.009800,
0.004500,-0.009800,
0.000700,-0.003800,
0.001500,-0.003000,
0.001500,-0.003000,
0.002200,-0.000800,
0.002200,0.002200,
0.001500,0.003700,
0.002200,0.006000,
0.002200,0.010500,
0.000700,0.008200,
-0.000800,0.006700,
-0.004600,0.005200,
-0.007500,0.006700,
-0.007500,0.011200,
-0.007500,0.003000,
-0.006800,-0.003000,
-0.009100,0.001500,
-0.011300,0.005200,
-0.010500,0.003700,
-0.005300,0.000000,
-0.000800,0.003000,
-0.000800,0.003700,
0.001500,-0.004600,
0.002200,-0.012800,
0.003000,-0.014300,
0.003000,-0.009100,
0.002200,-0.002300,
0.003000,0.000700,
0.009000,-0.000800,
0.010500,0.003000,
0.006000,0.006700,
0.005200,0.009700,
0.006700,0.009000,
0.008200,-0.000800,
0.008200,-0.003000,
0.006700,-0.000800,
0.004500,-0.005300,
0.003700,-0.006000,
0.003000,-0.004600,
0.003700,-0.005300,
0.003700,-0.002300,
0.002200,0.001500,
0.002200,0.001500,
0.004500,-0.003800,
0.000700,-0.000800,
-0.001500,0.004500,
-0.003000,0.003000,
-0.001500,0.001500,
0.000700,0.006700,
0.004500,0.003000,
0.008200,-0.002300,
0.006700,-0.002300,
0.000700,-0.004600,
0.000000,0.001500,
0.000000,0.007500,
-0.002300,0.004500,
-0.001500,0.000700,
-0.000800,-0.000800,
-0.000800,-0.004600,
-0.000800,-0.004600,
0.000700,-0.005300,
0.001500,-0.006800,
0.000000,0.000000,
-0.000800,0.003000,
-0.004600,0.003000,
-0.006800,0.001500,
-0.006000,-0.000800,
-0.004600,-0.005300,
-0.003000,-0.004600,
-0.004600,-0.003800,
-0.003000,-0.002300,
-0.000800,-0.003000,
0.000000,-0.003000,
-0.004600,-0.003000,
-0.006000,-0.008300,
-0.006800,-0.005300,
-0.005300,-0.000800,
-0.003000,-0.000800,
-0.002300,-0.001500,
-0.000800,0.003000,
-0.001500,0.006000,
-0.000800,0.002200,
-0.001500,0.003700,
-0.002300,-0.001500,
-0.003000,-0.006800,
-0.003000,-0.005300,
-0.001500,-0.000800,
0.001500,0.001500,
0.002200,0.003000,
0.003000,0.013500,
0.003700,0.024000,
0.003000,0.021000,
0.005200,0.012700,
0.005200,-0.000800,
0.003000,-0.007500,
0.004500,-0.001500,
0.001500,0.000700,
0.000700,0.000700,
-0.001500,0.000700,
-0.003000,0.000700,
-0.003000,-0.002300,
-0.002300,-0.005300,
-0.000800,-0.010500,
0.000000,-0.012000,
0.000000,-0.009100,
-0.002300,-0.005300,
-0.005300,-0.000800,
-0.004600,0.005200,
-0.003000,0.005200,
0.000000,0.000700,
0.003000,0.000700,
0.003000,0.002200,
0.001500,0.005200,
-0.000800,0.001500,
-0.000800,-0.001500,
-0.001500,0.002200,
-0.001500,0.000700,
-0.001500,-0.000800,
-0.000800,0.005200,
0.003700,0.011200,
0.006700,0.009000,
0.007500,0.005200,
0.005200,0.003000,
0.005200,0.001500,
0.003000,0.003700,
0.002200,0.003000,
0.002200,-0.003000,
0.000700,-0.006800,
-0.000800,-0.006800,
-0.000800,-0.004600,
-0.000800,-0.009100,
-0.001500,-0.009800,
-0.003000,-0.006000,
-0.004600,-0.006000,
-0.001500,-0.003000,
0.000700,0.003000,
0.001500,0.001500,
0.003000,-0.001500,
0.001500,-0.005300,
0.000000,-0.005300,
0.000000,-0.004600,
-0.000800,-0.006000,
-0.002300,0.000700,
-0.003000,0.009000,
-0.001500,0.015000,
-0.001500,0.012700,
-0.003000,0.010500,
-0.003000,0.005200,
-0.001500,-0.005300,
-0.003000,-0.009100,
-0.001500,-0.011300,
-0.003800,-0.009100,
-0.004600,-0.005300,
-0.008300,0.003000,
-0.006800,0.010500,
-0.004600,0.004500,
-0.005300,0.000000,
-0.001500,-0.003000,
-0.000800,0.000700,
0.001500,0.001500,
0.003000,-0.004600,
0.001500,-0.003000,
0.001500,-0.005300,
0.003000,-0.005300,
0.005200,-0.006800,
0.009000,-0.009100,
0.008200,-0.003000,
0.008200,0.003700,
0.008200,0.006700,
0.005200,0.003700,
0.003000,0.003000,
0.001500,0.003000,
0.000700,0.006700,
0.000700,0.006700,
0.000000,0.004500,
0.001500,0.003000,
0.001500,0.001500,
-0.000800,0.002200,
-0.001500,0.003000,
-0.001500,0.001500,
-0.001500,-0.005300,
-0.004600,-0.002300,
-0.004600,0.004500,
-0.000800,0.006000,
-0.001500,0.003000,
-0.001500,-0.005300,
-0.004600,-0.001500,
-0.003800,0.003000,
-0.001500,0.001500,
0.002200,-0.003000,
0.006000,-0.005300,
0.003700,-0.006000,
0.003700,-0.005300,
0.003000,-0.005300,
0.001500,-0.001500,
-0.001500,0.003700,
-0.003800,0.000700,
-0.005300,-0.001500,
-0.006800,-0.001500,
-0.004600,-0.003000,
-0.001500,-0.000800,
0.000700,0.003000,
0.000700,0.001500,
0.000000,0.000700,
0.001500,0.003700,
0.000700,0.005200,
0.000700,0.010500,
0.003000,0.010500,
0.004500,0.004500,
0.004500,0.000000,
0.004500,-0.001500,
0.005200,-0.001500,
0.007500,-0.004600,
0.006000,-0.004600,
0.002200,-0.005300,
-0.001500,-0.004600,
0.000000,0.000000,
0.001500,0.000700,
-0.002300,-0.000800,
-0.000800,-0.002300,
0.000000,-0.003000,
0.000700,-0.003000,
0.001500,-0.004600,
0.000700,-0.003000,
0.000700,-0.003000,
0.000700,-0.003800,
0.000700,-0.005300,
0.001500,-0.006800,
0.001500,-0.006000,
0.002200,-0.006800,
0.003000,-0.003800,
0.002200,0.001500,
0.002200,-0.000800,
0.004500,0.000700,
0.005200,0.003000,
0.002200,0.003000,
0.000700,0.007500,
0.000700,0.005200,
0.000700,-0.000800,
-0.003000,-0.000800,
-0.007500,-0.002300,
-0.011300,-0.002300,
-0.015000,-0.004600,
-0.015800,-0.005300,
-0.015800,-0.004600,
-0.013500,-0.005300,
-0.011300,-0.006800,
-0.006800,-0.005300,
-0.000800,-0.004600,
0.001500,-0.002300,
0.000700,0.001500,
0.003000,0.003000,
0.003000,0.005200,
0.006700,0.006700,
0.009000,0.010500,
0.009000,0.012000,
0.010500,0.009000,
0.008200,0.012000,
0.006700,0.009000,
0.005200,0.009000,
0.005200,0.008200,
0.004500,0.002200,
0.000700,-0.003000,
-0.001500,-0.004600,
-0.001500,-0.002300,
-0.003000,-0.003000,
-0.003800,-0.000800,
-0.000800,-0.000800,
0.001500,0.000000,
0.000000,0.001500,
-0.000800,-0.000800,
-0.001500,0.000000,
0.000000,0.001500,
0.000000,0.000700,
-0.000800,-0.003800,
0.001500,-0.005300,
0.000700,-0.005300,
0.000000,-0.003000,
0.000700,-0.002300,
-0.000800,0.001500,
0.000700,0.010500,
0.000700,0.011200,
0.000700,0.004500,
0.000700,-0.000800,
0.000000,-0.000800,
0.001500,0.000700,
0.003700,0.003000,
0.004500,0.000000,
0.003700,-0.002300,
0.000700,-0.001500,
-0.000800,0.002200,
-0.003000,0.006000,
-0.006000,0.006700,
-0.003800,0.005200,
-0.001500,0.000700,
-0.000800,-0.003000,
-0.000800,-0.006800,
-0.003000,-0.004600,
-0.004600,-0.005300,
-0.005300,-0.004600,
-0.003000,-0.002300,
-0.000800,-0.003000,
0.001500,-0.003000,
0.003000,-0.001500,
0.003700,0.001500,
-0.000800,0.000700,
-0.005300,-0.001500,
-0.002300,-0.001500,
-0.003000,0.001500,
-0.001500,0.001500,
-0.000800,-0.000800,
0.001500,-0.001500,
0.002200,-0.004600,
0.001500,-0.004600,
0.003700,-0.002300,
0.003000,-0.002300,
0.000700,0.001500,
-0.001500,0.004500,
-0.003000,0.001500,
-0.005300,-0.001500,
-0.004600,-0.002300,
-0.003000,0.001500,
0.001500,0.008200,
0.001500,0.011200,
0.001500,0.006700,
0.004500,0.000700,
0.003700,0.001500,
0.005200,0.002200,
0.005200,-0.001500,
0.003000,-0.002300,
0.000700,-0.000800,
-0.000800,-0.001500,
-0.000800,-0.001500,
-0.000800,0.001500,
-0.002300,0.000000,
-0.004600,-0.004600,
-0.004600,-0.006000,
-0.004600,-0.004600,
-0.001500,-0.003000,
-0.000800,-0.000800,
0.000000,-0.001500,
0.003700,-0.001500,
0.006700,-0.002300,
0.006700,-0.004600,
0.006700,-0.003000,
0.005200,-0.001500,
0.004500,0.002200,
0.002200,0.003700,
0.000700,0.003000,
0.000000,0.006000,
-0.001500,0.005200,
-0.003000,0.004500,
-0.004600,0.003000,
-0.004600,-0.003000,
-0.005300,-0.003800,
-0.004600,-0.004600,
-0.005300,-0.005300,
-0.003800,-0.001500,
-0.000800,0.000000,
-0.001500,-0.000800,
-0.000800,-0.001500,
-0.003000,-0.003000,
-0.003000,-0.003800,
0.000700,-0.003800,
0.002200,-0.003000,
0.003000,0.000000,
0.000700,0.003000,
0.000700,0.004500,
0.001500,0.004500,
0.003000,0.005200,
0.004500,0.007500,
0.002200,0.010500,
0.000000,0.012000,
-0.004600,0.006700,
-0.006800,0.004500,
-0.006000,0.004500,
-0.006000,0.003000,
-0.003000,0.005200,
-0.000800,0.006000,
0.001500,0.001500,
0.003000,-0.003000,
0.001500,-0.006800,
0.001500,-0.005300,
0.002200,-0.003800,
0.000700,-0.003000,
0.000700,-0.001500,
0.000700,-0.000800,
0.000700,0.001500,
0.000700,0.000000,
0.003000,0.000000,
0.005200,-0.000800,
0.004500,-0.003000,
0.003000,-0.001500,
0.000700,-0.002300,
0.000700,-0.002300,
-0.000800,-0.003000,
-0.001500,-0.003800,
-0.000800,-0.002300,
-0.004600,0.001500,
-0.004600,0.001500,
-0.003800,0.000700,
-0.003800,0.000000,
0.000700,-0.003000,
0.004500,-0.002300,
0.005200,-0.006800,
0.003000,-0.005300,
-0.000800,-0.001500,
-0.000800,-0.000800,
-0.001500,0.001500,
-0.002300,0.000700,
-0.003000,0.003000,
-0.003800,0.001500,
-0.003800,-0.000800,
-0.003800,-0.000800,
0.000700,-0.001500,
0.001500,-0.003000,
0.001500,-0.006800,
-0.001500,-0.008300,
-0.003000,-0.003000,
0.000000,-0.001500,
0.001500,0.000000,
0.003700,0.002200,
0.002200,-0.000800,
-0.000800,-0.002300,
-0.000800,-0.001500,
0.002200,0.000000,
0.004500,0.000700,
0.003000,-0.000800,
0.000700,-0.001500,
0.001500,-0.000800,
0.000000,-0.001500,
-0.001500,-0.003000,
0.000700,-0.001500,
-0.001500,-0.002300,
-0.000800,-0.001500,
0.000000,-0.001500,
0.000700,-0.001500,
0.001500,-0.000800,
0.001500,-0.000800,
0.004500,0.001500,
0.005200,0.001500,
0.004500,0.001500,
0.001500,0.003000,
-0.000800,0.003000,
-0.001500,0.005200,
-0.001500,0.004500,
-0.000800,0.003000,
-0.000800,-0.001500,
0.000700,-0.005300,
-0.000800,-0.001500,
-0.000800,0.000700,
-0.002300,-0.000800,
-0.006000,-0.000800,
-0.008300,0.003000,
-0.007500,0.004500,
-0.005300,0.004500,
-0.003000,0.003000,
-0.000800,0.000700,
0.000700,0.001500,
0.002200,0.001500,
0.006000,0.001500,
0.008200,0.003000,
0.005200,0.003000,
0.004500,0.005200,
0.005200,0.006000,
0.003000,0.003000,
0.000700,0.003000,
0.000000,0.003000,
-0.000800,0.006000,
-0.003800,0.004500,
-0.004600,0.000700,
-0.003000,0.000000,
-0.001500,-0.003000,
-0.003000,-0.005300,
-0.003000,-0.005300,
-0.002300,-0.001500,
-0.003000,0.000000,
0.000700,0.000700,
0.002200,0.003000,
0.002200,0.006700,
0.001500,0.006000,
0.000700,0.003000,
0.005200,0.001500,
0.006000,0.003000,
0.003000,0.000700,
0.003700,-0.001500,
0.004500,-0.000800,
0.003000,0.001500,
0.001500,0.004500,
-0.003000,0.003000,
-0.003000,0.000700,
-0.003000,0.000700,
-0.002300,-0.000800,
-0.002300,-0.003000,
-0.004600,-0.003000,
0.000000,-0.002300,
-0.000800,-0.002300,
-0.002300,-0.000800,
-0.003000,0.000000,
-0.005300,-0.000800,
-0.004600,0.000700,
-0.004600,0.001500,
-0.002300,0.000700,
0.001500,-0.000800,
0.003000,-0.003000,
0.001500,-0.003000,
-0.002300,-0.002300,
-0.001500,-0.000800,
0.000000,-0.001500,
-0.000800,-0.003800,
-0.001500,-0.001500,
0.000000,-0.002300,
0.001500,-0.000800,
0.002200,0.001500,
0.002200,0.000700,
0.001500,-0.000800,
0.001500,-0.000800,
0.001500,0.003000,
0.002200,0.002200,
0.003000,-0.000800,
0.002200,-0.000800,
0.003000,-0.003800,
0.006700,-0.005300,
0.006000,-0.003800,
0.003700,-0.003800,
0.001500,-0.000800,
0.000000,0.001500,
-0.001500,0.000000,
-0.001500,0.000000,
-0.001500,-0.001500,
-0.003000,-0.000800,
-0.000800,0.000000,
-0.003000,-0.001500,
-0.003000,0.000700,
-0.000800,0.001500,
0.001500,0.000700,
0.000700,-0.000800,
0.000700,-0.000800,
0.002200,-0.003000,
0.002200,-0.002300,
0.003000,-0.000800,
0.003000,0.000700,
0.001500,0.000700,
-0.001500,0.000000,
-0.003000,0.003000,
-0.003800,0.005200,
-0.003000,0.003700,
-0.005300,-0.000800,
-0.001500,-0.001500,
0.000700,-0.000800,
0.000700,0.001500,
0.000700,0.002200,
0.000000,0.000700,
0.000700,0.000000,
0.001500,-0.001500,
0.001500,-0.004600,
-0.001500,-0.006800,
-0.002300,-0.006800,
-0.000800,-0.005300,
0.000000,-0.001500,
0.002200,0.000700,
0.003700,0.001500,
0.001500,0.003000,
0.002200,0.000700,
0.002200,-0.000800,
0.001500,0.000000,
0.002200,0.002200,
0.001500,0.003000,
0.003000,0.003000,
0.000000,0.005200,
-0.001500,0.005200,
-0.001500,0.006000,
-0.002300,0.005200,
-0.000800,0.002200,
-0.000800,0.002200,
-0.002300,0.001500,
-0.003000,0.000000,
-0.000800,-0.000800,
0.000700,-0.000800,
0.001500,0.000700,
0.003700,0.000000,
0.005200,-0.001500,
0.004500,-0.000800,
0.003000,0.000700,
0.003700,0.000700,
0.003000,0.001500,
0.001500,0.000700,
0.001500,0.000700,
0.000700,-0.001500,
-0.001500,-0.003000,
-0.003000,-0.002300,
-0.001500,-0.002300,
-0.001500,-0.002300,
-0.002300,-0.001500,
-0.002300,0.000700,
-0.003000,-0.000800,
-0.002300,0.000700,
0.000700,0.003000,
0.003000,0.002200,
0.003000,0.001500,
0.001500,0.002200,
-0.000800,0.000000,
-0.001500,-0.002300,
-0.001500,-0.002300,
-0.001500,-0.002300,
0.000700,0.001500,
-0.000800,0.003000,
-0.000800,0.000700,
0.000700,-0.001500,
0.001500,-0.004600,
0.001500,-0.005300,
-0.000800,-0.004600,
-0.001500,-0.003800,
-0.003800,-0.003000,
-0.004600,-0.000800,
-0.004600,0.002200,
-0.005300,0.001500,
-0.003000,-0.000800,
-0.004600,-0.000800,
-0.005300,-0.000800,
-0.003000,-0.001500,
-0.001500,0.000000,
-0.001500,-0.000800,
0.000700,-0.001500,
0.000700,-0.000800,
-0.000800,-0.000800,
0.001500,-0.000800,
-0.000800,-0.000800,
-0.000800,0.001500,
-0.000800,0.000700,
0.000700,0.001500,
0.002200,0.004500,
0.003000,0.004500,
0.003000,0.004500,
0.005200,0.005200,
0.004500,0.003000,
0.001500,0.001500,
0.000700,0.002200,
-0.001500,0.000700,
-0.002300,-0.001500,
-0.003000,0.000000,
-0.003000,0.000700,
-0.000800,-0.002300,
0.000700,-0.003800,
0.000700,-0.000800,
0.000000,-0.000800,
0.000700,-0.001500,
0.003000,0.000700,
0.003000,0.002200,
0.002200,-0.000800,
0.001500,-0.003000,
0.006700,-0.000800,
0.006700,0.000700,
0.006700,-0.000800,
0.007500,0.000700,
0.009000,-0.000800,
0.009000,-0.000800,
0.006700,-0.000800,
0.006000,-0.003800,
0.001500,-0.003800,
-0.001500,-0.003000,
-0.003000,-0.001500,
-0.006800,-0.003000,
-0.006000,-0.003000,
-0.006000,-0.003800,
-0.005300,-0.001500,
-0.007500,-0.001500,
-0.007500,-0.004600,
-0.004600,-0.003000,
-0.003000,-0.002300,
-0.003800,0.000700,
-0.005300,0.002200,
-0.002300,0.003000,
-0.001500,0.003700,
-0.004600,0.000700,
-0.009100,-0.000800,
-0.010500,0.002200,
-0.010500,0.003000,
-0.010500,0.003000,
-0.009100,0.004500,
-0.005300,0.004500,
0.000000,0.005200,
0.003700,0.004500,
0.006000,0.001500,
0.006700,-0.001500,
0.007500,-0.002300,
0.007500,0.000000,
0.007500,-0.000800,
0.007500,-0.000800,
0.007500,-0.003000,
0.007500,-0.001500,
0.007500,0.000700,
0.007500,0.000700,
0.007500,-0.002300,
0.007500,-0.003000,
0.007500,0.000700,
,0.005200,
,0.004500,
,0.001500,
,0.003700,
,0.004500,
,0.004500,
,0.003000,
,0.002200,
,0.001500,
,0.000000,
,0.000700,
,-0.001500,
,-0.002300,
,-0.002300,
,-0.001500,
,-0.000800,
,-0.001500,
,-0.000800,
,0.001500,
,0.000700,
,0.000700,
,0.000000,
,-0.000800,
,-0.002300,
,-0.003000,
,-0.002300,
,-0.002300,
,-0.001500,
,-0.000800,
,0.000000,
,-0.000800,
,0.001500,
,0.005200,
,0.006000,
,0.003700,
,0.001500,
,0.000700,
,-0.000800,
,-0.001500,
,-0.004600,
,-0.003000,
,-0.003000,
,-0.001500,
,-0.000800,
,-0.001500,
,0.000000,
,-0.003000,
,-0.003000,
,-0.004600,
,-0.006000,
,-0.004600,
,-0.003800,
,-0.003000,
,-0.001500,
,-0.002300,
,-0.003000,
,-0.002300,
,-0.001500,
,0.000700,
,0.003000,
,0.002200,
,0.000700,
,0.001500,
,0.001500,
,0.002200,
,0.003000,
,0.001500,
,0.003000,
,0.001500,
,0.001500,
,0.003000,
,0.003700,
,0.003000,
,0.000700,
,-0.000800,
,-0.000800,
,-0.000800,
,-0.000800,
,-0.002300,
,-0.001500,
,-0.003000,
,-0.002300,
,-0.001500,
,-0.001500,
,-0.001500,
,-0.001500,
,0.001500,
,0.001500,
,0.001500,
,0.001500,
,0.001500,
,0.000700,
,-0.001500,
,0.000000,
,-0.000800,
,-0.001500,
,0.000700,
,0.001500,
,0.007500,
,0.006000,
,0.000000,
,0.001500,
,0.000000,
,-0.000800,
,-0.000800,
,0.000000,
,0.001500,
,0.002200,
,0.003000,
,-0.000800,
,-0.001500,
,-0.000800,
,0.000700,
,0.003000,
,0.004500,
,0.005200,
,0.002200,
,0.001500,
,0.003000,
,0.002200,
,-0.000800,
,-0.000800,
,-0.000800,
,-0.002300,
,-0.004600,
,-0.003000,
,-0.002300,
,-0.003800,
,-0.002300,
,-0.002300,
,-0.000800,
,0.000700,
,-0.001500,
,-0.003000,
,-0.004600,
,-0.002300,
,-0.003800,
,-0.004600,
,-0.001500,
,-0.000800,
,0.002200,
,0.003700,
,0.003000,
,0.003000,
,0.003000,
,0.003000,
,0.004500,
,0.002200,
,0.001500,
,0.000700,
,0.000700,
,0.001500,
,0.003000,
,0.003700,
,0.003000,
,0.003700,
,0.003700,
,0.003000,
,0.003700,
,0.000700,
,-0.002300,
,-0.004600,
,-0.005300,
,-0.006800,
,-0.006000,
,-0.006000,
,-0.007500,
,-0.008300,
,-0.005300,
,-0.003000,
,-0.001500,
,-0.000800,
,-0.003800,
,-0.003800,
,-0.003000,
,-0.003000,
,-0.002300,
,-0.000800,
,0.002200,
,0.005200,
,0.008200,
,0.006700,
,0.007500,
,0.008200,
,0.008200,
,0.005200,
,0.003000,
,0.001500,
,-0.000800,
,-0.001500,
,-0.002300,
,-0.000800,
,-0.000800,
,-0.001500,
,-0.004600,
,-0.005300,
,-0.008300,
,-0.008300,
,-0.006800,
,-0.006800,
,-0.005300,
,-0.003000,
,0.001500,
,0.005200,
,0.009000,
,0.006700,
,0.003700,
,0.004500,
,0.003000,
,0.003000,
,0.001500,
,0.000700,
,0.000700,
,0.000700,
,0.000700,
,0.000000,
,-0.000800,
,-0.000800,
,-0.000800,
,-0.001500,
,-0.000800,
,-0.001500,
,-0.001500,
,-0.000800,
,-0.000800,
,-0.001500,
,-0.001500,
,-0.000800,
,0.000700,
,0.000700,
,0.001500,
,0.000700,
,-0.001500,
,0.000700,
,0.001500,
,0.000700,
,0.000700,
,0.003000,
,0.000700,
,-0.000800,
,-0.000800,
,-0.000800,
,0.003000,
,0.001500,
,0.000700,
,0.001500,
,0.001500,
,0.000700,
,0.003000,
,0.003700,
,0.004500,
,0.004500,
,0.004500,
,0.006000,
,0.003000,
,0.003000,
,0.005200,
,0.003000,
,0.000700,
,-0.003000,
,-0.004600,
,-0.006800,
,-0.006800,
,-0.005300,
,-0.003800,
,-0.003800,
,-0.000800,
,-0.000800,
,-0.000800,
,-0.001500,
,-0.003800,
,-0.002300,
,-0.002300,
,-0.000800,
,-0.001500,
,-0.003000,
,-0.003800,
,-0.005300,
,-0.005300,
,-0.004600,
,-0.004600,
,-0.004600,
,-0.003000,
,0.000700,
,0.003000,
,0.002200,
,0.003000,
,0.005200,
,0.005200,
,0.004500,
,0.003700,
,0.004500,
,0.003000,
,0.000700,
,0.001500,
,0.002200,
,0.003000,
,0.002200,
,0.000700,
,0.001500,
,0.003000,
,0.003000,
,0.003000,
,0.000700,
,-0.000800,
,-0.001500,
,-0.000800,
,0.000000,
,-0.000800,
,-0.003000,
,-0.004600,
,-0.003000,
,-0.001500,
,-0.001500,
,-0.000800,
,0.000000,
,0.003000,
,0.004500,
,0.005200,
,0.005200,
,0.001500,
,-0.001500,
,-0.001500,
,-0.003000,
,-0.004600,
,-0.003800,
,-0.004600,
,-0.003800,
,-0.002300,
,-0.003000,
,-0.002300,
,-0.001500,
,-0.002300,
,-0.003800,
,-0.003000,
,-0.000800,
,0.000700,
,0.003000,
,0.003700,
,0.004500,
,0.003000,
,0.003700,
,0.003000,
,0.003000,
,0.005200,
,0.005200,
,0.005200,
,0.003000,
,0.003000,
,0.001500,
,0.000000,
,0.000700,
,-0.001500,
,-0.004600,
,-0.003000,
,-0.003000,
,-0.003800,
,-0.007500,
,-0.006800,
,-0.004600,
,-0.005300,
,-0.003000,
,-0.004600,
,-0.003800,
,-0.001500,
,-0.003000,
,-0.000800,
,0.002200,
,0.003000,
,0.005200,
,0.004500,
,0.002200,
,0.004500,
,0.006000,
,0.004500,
,0.003000,
,0.003000,
,0.001500,
,0.000000,
,-0.001500,
,-0.002300,
,-0.003000,
,-0.001500,
,0.001500,
,0.000000,
,-0.000800,
,-0.001500,
,-0.001500,
,-0.000800,
,0.000000,
,0.000700,
,-0.000800,
,0.000700,
,0.002200,
,0.003000,
,0.001500,
,0.001500,
,0.003000,
,0.003000,
,0.001500,
,-0.001500,
,-0.003000,
,-0.004600,
,-0.004600,
,-0.003000,
,-0.000800,
,-0.000800,
,0.001500,
,0.005200,
,0.003700,
,0.002200,
,0.001500,
,0.003000,
,0.003000,
,0.001500,
,0.000700,
,0.001500,
,-0.000800,
,-0.003000,
,-0.001500,
,-0.001500,
,-0.003800,
,-0.003000,
,-0.003800,
,-0.005300,
,-0.001500,
,-0.000800,
,-0.000800,
,-0.002300,
,-0.007500,
,-0.006800,
,-0.003800,
,-0.001500,
,0.000700,
,0.002200,
,0.003700,
,0.002200,
,0.000700,
,0.000700,
,0.002200,
,0.002200,
,0.003000,
,0.000700,
,0.001500,
,0.002200,
,0.001500,
,0.004500,
,0.003700,
,0.002200,
,0.000000,
,0.001500,
,0.003000,
,0.003700,
,0.002200,
,0.001500,
,0.001500,
,-0.000800,
,-0.002300,
,-0.000800,
,0.003000,
,0.003000,
,0.000700,
,-0.003000,
,-0.006800,
,-0.005300,
,-0.003000,
,-0.005300,
,-0.004600,
,-0.002300,
,-0.003000,
,-0.000800,
,0.000000,
,0.000000,
,-0.001500,
,-0.000800,
,0.000700,
,-0.000800,
,-0.001500,
,-0.001500,
,0.000700,
,0.000700,
,0.001500,
,0.005200,
,0.008200,
,0.005200,
,0.000000,
,-0.001500,
,-0.001500,
,-0.000800,
,0.000000,
,0.001500,
,0.000700,
,-0.001500,
,0.001500,
,0.003700,
,0.006700,
,0.006700,
,0.003000,
,0.000700,
,-0.002300,
,-0.003000,
,-0.005300,
,-0.005300,
,-0.002300,
,0.000000,
,0.002200,
,0.000700,
,-0.000800,
,-0.000800,
,0.003000,
,0.003700,
,0.000700,
,-0.000800,
,-0.003000,
,-0.000800,
,0.000700,
,-0.003000,
,-0.000800,
,0.000000,
,-0.000800,
,-0.000800,
,-0.003000,
,0.000700,
,0.003000,
,0.000700,
,0.000700,
,0.000700,
,0.002200,
,0.003700,
,0.000700,
,-0.000800,
,-0.003000,
,-0.006800,
,-0.007500,
,-0.006800,
,-0.006800,
,-0.009100,
,-0.009100,
,-0.005300,
,-0.000800,
,0.004500,
,0.006000,
,0.003000,
,0.000000,
,-0.001500,
,-0.002300,
,-0.001500,
,-0.000800,
,0.000700,
,0.000700,
,0.001500,
,0.003700,
,0.003000,
,0.001500,
,0.001500,
,0.003700,
,0.004500,
,0.002200,
,0.001500,
,0.001500,
,0.002200,
,-0.002300,
,-0.003000,
,0.000000,
,0.001500,
,-0.000800,
,0.000700,
,0.005200,
,0.004500,
,0.001500,
,-0.001500,
,-0.001500,
,-0.004600,
,-0.005300,
,-0.005300,
,-0.003000,
,0.003700,
,0.009700,
,0.013500,
,0.014200,
,0.010500,
,0.004500,
,0.001500,
,-0.000800,
,-0.002300,
,-0.002300,
,-0.008300,
,-0.009100,
,-0.003800,
,-0.000800,
,-0.004600,
,-0.005300,
,-0.006800,
,-0.006800,
,-0.007500,
,-0.007500,
,-0.004600,
,-0.001500,
,0.000700,
,0.007500,
,0.014200,
,0.017200,
,0.016500,
,0.010500,
,0.005200,
,0.003700,
,-0.000800,
,-0.003800,
,-0.003000,
,-0.003800,
,-0.005300,
,-0.005300,
,-0.005300,
,-0.001500,
,0.004500,
,0.006000,
,0.003000,
,0.000700,
,-0.001500,
,-0.001500,
,-0.000800,
,-0.000800,
,-0.001500,
,-0.006000,
,-0.008300,
,-0.007500,
,-0.004600,
,-0.001500,
,-0.004600,
,-0.005300,
,-0.003000,
,-0.006800,
,-0.007500,
,-0.002300,
,0.002200,
,0.005200,
,0.005200,
,0.005200,
,0.006700,
,0.006700,
,0.005200,
,0.005200,
,0.003000,
,0.000700,
,0.001500,
,0.001500,
,0.002200,
,0.002200,
,0.003000,
,0.004500,
,0.002200,
,0.002200,
,0.002200,
,-0.000800,
,-0.000800,
,-0.003000,
,-0.003800,
,-0.004600,
,-0.004600,
,-0.003800,
,-0.000800,
,0.004500,
,0.005200,
,0.005200,
,0.003000,
,-0.001500,
,-0.002300,
,-0.003000,
,-0.001500,
,-0.001500,
,-0.000800,
,0.000000,
,0.002200,
,0.001500,
,-0.000800,
,-0.003000,
,-0.006800,
,-0.009100,
,-0.009100,
,-0.003800,
,0.000700,
,0.007500,
,0.012000,
,0.015000,
,0.011200,
,0.003700,
,0.000700,
,0.000700,
,0.001500,
,-0.001500,
,-0.006000,
,-0.009800,
,-0.010500,
,-0.003000,
,0.005200,
,0.005200,
,0.003000,
,0.001500,
,-0.000800,
,-0.001500,
,-0.001500,
,0.000700,
,-0.000800,
,-0.003000,
,-0.001500,
,-0.003000,
,-0.001500,
,0.000700,
,0.006700,
,0.005200,
,0.001500,
,-0.001500,
,-0.008300,
,-0.009100,
,-0.008300,
,-0.004600,
,-0.003000,
,-0.001500,
,-0.002300,
,-0.003800,
,-0.003800,
,-0.005300,
,-0.005300,
,-0.001500,
,-0.000800,
,-0.001500,
,-0.001500,
,-0.002300,
,0.000000,
,0.000700,
,0.000700,
,-0.000800,
,-0.000800,
,0.001500,
,0.000700,
,0.003000,
,0.005200,
,0.006700,
,0.005200,
,0.006700,
,0.007500,
,0.006700,
,0.009000,
,0.004500,
,0.003000,
,-0.000800,
,-0.006800,
,-0.009100,
,-0.006800,
,-0.001500,
,0.000700,
,0.005200,
,0.005200,
,0.004500,
,0.003000,
,0.000700,
,-0.002300,
,-0.001500,
,0.001500,
,0.000700,
,-0.003000,
,-0.006800,
,-0.006000,
,-0.005300,
,-0.003800,
,-0.003000,
,-0.003800,
,-0.003800,
,-0.001500,
,0.003000,
,0.006700,
,0.006700,
,0.003700,
,-0.000800,
,-0.004600,
,-0.005300,
,-0.006000,
,-0.003000,
,0.001500,
,0.003000,
,0.004500,
,0.006700,
,0.008200,
,0.003700,
,-0.000800,
,-0.001500,
,-0.001500,
,-0.000800,
,-0.003000,
,-0.003000,
,-0.001500,
,0.000700,
,0.000700,
,0.001500,
,0.000700,
,0.000000,
,0.000700,
,0.000000,
,-0.000800,
,-0.003800,
,-0.004600,
,-0.003000,
,-0.001500,
,-0.000800,
,-0.000800,
,0.001500,
,0.000700,
,0.003000,
,0.005200,
,0.003000,
,0.003000,
,0.001500,
,-0.002300,
,0.000700,
,0.001500,
,0.001500,
,0.002200,
,-0.002300,
,-0.001500,
,0.000700,
,0.000700,
,0.002200,
,0.000700,
,-0.003000,
,-0.004600,
,0.000000,
,0.004500,
,0.002200,
,0.001500,
,0.003700,
,0.006700,
,0.006700,
,0.002200,
,0.000700,
,0.000000,
,-0.000800,
,-0.000800,
,0.000700,
,-0.001500,
,-0.003800,
,-0.001500,
,-0.001500,
,-0.004600,
,-0.003800,
,-0.001500,
,-0.001500,
,-0.000800,
,-0.001500,
,-0.001500,
,0.000700,
,0.000700,
,0.000700,
,0.003000,
,0.003000,
,0.003700,
,0.003000,
,0.002200,
,-0.000800,
,-0.000800,
,-0.000800,
,-0.003000,
,-0.000800,
,0.000700,
,0.001500,
,0.003000,
,0.003000,
,0.000700,
,0.000700,
,0.001500,
,0.000700,
,-0.000800,
,0.000700,
,0.001500,
,0.000700,
,0.000000,
,-0.004600,
,-0.003000,
,0.000000,
,0.001500,
,0.001500,
,-0.001500,
,-0.003000,
,-0.000800,
,-0.001500,
,-0.004600,
,-0.005300,
,-0.004600,
,-0.002300,
,-0.003800,
,-0.005300,
,-0.004600,
,-0.003000,
,-0.002300,
,-0.000800,
,-0.000800,
,0.000700,
,0.003000,
,0.003000,
,0.000700,
,0.000000,
,0.001500,
,0.000700,
,0.001500,
,0.002200,
,0.000700,
,-0.000800,
,0.003700,
,0.006700,
,0.003000,
,0.001500,
,0.003000,
,0.001500,
,0.000700,
,-0.003000,
,-0.004600,
,-0.003000,
,-0.004600,
,-0.004600,
,-0.003000,
,-0.003000,
,-0.003000,
,-0.001500,
,-0.000800,
,0.003000,
,0.006000,
,0.004500,
,0.001500,
,0.000700,
,0.001500,
,0.004500,
,0.008200,
,0.008200,
,0.001500,
,-0.000800,
,-0.000800,
,-0.001500,
,0.000000,
,0.001500,
,-0.000800,
,-0.003000,
,-0.000800,
,-0.000800,
,-0.003000,
,-0.001500,
,-0.001500,
,-0.003000,
,-0.002300,
,-0.002300,
,-0.000800,
,-0.001500,
,-0.001500,
,0.002200,
,0.004500,
,0.004500,
,0.002200,
,-0.000800,
,-0.001500,
,-0.003000,
,-0.002300,
,-0.001500,
,-0.001500,
,0.000700,
,0.000700,
,0.000700,
,0.003000,
,0.001500,
,0.003000,
,0.001500,
,0.000000,
,0.000700,
,0.001500,
,0.003700,
,0.003000,
,0.000700,
,-0.001500,
,-0.003000,
,-0.001500,
,0.000700,
,-0.000800,
,-0.003000,
,-0.006000,
,-0.008300,
,-0.004600,
,-0.001500,
,0.001500,
,0.001500,
,-0.003000,
,-0.000800,
,-0.000800,
,0.001500,
,0.000000,
,-0.000800,
,0.001500,
,0.000700,
,0.000700,
,-0.001500,
,0.001500,
,0.004500,
,0.005200,
,0.004500,
,0.001500,
,0.003000,
,0.003000,
,0.002200,
,-0.000800,
,0.000000,
,0.000700,
,0.000000,
,0.000700,
,0.000700,
,0.001500,
,0.000700,
,0.000700,
,0.001500,
,0.001500,
,0.003000,
,0.001500,
,0.000000,
,-0.000800,
,0.001500,
,0.001500,
,0.003000,
,0.002200,
,-0.000800,
,0.001500,
,0.001500,
,0.000000,
,0.000000,
,-0.001500,
,-0.004600,
,-0.005300,
,-0.005300,
,-0.006000,
,-0.003000,
,-0.002300,
,0.000000,
,0.000700,
,0.001500,
,0.003000,
,0.001500,
,0.003000,
,0.002200,
,0.002200,
,0.002200,
,0.000000,
,-0.000800,
,-0.002300,
,-0.003000,
,-0.003000,
,-0.004600,
,-0.003000,
,-0.004600,
,-0.003800,
,-0.003000,
,-0.003000,
,-0.002300,
,-0.001500,
,0.000700,
,0.003700,
,0.006700,
,0.006000,
,0.004500,
,0.002200,
,-0.003000,
,-0.005300,
,-0.004600,
,-0.002300,
,-0.001500,
,-0.001500,
,-0.000800,
,-0.001500,
,-0.000800,
,0.001500,
,0.000000,
,0.000000,
,0.003000,
,0.003000,
,0.001500,
,0.001500,
,0.002200,
,0.000700,
,0.000000,
,-0.001500,
,-0.000800,
,-0.000800,
,0.000000,
,0.003000,
,0.001500,
,0.000700,
,-0.000800,
,0.000700,
,0.003000,
,0.003700,
,0.003000,
,0.002200,
,0.002200,
,-0.000800,
,-0.003000,
,-0.001500,
,-0.000800,
,-0.001500,
,-0.001500,
,-0.003000,
,-0.004600,
,-0.001500,
,-0.000800,
,-0.000800,
,-0.001500,
,-0.003000,
,-0.003800,
,-0.001500,
,0.000700,
,-0.000800,
,0.000700,
,-0.002300,
,-0.004600,
,-0.002300,
,-0.003000,
,-0.004600,
,-0.003000,
,-0.001500,
,-0.000800,
,-0.000800,
,-0.000800,
,-0.001500,
,-0.000800,
,0.000700,
,0.001500,
,0.000000,
,0.002200,
,0.004500,
,0.004500,
,0.005200,
,0.004500,
,0.004500,
,0.003000,
,0.003000,
,0.001500,
,0.000700,
,0.001500,
,-0.000800,
,0.000700,
,0.000700,
,-0.000800,
,-0.001500,
,-0.000800,
,-0.003000,
,-0.002300,
,-0.000800,
,-0.001500,
,0.000700,
,-0.000800,
,-0.000800,
,0.003000,
,0.003000,
,0.001500,
,0.000000,
,0.001500,
,0.003000,
,0.003700,
,0.003000,
,0.003000,
,0.003000,
,-0.000800,
,-0.001500,
,-0.000800,
,0.000700,
,-0.000800,
,0.000700,
,0.003000,
,0.002200,
,0.001500,
,0.001500,
,0.001500,
,0.001500,
,0.002200,
,0.002200,
,0.001500,
,0.005200,
,0.003700,
,-0.002300,
,-0.003000,
,-0.004600,
,-0.006800,
,-0.006800,
,-0.006800,
,-0.006800,
,-0.002300,
,-0.000800,
,0.000000,
,0.003000,
,0.000700,
,0.000000,
,0.001500,
,0.001500,
,0.001500,
,0.000700,
,0.000000,
,0.000000,
,-0.000800,
,-0.000800,
,0.000700,
,0.000700,
,0.000700,
,0.000700,
,0.001500,
,0.003000,
,-0.000800,
,-0.003000,
,-0.001500,
,-0.001500,
,-0.000800,
,0.000000,
,0.000000,
,-0.000800,
,0.003700,
,0.001500,
,0.000000,
,0.000000,
,-0.000800,
,0.002200,
,0.001500,
,0.001500,
,0.003000,
,0.004500,
,0.003700,
,0.001500,
,0.002200,
,0.001500,
,0.000700,
,-0.000800,
,-0.001500,
,-0.001500,
,-0.001500,
,0.000000,
,0.001500,
,0.000000,
,-0.000800,
,-0.003000,
,-0.001500,
,-0.001500,
,-0.003800,
,-0.003800,
,-0.005300,
,-0.005300,
,-0.003000,
,0.000000,
,0.000000,
,0.000700,
,0.000000,
,0.000700,
,0.002200,
,0.000000,
,-0.000800,
,-0.001500,
,-0.002300,
,0.000700,
,0.000700,
,0.000700,
,-0.000800,
,-0.001500,
,-0.000800,
,-0.000800,
,-0.001500,
,-0.000800,
,0.000700,
,0.000700,
,0.000700,
,0.000000,
,0.000700,
,0.000000,
,-0.001500,
,-0.001500,
,-0.002300,
,0.000000,
,0.000000,
,-0.000800,
,-0.000800,
,-0.000800,
,-0.000800,
,-0.000800,
,-0.001500,
,-0.000800,
,0.000000,
,-0.001500,
,-0.000800,
,-0.000800,
,0.000700,
,0.001500,
,0.001500,
,0.003700,
,0.002200,
,0.003000,
,0.003000,
,0.000000,
,-0.000800,
,-0.001500,
,-0.001500,
,-0.000800,
,-0.000800,
,0.000700,
,0.000700,
,-0.001500,
,-0.001500,
,0.000000,
,-0.000800,
,0.000700,
,0.001500,
,0.003700,
,0.005200,
,0.000700,
,-0.002300,
,-0.001500,
,0.000700,
,0.002200,
,0.001500,
,0.000700,
,-0.001500,
,0.000000,
,0.001500,
,0.000700,
,-0.000800,
,0.000700,
,-0.000800,
,0.001500,
,-0.000800,
,-0.003000,
,0.000700,
,-0.001500,
,-0.001500,
,-0.000800,
,-0.000800,
,-0.000800,
,-0.003000,
,-0.001500,
,0.000000,
,0.001500,
,0.002200,
,0.000700,
,-0.000800,
,-0.002300,
,-0.001500,
,-0.000800,
,0.002200,
,0.003700,
,0.003000,
,0.003000,
,0.004500,
,0.004500,
,0.005200,
,0.004500,
,0.001500,
,0.000700,
,-0.001500,
,-0.000800,
,0.001500,
,-0.000800,
,0.000700,
,0.000700,
,0.001500,
,0.001500,
,0.000000,
,0.000700,
,0.000000,
,-0.000800,
,0.001500,
,0.003000,
,0.002200,
,0.003000,
,0.003000,
,0.002200,
,0.001500,
,0.002200,
,0.000700,
,-0.001500,
,-0.000800,
,0.001500,
,0.001500,
,0.003000,
,0.003000,
,0.002200,
,-0.000800,
,0.000700,
,-0.000800,
,-0.001500,
,0.001500,
,0.000000,
,0.000700,
,0.000700,
,0.000000,
,-0.001500,
,-0.003000,
,-0.001500,
,-0.001500,
,0.000000,
,0.000700,
,0.000700,
,0.000000,
,-0.001500,
,-0.001500,
,-0.001500,
,-0.001500,
,-0.001500,
,-0.000800,
,-0.000800,
,-0.003000,
,-0.003800,
,-0.002300,
,-0.001500,
,0.000700,
,-0.000800,
,-0.001500,
,-0.003800,
,-0.005300,
,-0.005300,
,-0.004600,
,-0.004600,
,-0.005300,
,-0.003000,
,-0.001500,
,-0.000800,
,0.002200,
,0.004500,
,0.004500,
,0.004500,
,0.003000,
,0.003000,
,0.003700,
,0.004500,
,0.002200,
,0.001500,
,0.002200,
,-0.000800,
,0.000700,
,0.000700,
,0.000000,
,-0.000800,
,0.001500,
,0.003000,
,0.003000,
,0.003000,
,0.001500,
,0.001500,
,0.003000,
,0.003000,
,0.000700,
,-0.002300,
,-0.003800,
,-0.005300,
,-0.004600,
,-0.004600,
,-0.004600,
,-0.003800,
,-0.004600,
,-0.004600,
,-0.003000,
,-0.003000,
,-0.001500,
,-0.003800,
,-0.005300,
,-0.005300,
,-0.003000,
,0.000700,
,0.000000,
,0.000000,
,0.001500,
,0.000700,
,0.000700,
,0.000700,
,-0.000800,
,0.000700,
,0.001500,
,0.005200,
,0.006700,
,0.003000,
,0.003000,
,0.001500,
,-0.001500,
,0.000000,
,0.002200,
,0.001500,
,0.000700,
,0.001500,
,0.002200,
,0.003000,
,0.003000,
,0.005200,
,0.004500,
,0.003000,
,0.004500,
,0.003000,
,0.003700,
,0.004500,
,0.001500,
,-0.000800,
,-0.002300,
,-0.005300,
,-0.004600,
,-0.001500,
,0.000700,
,0.001500,
,0.001500,
,0.000700,
,0.001500,
,0.000000,
,-0.000800,
,0.000000,
,-0.001500,
,-0.001500,
,-0.001500,
,0.000000,
,-0.000800,
,-0.004600,
,-0.004600,
,-0.001500,
,-0.001500,
,-0.000800,
,0.001500,
,0.000700,
,-0.000800,
,0.000700,
,0.000700,
,0.000700,
,0.001500,
,0.000000,
,-0.000800,
,0.000700,
,-0.000800,
,0.000700,
,-0.001500,
,-0.001500,
,0.001500,
,0.001500,
,-0.000800,
,-0.001500,
,0.000700,
,0.000000,
,-0.003000,
,-0.002300,
,-0.001500,
,-0.002300,
,-0.002300,
,-0.001500,
,-0.002300,
,-0.003000,
,-0.000800,
,-0.000800,
,-0.001500,
,-0.003000,
,-0.003800,
,-0.001500,
,0.000000,
,0.003000,
,0.001500,
,-0.001500,
,0.000700,
,-0.000800,
,-0.000800,
,0.000700,
,0.002200,
,0.004500,
,0.003000,
,0.003000,
,0.003000,
,0.003000,
,0.003000,
,0.002200,
,0.003000,
,0.003000,
,0.003000,
,0.002200,
,0.002200,
,0.003000,
,0.001500,
,0.000700,
,0.001500,
,0.001500,
,0.000000,
,-0.000800,
,-0.001500,
,-0.001500,
,-0.001500,
,-0.000800,
,-0.002300,
,-0.001500,
,0.001500,
,0.000700,
,0.003000,
,0.000000,
,-0.001500,
,0.000700,
,0.000700,
,0.000000,
,-0.001500,
,-0.003000,
,-0.003800,
,-0.001500,
,0.001500,
,0.003000,
,0.001500,
,0.000000,
,-0.000800,
,0.000700,
,0.003700,
,0.000700,
,0.000000,
,-0.001500,
,-0.001500,
,-0.001500,
,-0.004600,
,-0.003000,
,-0.003800,
,-0.002300,
,-0.003800,
,-0.004600,
,-0.004600,
,-0.005300,
,-0.000800,
,0.000700,
,0.000700,
,0.001500,
,0.001500,
,0.001500,
,0.001500,
,0.003000,
,0.002200,
,-0.001500,
,-0.001500,
,0.000000,
,0.000700,
,-0.000800,
,-0.001500,
,0.000700,
,0.003700,
,0.005200,
,0.004500,
,0.003000,
,0.001500,
,0.000700,
,0.000000,
,0.000000,
,0.001500,
,0.001500,
,0.003000,
,0.003000,
,0.001500,
,0.001500,
,0.001500,
,-0.000800,
,-0.001500,
,0.000700,
,0.000700,
,-0.000800,
,-0.001500,
,-0.001500,
,0.000700,
,0.001500,
,0.000700,
,-0.001500,
,-0.001500,
,-0.000800,
,-0.000800,
,0.000000,
,0.000700,
,0.000700,
,0.000700,
,-0.001500,
,-0.002300,
,-0.002300,
,-0.000800,
,-0.001500,
,-0.001500,
,0.000700,
,-0.000800,
,-0.001500,
,-0.003000,
,-0.001500,
,-0.000800,
,-0.000800,
,0.000700,
,0.000700,
,0.001500,
,0.002200,
,0.000700,
,0.000700,
,0.000700,
,0.000700,
,0.000700,
,0.001500,
,0.001500,
,-0.000800,
,-0.001500,
,-0.000800,
,0.000000,
,0.001500,
,0.000700,
,-0.000800,
,-0.000800,
,0.000000,
,0.001500,
,0.003000,
,0.003000,
,0.003000,
,0.002200,
,0.000700,
,0.000000,
,-0.000800,
,-0.000800,
,-0.000800,
,-0.002300,
,-0.004600,
,-0.003000,
,-0.002300,
,-0.002300,
,-0.002300,
,-0.002300,
,-0.002300,
,-0.002300,
,-0.002300,
,-0.002300,